ID,Nombre del negocio,Categoria,Grupo,Direccion,Barrio,Localidad,Ciudad,Distancia aprox. (km),Telefono,WhatsApp,Link WhatsApp,Correo electronico,Sitio web,Facebook,Instagram,LinkedIn,Horario de atencion,Calificacion Google,N Resenas,Propietario / Gerente,Persona de contacto,Presencia digital,Score Contacto,Servicios sugeridos,Observaciones comerciales,Prioridad,Fuente,place_id,lat,lon
GYX-8AE05B4FB0,DEMO Abogados Ciudad Bolivar 092,Abogados,Servicios profesionales,Calle 1 Sur #96-14,,Ciudad Bolivar,Bogota D.C.,9.46,+57 300 000 5767,+57 300 000 5767,https://wa.me/573000005767,,,,,,Mo-Sa 08:00-18:00,,,,,BAJA,100,Landing page | CRM | Automatizacion de leads | Power BI | Automatizacion WhatsApp,"Contactar hoy por whatsapp (celular verificado en fuente publica); sin presencia digital, oportunidad alta para paquete completo",ALTA,OpenStreetMap,osm:way/1000092,4.547138,-74.144171
GYX-2FB19C42A6,DEMO Abogados Ciudad Bolivar 212,Abogados,Servicios profesionales,Calle 62 Sur #8-15,,Ciudad Bolivar,Bogota D.C.,11.33,+57 300 000 7606,+57 300 000 7606,https://wa.me/573000007606,,,,,,Mo-Sa 08:00-18:00,,,,,BAJA,100,Landing page | CRM | Automatizacion de leads | Power BI | Automatizacion WhatsApp,"Contactar hoy por whatsapp (celular verificado en fuente publica); sin presencia digital, oportunidad alta para paquete completo",ALTA,OpenStreetMap,osm:way/1000212,4.524771,-74.146744
GYX-0EA2B94757,DEMO Abogados Ciudad Bolivar 312,Abogados,Servicios profesionales,Calle 174 Sur #17-29,,Ciudad Bolivar,Bogota D.C.,10.4,+57 300 000 4911,+57 300 000 4911,https://wa.me/573000004911,,,,,,,,,,,BAJA,100,Landing page | CRM | Automatizacion de leads | Power BI | Automatizacion WhatsApp,"Contactar hoy por whatsapp (celular verificado en fuente publica); sin presencia digital, oportunidad alta para paquete completo; horario no publicado",ALTA,OpenStreetMap,osm:way/1000312,4.53915,-74.148592
GYX-39D9BE944B,DEMO Barberia Tunjuelito 023,Barberia,Belleza,Calle 64 Sur #25-45,,Ciudad Bolivar,Bogota D.C.,8.41,+57 300 000 2601,+57 300 000 2601,https://wa.me/573000002601,,,,,,,,,,,BAJA,100,Agenda online | CRM | Automatizacion de citas | Agente IA | Pagina web,"Contactar hoy por whatsapp (celular verificado en fuente publica); sin presencia digital, oportunidad alta para paquete completo; horario no publicado",ALTA,OpenStreetMap,osm:node/1000023,4.554244,-74.137588
GYX-272D2C9101,DEMO Barberia Tunjuelito 283,Barberia,Belleza,Calle 170 Sur #12-52,,Tunjuelito,Bogota D.C.,8.01,+57 300 000 8868,+57 300 000 8868,https://wa.me/573000008868,,,,,,Mo-Sa 08:00-18:00,,,,,BAJA,100,Agenda online | CRM | Automatizacion de citas | Agente IA | Pagina web,"Contactar hoy por whatsapp (celular verificado en fuente publica); sin presencia digital, oportunidad alta para paquete completo",ALTA,OpenStreetMap,osm:node/1000283,4.57937,-74.145623
GYX-E4EB2F8938,DEMO Contaduria Kennedy 031,Contaduria,Servicios profesionales,Calle 69 Sur #80-26,,Kennedy,Bogota D.C.,6.87,+57 300 000 4906,+57 300 000 4906,https://wa.me/573000004906,,,,,,,,,,,BAJA,100,Landing page | CRM | Automatizacion de leads | Power BI | Automatizacion WhatsApp,"Contactar hoy por whatsapp (celular verificado en fuente publica); sin presencia digital, oportunidad alta para paquete completo; horario no publicado",ALTA,OpenStreetMap,osm:node/1000031,4.622123,-74.132933
GYX-9BDA2DA796,DEMO Contaduria Kennedy 051,Contaduria,Servicios profesionales,Calle 77 Sur #33-93,,Kennedy,Bogota D.C.,9.21,+57 300 000 4910,+57 300 000 4910,https://wa.me/573000004910,,,,,,Mo-Sa 08:00-18:00,,,,,BAJA,100,Landing page | CRM | Automatizacion de leads | Power BI | Automatizacion WhatsApp,"Contactar hoy por whatsapp (celular verificado en fuente publica); sin presencia digital, oportunidad alta para paquete completo",ALTA,OpenStreetMap,osm:node/1000051,4.618887,-74.156253
GYX-B625FE3F21,DEMO Contaduria Kennedy 071,Contaduria,Servicios profesionales,Calle 115 Sur #23-39,,Kennedy,Bogota D.C.,8.65,+57 300 000 8551,+57 300 000 8551,https://wa.me/573000008551,,,,,,,,,,,BAJA,100,Landing page | CRM | Automatizacion de leads | Power BI | Automatizacion WhatsApp,"Contactar hoy por whatsapp (celular verificado en fuente publica); sin presencia digital, oportunidad alta para paquete completo; horario no publicado",ALTA,OpenStreetMap,osm:node/1000071,4.608334,-74.153158
GYX-07A9996CFD,DEMO Contaduria Kennedy 111,Contaduria,Servicios profesionales,Calle 179 Sur #31-74,,Kennedy,Bogota D.C.,8.43,+57 300 000 5939,+57 300 000 5939,https://wa.me/573000005939,,,,,,,,,,,BAJA,100,Landing page | CRM | Automatizacion de leads | Power BI | Automatizacion WhatsApp,"Contactar hoy por whatsapp (celular verificado en fuente publica); sin presencia digital, oportunidad alta para paquete completo; horario no publicado",ALTA,OpenStreetMap,osm:node/1000111,4.605042,-74.151519
GYX-6059C868D8,DEMO Contaduria Kennedy 171,Contaduria,Servicios profesionales,Calle 139 Sur #5-89,,Kennedy,Bogota D.C.,9.78,+57 300 000 2993,+57 300 000 2993,https://wa.me/573000002993,,,,,,,,,,,BAJA,100,Landing page | CRM | Automatizacion de leads | Power BI | Automatizacion WhatsApp,"Contactar hoy por whatsapp (celular verificado en fuente publica); sin presencia digital, oportunidad alta para paquete completo; horario no publicado",ALTA,OpenStreetMap,osm:node/1000171,4.627138,-74.159063
GYX-C6361B1D2C,DEMO Contaduria Kennedy 191,Contaduria,Servicios profesionales,Calle 65 Sur #64-18,,Kennedy,Bogota D.C.,8.87,+57 300 000 7386,+57 300 000 7386,https://wa.me/573000007386,,,,,,,,,DEMO Operador 8,,BAJA,100,Landing page | CRM | Automatizacion de leads | Power BI | Automatizacion WhatsApp,"Contactar hoy por whatsapp (celular verificado en fuente publica); sin presencia digital, oportunidad alta para paquete completo; horario no publicado",ALTA,OpenStreetMap,osm:node/1000191,4.618218,-74.153265
GYX-21F7A17F48,DEMO Drogueria Fontibon 114,Drogueria,Salud,Calle 66 Sur #78-61,,Fontibon,Bogota D.C.,12.54,+57 300 000 4969,+57 300 000 4969,https://wa.me/573000004969,,,,,,,,,,,BAJA,100,Agenda online | CRM | Automatizacion de citas | Agente IA | Pagina web,"Contactar hoy por whatsapp (celular verificado en fuente publica); sin presencia digital, oportunidad alta para paquete completo; horario no publicado",ALTA,OpenStreetMap,osm:node/1000114,4.661849,-74.169115
GYX-DCD2FE5000,DEMO Drogueria Fontibon 214,Drogueria,Salud,Calle 109 Sur #19-46,,Fontibon,Bogota D.C.,11.83,+57 300 000 1906,+57 300 000 1906,https://wa.me/573000001906,,,,,,,,,,,BAJA,100,Agenda online | CRM | Automatizacion de citas | Agente IA | Pagina web,"Contactar hoy por whatsapp (celular verificado en fuente publica); sin presencia digital, oportunidad alta para paquete completo; horario no publicado",ALTA,OpenStreetMap,osm:node/1000214,4.684213,-74.138523
GYX-F4083D30AA,DEMO Drogueria Fontibon 274,Drogueria,Salud,Calle 19 Sur #77-73,,Fontibon,Bogota D.C.,8.92,+57 300 000 3689,+57 300 000 3689,https://wa.me/573000003689,,,,,,Mo-Sa 08:00-18:00,,,,,BAJA,100,Agenda online | CRM | Automatizacion de citas | Agente IA | Pagina web,"Contactar hoy por whatsapp (celular verificado en fuente publica); sin presencia digital, oportunidad alta para paquete completo",ALTA,OpenStreetMap,osm:node/1000274,4.651959,-74.135495
GYX-53C5BC620F,DEMO Estetica Fontibon 104,Centro estetico,Belleza,Calle 74 Sur #62-22,,Fontibon,Bogota D.C.,12.15,+57 300 000 4358,+57 300 000 4358,https://wa.me/573000004358,,,,,,,,,DEMO Operador 12,,BAJA,100,Agenda online | CRM | Automatizacion de citas | Agente IA | Pagina web,"Contactar hoy por whatsapp (celular verificado en fuente publica); sin presencia digital, oportunidad alta para paquete completo; horario no publicado",ALTA,OpenStreetMap,osm:way/1000104,4.683002,-74.144739
GYX-11D90417C0,DEMO Estetica Fontibon 144,Centro estetico,Belleza,Calle 60 Sur #40-87,,Fontibon,Bogota D.C.,11.81,+57 300 000 7479,+57 300 000 7479,https://wa.me/573000007479,,,,,,,,,,,BAJA,100,Agenda online | CRM | Automatizacion de citas | Agente IA | Pagina web,"Contactar hoy por whatsapp (celular verificado en fuente publica); sin presencia digital, oportunidad alta para paquete completo; horario no publicado",ALTA,OpenStreetMap,osm:way/1000144,4.66939,-74.15473
GYX-5C0C881A21,DEMO Ferreteria Tunjuelito 073,Ferreteria,Comercio,Calle 63 Sur #65-77,,Tunjuelito,Bogota D.C.,8.52,+57 300 000 2647,+57 300 000 2647,https://wa.me/573000002647,,,,,,,,,,,BAJA,100,Inventario | Dashboard BI | Catalogo digital | Pagina web | Automatizacion WhatsApp | Gestion de redes,"Contactar hoy por whatsapp (celular verificado en fuente publica); sin presencia digital, oportunidad alta para paquete completo; horario no publicado",ALTA,OpenStreetMap,osm:node/1000073,4.563054,-74.144157
GYX-EC26182539,DEMO Ferreteria Tunjuelito 173,Ferreteria,Comercio,Calle 23 Sur #95-79,,Tunjuelito,Bogota D.C.,9.2,+57 300 000 8440,+57 300 000 8440,https://wa.me/573000008440,,,,,,,,,,,BAJA,100,Inventario | Dashboard BI | Catalogo digital | Pagina web | Automatizacion WhatsApp | Gestion de redes,"Contactar hoy por whatsapp (celular verificado en fuente publica); sin presencia digital, oportunidad alta para paquete completo; horario no publicado",ALTA,OpenStreetMap,osm:node/1000173,4.561532,-74.150264
GYX-F4C9D19069,DEMO Gimnasio Engativa 245,Gimnasio,Bienestar,Calle 103 Sur #87-54,,Engativa,Bogota D.C.,9.49,+57 300 000 7160,+57 300 000 7160,https://wa.me/573000007160,,,,,,Mo-Sa 08:00-18:00,,,,,BAJA,100,Agenda online | CRM | Automatizacion de citas | Agente IA | Pagina web,"Contactar hoy por whatsapp (celular verificado en fuente publica); sin presencia digital, oportunidad alta para paquete completo",ALTA,OpenStreetMap,osm:node/1000245,4.680617,-74.09773
GYX-0F168785F5,DEMO Gimnasio Engativa 285,Gimnasio,Bienestar,Calle 129 Sur #31-22,,Engativa,Bogota D.C.,10.4,+57 300 000 1879,+57 300 000 1879,https://wa.me/573000001879,,,,,,Mo-Sa 08:00-18:00,,,,,BAJA,100,Agenda online | CRM | Automatizacion de citas | Agente IA | Pagina web,"Contactar hoy por whatsapp (celular verificado en fuente publica); sin presencia digital, oportunidad alta para paquete completo",ALTA,OpenStreetMap,osm:node/1000285,4.689595,-74.095139
GYX-2CB7B43D32,DEMO Odontologia Bosa 020,Odontologia,Salud,Calle 55 Sur #4-42,,Bosa,Bogota D.C.,11.01,+57 300 000 9211,+57 300 000 9211,https://wa.me/573000009211,,,,,,Mo-Sa 08:00-18:00,,,,,BAJA,100,Agenda online | CRM | Automatizacion de citas | Agente IA | Pagina web,"Contactar hoy por whatsapp (celular verificado en fuente publica); sin presencia digital, oportunidad alta para paquete completo",ALTA,OpenStreetMap,osm:way/1000020,4.597352,-74.17513
GYX-9904F1AD65,DEMO Odontologia Bosa 040,Odontologia,Salud,Calle 165 Sur #30-20,,Bosa,Bogota D.C.,10.7,+57 300 000 3180,+57 300 000 3180,https://wa.me/573000003180,,,,,,Mo-Sa 08:00-18:00,,,DEMO Operador 18,,BAJA,100,Agenda online | CRM | Automatizacion de citas | Agente IA | Pagina web,"Contactar hoy por whatsapp (celular verificado en fuente publica); sin presencia digital, oportunidad alta para paquete completo",ALTA,OpenStreetMap,osm:way/1000040,4.608447,-74.171757
GYX-E9EBC7469D,DEMO Odontologia Bosa 080,Odontologia,Salud,Calle 134 Sur #22-18,,Bosa,Bogota D.C.,13.69,+57 300 000 9036,+57 300 000 9036,https://wa.me/573000009036,,,,,,,,,DEMO Operador 16,,BAJA,100,Agenda online | CRM | Automatizacion de citas | Agente IA | Pagina web,"Contactar hoy por whatsapp (celular verificado en fuente publica); sin presencia digital, oportunidad alta para paquete completo; horario no publicado",ALTA,OpenStreetMap,osm:way/1000080,4.585835,-74.198668
GYX-CFD21A9C42,DEMO Odontologia Bosa 120,Odontologia,Salud,Calle 149 Sur #34-23,,Bosa,Bogota D.C.,11.91,+57 300 000 7561,+57 300 000 7561,https://wa.me/573000007561,,,,,,,,,,,BAJA,100,Agenda online | CRM | Automatizacion de citas | Agente IA | Pagina web,"Contactar hoy por whatsapp (celular verificado en fuente publica); sin presencia digital, oportunidad alta para paquete completo; horario no publicado",ALTA,OpenStreetMap,osm:way/1000120,4.605143,-74.183005
GYX-E2E19441F1,DEMO Odontologia Bosa 260,Odontologia,Salud,Calle 110 Sur #16-62,,Bosa,Bogota D.C.,11.05,+57 300 000 5120,+57 300 000 5120,https://wa.me/573000005120,,,,,,,,,,,BAJA,100,Agenda online | CRM | Automatizacion de citas | Agente IA | Pagina web,"Contactar hoy por whatsapp (celular verificado en fuente publica); sin presencia digital, oportunidad alta para paquete completo; horario no publicado",ALTA,OpenStreetMap,osm:way/1000260,4.594471,-74.175455
GYX-15C5F26C15,DEMO Odontologia Bosa 280,Odontologia,Salud,Calle 59 Sur #75-48,,Bosa,Bogota D.C.,12.84,+57 300 000 2649,+57 300 000 2649,https://wa.me/573000002649,,,,,,Mo-Sa 08:00-18:00,,,,,BAJA,100,Agenda online | CRM | Automatizacion de citas | Agente IA | Pagina web,"Contactar hoy por whatsapp (celular verificado en fuente publica); sin presencia digital, oportunidad alta para paquete completo",ALTA,OpenStreetMap,osm:way/1000280,4.588053,-74.191182
GYX-94C3BD78FF,DEMO Odontologia Bosa 340,Odontologia,Salud,Calle 162 Sur #12-92,,Bosa,Bogota D.C.,11.99,+57 300 000 5708,+57 300 000 5708,https://wa.me/573000005708,,,,,,Mo-Sa 08:00-18:00,,,,,BAJA,100,Agenda online | CRM | Automatizacion de citas | Agente IA | Pagina web,"Contactar hoy por whatsapp (celular verificado en fuente publica); sin presencia digital, oportunidad alta para paquete completo",ALTA,OpenStreetMap,osm:way/1000340,4.616551,-74.182408
GYX-CC95E97B5F,DEMO Odontologia Bosa 380,Odontologia,Salud,Calle 120 Sur #88-89,,Bosa,Bogota D.C.,14.45,+57 300 000 2122,+57 300 000 2122,https://wa.me/573000002122,,,,,,Mo-Sa 08:00-18:00,,,,,BAJA,100,Agenda online | CRM | Automatizacion de citas | Agente IA | Pagina web,"Contactar hoy por whatsapp (celular verificado en fuente publica); sin presencia digital, oportunidad alta para paquete completo",ALTA,OpenStreetMap,osm:way/1000380,4.616386,-74.204842
GYX-7635946C6A,DEMO Papeleria Engativa 155,Papeleria,Comercio,Calle 30 Sur #81-56,,Engativa,Bogota D.C.,11.65,+57 300 000 4631,+57 300 000 4631,https://wa.me/573000004631,,,,,,,,,,,BAJA,100,Inventario | Dashboard BI | Catalogo digital | Pagina web | Automatizacion WhatsApp | Gestion de redes,"Contactar hoy por whatsapp (celular verificado en fuente publica); sin presencia digital, oportunidad alta para paquete completo; horario no publicado",ALTA,OpenStreetMap,osm:node/1000155,4.692903,-74.120645
GYX-3C05FFD6FF,DEMO Papeleria Engativa 175,Papeleria,Comercio,Calle 84 Sur #63-44,,Engativa,Bogota D.C.,14.1,+57 300 000 4541,+57 300 000 4541,https://wa.me/573000004541,contacto@demo-papeleria-175.example.com,,,,,,,,,,BAJA,100,Inventario | Dashboard BI | Catalogo digital | Pagina web | Automatizacion WhatsApp | Gestion de redes,"Contactar hoy por whatsapp (celular verificado en fuente publica); sin presencia digital, oportunidad alta para paquete completo; horario no publicado",ALTA,OpenStreetMap,osm:node/1000175,4.718083,-74.117042
GYX-1F9D762730,DEMO Papeleria Engativa 235,Papeleria,Comercio,Calle 125 Sur #41-32,,Engativa,Bogota D.C.,12.46,+57 300 000 5219,+57 300 000 5219,https://wa.me/573000005219,,,,,,Mo-Sa 08:00-18:00,,,DEMO Operador 15,,BAJA,100,Inventario | Dashboard BI | Catalogo digital | Pagina web | Automatizacion WhatsApp | Gestion de redes,"Contactar hoy por whatsapp (celular verificado en fuente publica); sin presencia digital, oportunidad alta para paquete completo",ALTA,OpenStreetMap,osm:node/1000235,4.708848,-74.093122
GYX-A9E18F55D7,DEMO Peluqueria Ciudad Bolivar 002,Peluqueria,Belleza,Calle 108 Sur #19-79,,Ciudad Bolivar,Bogota D.C.,13.18,+57 300 000 6054,+57 300 000 6054,https://wa.me/573000006054,,,,,,Mo-Sa 08:00-18:00,,,,,BAJA,100,Agenda online | CRM | Automatizacion de citas | Agente IA | Pagina web,"Contactar hoy por whatsapp (celular verificado en fuente publica); sin presencia digital, oportunidad alta para paquete completo",ALTA,OpenStreetMap,osm:node/1000002,4.532267,-74.174673
GYX-E68398901B,DEMO Peluqueria Ciudad Bolivar 142,Peluqueria,Belleza,Calle 116 Sur #37-98,,Ciudad Bolivar,Bogota D.C.,10.4,+57 300 000 5309,+57 300 000 5309,https://wa.me/573000005309,,,,,,,,,,,BAJA,100,Agenda online | CRM | Automatizacion de citas | Agente IA | Pagina web,"Contactar hoy por whatsapp (celular verificado en fuente publica); sin presencia digital, oportunidad alta para paquete completo; horario no publicado",ALTA,OpenStreetMap,osm:node/1000142,4.534071,-74.144155
GYX-5A5538D240,DEMO Veterinaria Kennedy 061,Veterinaria,Salud,Calle 52 Sur #40-34,,Kennedy,Bogota D.C.,8.26,+57 300 000 4628,+57 300 000 4628,https://wa.me/573000004628,,,,,,,,,,,BAJA,100,Agenda online | CRM | Automatizacion de citas | Agente IA | Pagina web,"Contactar hoy por whatsapp (celular verificado en fuente publica); sin presencia digital, oportunidad alta para paquete completo; horario no publicado",ALTA,OpenStreetMap,osm:node/1000061,4.602697,-74.150172
GYX-B9389A32DB,DEMO Veterinaria Kennedy 381,Veterinaria,Salud,Calle 9 Sur #37-95,,Kennedy,Bogota D.C.,7.94,+57 300 000 2745,+57 300 000 2745,https://wa.me/573000002745,,,,,,,,,,,BAJA,100,Agenda online | CRM | Automatizacion de citas | Agente IA | Pagina web,"Contactar hoy por whatsapp (celular verificado en fuente publica); sin presencia digital, oportunidad alta para paquete completo; horario no publicado",ALTA,OpenStreetMap,osm:node/1000381,4.628635,-74.14056
GYX-65E69468AF,DEMO Abogados Ciudad Bolivar 032,Abogados,Servicios profesionales,Calle 115 Sur #65-96,,Ciudad Bolivar,Bogota D.C.,12.98,+57 300 000 6685,+57 300 000 6685,https://wa.me/573000006685,contacto@demo-abogados-32.example.com,,https://facebook.com/demoabogados32,,,,,,,,MEDIA,100,Landing page | CRM | Automatizacion de leads | Power BI | Automatizacion WhatsApp,"Contactar hoy por whatsapp (celular verificado en fuente publica); presencia digital parcial, ofrecer lo que le falta; horario no publicado",ALTA,OpenStreetMap,osm:way/1000032,4.531243,-74.171765
GYX-EF0EFB108C,DEMO Abogados Ciudad Bolivar 072,Abogados,Servicios profesionales,Calle 146 Sur #35-57,,Ciudad Bolivar,Bogota D.C.,11.9,+57 300 000 5265,+57 300 000 5265,https://wa.me/573000005265,,https://demo-abogados-72.example.com,,,,,,,,,MEDIA,100,Landing page | CRM | Automatizacion de leads | Power BI | Automatizacion WhatsApp,"Contactar hoy por whatsapp (celular verificado en fuente publica); presencia digital parcial, ofrecer lo que le falta; horario no publicado",ALTA,OpenStreetMap,osm:way/1000072,4.543635,-74.168249
GYX-A488B1C4D1,DEMO Abogados Ciudad Bolivar 112,Abogados,Servicios profesionales,Calle 61 Sur #42-34,,Ciudad Bolivar,Bogota D.C.,12.28,+57 300 000 2667,+57 300 000 2667,https://wa.me/573000002667,,https://demo-abogados-112.example.com,,,,Mo-Sa 08:00-18:00,,,,,MEDIA,100,Landing page | CRM | Automatizacion de leads | Power BI | Automatizacion WhatsApp,"Contactar hoy por whatsapp (celular verificado en fuente publica); presencia digital parcial, ofrecer lo que le falta",ALTA,OpenStreetMap,osm:way/1000112,4.534116,-74.166055
GYX-3FD2BE886E,DEMO Barberia Tunjuelito 323,Barberia,Belleza,Calle 28 Sur #68-82,,Tunjuelito,Bogota D.C.,8.93,+57 300 000 7371,+57 300 000 7371,https://wa.me/573000007371,,https://demo-barberia-323.example.com,https://facebook.com/demobarberia323,,,,,,,,MEDIA,100,Agenda online | CRM | Automatizacion de citas | Agente IA,"Contactar hoy por whatsapp (celular verificado en fuente publica); presencia digital parcial, ofrecer lo que le falta; horario no publicado",ALTA,OpenStreetMap,osm:node/1000323,4.582876,-74.154867
GYX-938FC730A4,DEMO Contaduria Kennedy 271,Contaduria,Servicios profesionales,Calle 139 Sur #33-49,,Kennedy,Bogota D.C.,8.72,+57 300 000 1853,+57 300 000 1853,https://wa.me/573000001853,,https://demo-contaduria-271.example.com,,,,,,,,,MEDIA,100,Landing page | CRM | Automatizacion de leads | Power BI | Automatizacion WhatsApp,"Contactar hoy por whatsapp (celular verificado en fuente publica); presencia digital parcial, ofrecer lo que le falta; horario no publicado",ALTA,OpenStreetMap,osm:node/1000271,4.615209,-74.152556
GYX-2A2A155832,DEMO Contaduria Kennedy 311,Contaduria,Servicios profesionales,Calle 55 Sur #44-97,,Kennedy,Bogota D.C.,10.13,+57 300 000 7769,+57 300 000 7769,https://wa.me/573000007769,,https://demo-contaduria-311.example.com,,https://instagram.com/democontaduria311,,,,,,,MEDIA,100,Landing page | CRM | Automatizacion de leads | Power BI | Automatizacion WhatsApp,"Contactar hoy por whatsapp (celular verificado en fuente publica); presencia digital parcial, ofrecer lo que le falta; horario no publicado",ALTA,OpenStreetMap,osm:node/1000311,4.63709,-74.15845
GYX-E3AF3D9FF4,DEMO Drogueria Fontibon 074,Drogueria,Salud,Calle 76 Sur #30-25,,Fontibon,Bogota D.C.,14.22,+57 300 000 4181,+57 300 000 4181,https://wa.me/573000004181,,https://demo-celulares-319.example.com,https://facebook.com/democelulares319,,,,,,,,MEDIA,100,Agenda online | CRM | Automatizacion de citas | Agente IA,"Contactar hoy por whatsapp (celular verificado en fuente publica); presencia digital parcial, ofrecer lo que le falta; horario no publicado",ALTA,OpenStreetMap,osm:node/1000074,4.686575,-74.168386
GYX-DBBF4CC974,DEMO Drogueria Fontibon 174,Drogueria,Salud,Calle 121 Sur #40-13,,Fontibon,Bogota D.C.,11.27,+57 300 000 4630,+57 300 000 4630,https://wa.me/573000004630,,https://demo-drogueria-174.example.com,,,,,,,,,MEDIA,100,Agenda online | CRM | Automatizacion de citas | Agente IA,"Contactar hoy por whatsapp (celular verificado en fuente publica); presencia digital parcial, ofrecer lo que le falta; horario no publicado",ALTA,OpenStreetMap,osm:node/1000174,4.671921,-74.145488
GYX-A42715DAA7,DEMO Estetica Fontibon 044,Centro estetico,Belleza,Calle 126 Sur #38-76,,Fontibon,Bogota D.C.,11.33,+57 300 000 8633,+57 300 000 8633,https://wa.me/573000008633,,,,https://instagram.com/demoestetica44,,,,,,,MEDIA,100,Agenda online | CRM | Automatizacion de citas | Agente IA | Pagina web,"Contactar hoy por whatsapp (celular verificado en fuente publica); presencia digital parcial, ofrecer lo que le falta; horario no publicado",ALTA,OpenStreetMap,osm:way/1000044,4.653981,-74.161292
GYX-087518D782,DEMO Estetica Fontibon 064,Centro estetico,Belleza,Calle 114 Sur #22-23,,Fontibon,Bogota D.C.,11.28,+57 300 000 5584,+57 300 000 5584,https://wa.me/573000005584,,https://demo-estetica-64.example.com,,,,,,,,,MEDIA,100,Agenda online | CRM | Automatizacion de citas | Agente IA,"Contactar hoy por whatsapp (celular verificado en fuente publica); presencia digital parcial, ofrecer lo que le falta; horario no publicado",ALTA,OpenStreetMap,osm:way/1000064,4.683565,-74.130601
GYX-AED0144DF8,DEMO Estetica Fontibon 204,Centro estetico,Belleza,Calle 33 Sur #63-34,,Fontibon,Bogota D.C.,11.21,+57 300 000 5279,+57 300 000 5279,https://wa.me/573000005279,,https://demo-estetica-204.example.com,,,,,,,,,MEDIA,100,Agenda online | CRM | Automatizacion de citas | Agente IA,"Contactar hoy por whatsapp (celular verificado en fuente publica); presencia digital parcial, ofrecer lo que le falta; horario no publicado",ALTA,OpenStreetMap,osm:way/1000204,4.667134,-74.149525
GYX-18F7076EDE,DEMO Estetica Fontibon 324,Centro estetico,Belleza,Calle 99 Sur #21-65,,Fontibon,Bogota D.C.,13.23,+57 300 000 1210,+57 300 000 1210,https://wa.me/573000001210,contacto@demo-estetica-324.example.com,https://demo-estetica-324.example.com,,,,,,,,,MEDIA,100,Agenda online | CRM | Automatizacion de citas | Agente IA,"Contactar hoy por whatsapp (celular verificado en fuente publica); presencia digital parcial, ofrecer lo que le falta; horario no publicado",ALTA,OpenStreetMap,osm:way/1000324,4.689222,-74.15253
GYX-E751CB15C6,DEMO Ferreteria Tunjuelito 113,Ferreteria,Comercio,Calle 28 Sur #82-23,,Tunjuelito,Bogota D.C.,9.06,+57 300 000 7362,+57 300 000 7362,https://wa.me/573000007362,,,,https://instagram.com/demoferreteria113,,Mo-Sa 08:00-18:00,,,,,MEDIA,100,Inventario | Dashboard BI | Catalogo digital | Pagina web | Automatizacion WhatsApp,"Contactar hoy por whatsapp (celular verificado en fuente publica); presencia digital parcial, ofrecer lo que le falta",ALTA,OpenStreetMap,osm:node/1000113,4.561896,-74.149047
GYX-74C5278D5D,DEMO Ferreteria Tunjuelito 213,Ferreteria,Comercio,Calle 177 Sur #30-30,,Tunjuelito,Bogota D.C.,9.39,+57 300 000 7576,+57 300 000 7576,https://wa.me/573000007576,,https://demo-ferreteria-213.example.com,,https://instagram.com/demoferreteria213,,,,,DEMO Operador 20,,MEDIA,100,Inventario | Dashboard BI | Catalogo digital | Automatizacion WhatsApp,"Contactar hoy por whatsapp (celular verificado en fuente publica); presencia digital parcial, ofrecer lo que le falta; horario no publicado",ALTA,OpenStreetMap,osm:node/1000213,4.573245,-74.156791
GYX-519DF14010,DEMO Gimnasio Engativa 085,Gimnasio,Bienestar,Calle 122 Sur #52-23,,Engativa,Bogota D.C.,12.96,+57 300 000 6874,+57 300 000 6874,https://wa.me/573000006874,,,,https://instagram.com/demogimnasio85,,Mo-Sa 08:00-18:00,,,,,MEDIA,100,Agenda online | CRM | Automatizacion de citas | Agente IA | Pagina web,"Contactar hoy por whatsapp (celular verificado en fuente publica); presencia digital parcial, ofrecer lo que le falta",ALTA,OpenStreetMap,osm:node/1000085,4.712759,-74.096538
GYX-5CAD250572,DEMO Gimnasio Engativa 305,Gimnasio,Bienestar,Calle 93 Sur #89-33,,Engativa,Bogota D.C.,13.67,+57 300 000 8778,+57 300 000 8778,https://wa.me/573000008778,contacto@demo-gimnasio-305.example.com,https://demo-gimnasio-305.example.com,,,,,,,,,MEDIA,100,Agenda online | CRM | Automatizacion de citas | Agente IA,"Contactar hoy por whatsapp (celular verificado en fuente publica); presencia digital parcial, ofrecer lo que le falta; horario no publicado",ALTA,OpenStreetMap,osm:node/1000305,4.718859,-74.098917
GYX-23D38999F2,DEMO Odontologia Bosa 300,Odontologia,Salud,Calle 97 Sur #67-96,,Bosa,Bogota D.C.,12.11,+57 300 000 9161,+57 300 000 9161,https://wa.me/573000009161,,,https://facebook.com/demoodontologia300,,,,,,,,MEDIA,100,Agenda online | CRM | Automatizacion de citas | Agente IA | Pagina web,"Contactar hoy por whatsapp (celular verificado en fuente publica); presencia digital parcial, ofrecer lo que le falta; horario no publicado",ALTA,OpenStreetMap,osm:way/1000300,4.606447,-74.184723
GYX-9A7DF687F3,DEMO Papeleria Engativa 255,Papeleria,Comercio,Calle 62 Sur #26-94,,Engativa,Bogota D.C.,12.5,+57 300 000 1551,+57 300 000 1551,https://wa.me/573000001551,,,,https://instagram.com/demopapeleria255,,,,,,,MEDIA,100,Inventario | Dashboard BI | Catalogo digital | Pagina web | Automatizacion WhatsApp,"Contactar hoy por whatsapp (celular verificado en fuente publica); presencia digital parcial, ofrecer lo que le falta; horario no publicado",ALTA,OpenStreetMap,osm:node/1000255,4.707747,-74.1008
GYX-70DCC88E84,DEMO Peluqueria Ciudad Bolivar 082,Peluqueria,Belleza,Calle 47 Sur #73-37,,Ciudad Bolivar,Bogota D.C.,9.92,+57 300 000 9485,+57 300 000 9485,https://wa.me/573000009485,,https://demo-peluqueria-82.example.com,,,,,,,,,MEDIA,100,Agenda online | CRM | Automatizacion de citas | Agente IA,"Contactar hoy por whatsapp (celular verificado en fuente publica); presencia digital parcial, ofrecer lo que le falta; horario no publicado",ALTA,OpenStreetMap,osm:node/1000082,4.543854,-74.146832
GYX-F204999062,DEMO Peluqueria Ciudad Bolivar 162,Peluqueria,Belleza,Calle 171 Sur #35-41,,Ciudad Bolivar,Bogota D.C.,12.69,+57 300 000 7014,+57 300 000 7014,https://wa.me/573000007014,,https://demo-peluqueria-162.example.com,,,,,,,,,MEDIA,100,Agenda online | CRM | Automatizacion de citas | Agente IA,"Contactar hoy por whatsapp (celular verificado en fuente publica); presencia digital parcial, ofrecer lo que le falta; horario no publicado",ALTA,OpenStreetMap,osm:node/1000162,4.540519,-74.174669
GYX-B4A341103B,DEMO Peluqueria Ciudad Bolivar 202,Peluqueria,Belleza,Calle 29 Sur #5-50,,Ciudad Bolivar,Bogota D.C.,14.19,+57 300 000 6663,+57 300 000 6663,https://wa.me/573000006663,,,,https://instagram.com/demopeluqueria202,,,,,,,MEDIA,100,Agenda online | CRM | Automatizacion de citas | Agente IA | Pagina web,"Contactar hoy por whatsapp (celular verificado en fuente publica); presencia digital parcial, ofrecer lo que le falta; horario no publicado",ALTA,OpenStreetMap,osm:node/1000202,4.511894,-74.170222
GYX-1CCC16EE77,DEMO Peluqueria Ciudad Bolivar 342,Peluqueria,Belleza,Calle 152 Sur #19-93,,Ciudad Bolivar,Bogota D.C.,10.29,+57 300 000 2112,+57 300 000 2112,https://wa.me/573000002112,contacto@demo-peluqueria-342.example.com,,https://facebook.com/demopeluqueria342,,,Mo-Sa 08:00-18:00,,,,,MEDIA,100,Agenda online | CRM | Automatizacion de citas | Agente IA | Pagina web,"Contactar hoy por whatsapp (celular verificado en fuente publica); presencia digital parcial, ofrecer lo que le falta",ALTA,OpenStreetMap,osm:node/1000342,4.548573,-74.154268
GYX-92A5AECE6D,DEMO Cafeteria Otra Sede,Cafeteria,Alimentacion,,,Chapinero,Bogota D.C.,12.46,+57 300 000 1234,+57 300 000 1234,https://wa.me/573000001234,sedes@demo.example.com,,,,,,,,,,BAJA,100,Menu QR | Pedidos por WhatsApp | Chatbot IA | Pagina web,"Contactar hoy por whatsapp (celular verificado en fuente publica); sin presencia digital, oportunidad alta para paquete completo; horario no publicado",ALTA,OpenStreetMap,osm:node/9000002,4.71,-74.07
GYX-C4E2AA38C1,DEMO Cafeteria Suba 247,Cafeteria,Alimentacion,Calle 35 Sur #39-46,,Suba,Bogota D.C.,18.59,+57 300 000 1064,+57 300 000 1064,https://wa.me/573000001064,,,,,,,,,,,BAJA,100,Menu QR | Pedidos por WhatsApp | Chatbot IA | Pagina web,"Contactar hoy por whatsapp (celular verificado en fuente publica); sin presencia digital, oportunidad alta para paquete completo; horario no publicado",ALTA,OpenStreetMap,osm:node/1000247,4.764771,-74.089309
GYX-1215B2DE22,DEMO Cafeteria Suba 347,Cafeteria,Alimentacion,Calle 65 Sur #48-56,,Suba,Bogota D.C.,15.49,+57 300 000 2826,+57 300 000 2826,https://wa.me/573000002826,,,,,,,,,DEMO Operador 7,,BAJA,100,Menu QR | Pedidos por WhatsApp | Chatbot IA | Pagina web,"Contactar hoy por whatsapp (celular verificado en fuente publica); sin presencia digital, oportunidad alta para paquete completo; horario no publicado",ALTA,OpenStreetMap,osm:node/1000347,4.737053,-74.085225
GYX-DE2004ED8C,DEMO Celulares Chapinero 179,Tienda especializada,Comercio,Calle 116 Sur #89-68,,Chapinero,Bogota D.C.,6.67,+57 300 000 6777,+57 300 000 6777,https://wa.me/573000006777,,,,,,,,,,,BAJA,100,Inventario | Dashboard BI | Catalogo digital | Pagina web | Automatizacion WhatsApp | Gestion de redes,"Contactar hoy por whatsapp (celular verificado en fuente publica); sin presencia digital, oportunidad alta para paquete completo; horario no publicado",ALTA,OpenStreetMap,osm:node/1000179,4.654293,-74.054818
GYX-A879A7126A,DEMO Consultorio Chapinero 129,Consultorio medico,Salud,Calle 163 Sur #83-13,,Santa Fe,Bogota D.C.,5.21,+57 300 000 1751,+57 300 000 1751,https://wa.me/573000001751,,,,,,,,,,,BAJA,100,Agenda online | CRM | Automatizacion de citas | Agente IA | Pagina web,"Contactar hoy por whatsapp (celular verificado en fuente publica); sin presencia digital, oportunidad alta para paquete completo; horario no publicado",ALTA,OpenStreetMap,osm:node/1000129,4.633016,-74.044518
GYX-213400C211,DEMO Consultorio Chapinero 369,Consultorio medico,Salud,Calle 45 Sur #11-99,,Teusaquillo,Bogota D.C.,3.92,+57 300 000 3844,+57 300 000 3844,https://wa.me/573000003844,,,,,,Mo-Sa 08:00-18:00,,,,,BAJA,100,Agenda online | CRM | Automatizacion de citas | Agente IA | Pagina web,"Contactar hoy por whatsapp (celular verificado en fuente publica); sin presencia digital, oportunidad alta para paquete completo",ALTA,OpenStreetMap,osm:node/1000369,4.632802,-74.06981
GYX-193B54A0FF,DEMO Gimnasio Engativa 005,Gimnasio,Bienestar,Calle 108 Sur #6-95,,Barrios Unidos,Bogota D.C.,10.79,+57 300 000 6140,+57 300 000 6140,https://wa.me/573000006140,,,,,,Mo-Sa 08:00-18:00,,,,,BAJA,100,Agenda online | CRM | Automatizacion de citas | Agente IA | Pagina web,"Contactar hoy por whatsapp (celular verificado en fuente publica); sin presencia digital, oportunidad alta para paquete completo",ALTA,OpenStreetMap,osm:node/1000005,4.693682,-74.092669
GYX-E75DB18526,DEMO Minimercado Suba 037,Minimercado,Comercio,Calle 24 Sur #34-21,,Suba,Bogota D.C.,15.79,+57 300 000 1682,+57 300 000 1682,https://wa.me/573000001682,contacto@demo-minimercado-37.example.com,,,,,,,,,,BAJA,100,Inventario | Dashboard BI | Catalogo digital | Pagina web | Automatizacion WhatsApp | Gestion de redes,"Contactar hoy por whatsapp (celular verificado en fuente publica); sin presencia digital, oportunidad alta para paquete completo; horario no publicado",ALTA,OpenStreetMap,osm:node/1000037,4.739927,-74.06895
GYX-9D1E9B82C3,DEMO Minimercado Suba 077,Minimercado,Comercio,Calle 137 Sur #12-93,,Suba,Bogota D.C.,17.73,+57 300 000 5442,+57 300 000 5442,https://wa.me/573000005442,,,,,,,,,,,BAJA,100,Inventario | Dashboard BI | Catalogo digital | Pagina web | Automatizacion WhatsApp | Gestion de redes,"Contactar hoy por whatsapp (celular verificado en fuente publica); sin presencia digital, oportunidad alta para paquete completo; horario no publicado",ALTA,OpenStreetMap,osm:node/1000077,4.756561,-74.093818
GYX-E688420A10,DEMO Minimercado Suba 137,Minimercado,Comercio,Calle 23 Sur #28-25,,Suba,Bogota D.C.,14.71,+57 300 000 1291,+57 300 000 1291,https://wa.me/573000001291,,,,,,,,,,,BAJA,100,Inventario | Dashboard BI | Catalogo digital | Pagina web | Automatizacion WhatsApp | Gestion de redes,"Contactar hoy por whatsapp (celular verificado en fuente publica); sin presencia digital, oportunidad alta para paquete completo; horario no publicado",ALTA,OpenStreetMap,osm:node/1000137,4.730373,-74.073225
GYX-76EFE085B8,DEMO Minimercado Suba 377,Minimercado,Comercio,Calle 63 Sur #60-13,,Suba,Bogota D.C.,15.45,+57 300 000 2959,+57 300 000 2959,https://wa.me/573000002959,,,,,,,,,,,BAJA,100,Inventario | Dashboard BI | Catalogo digital | Pagina web | Automatizacion WhatsApp | Gestion de redes,"Contactar hoy por whatsapp (celular verificado en fuente publica); sin presencia digital, oportunidad alta para paquete completo; horario no publicado",ALTA,OpenStreetMap,osm:node/1000377,4.737011,-74.074822
GYX-06B8F1418A,DEMO Minimercado Suba 397,Minimercado,Comercio,Calle 15 Sur #27-74,,Suba,Bogota D.C.,18.56,+57 300 000 9231,+57 300 000 9231,https://wa.me/573000009231,,,,,,,,,,,BAJA,100,Inventario | Dashboard BI | Catalogo digital | Pagina web | Automatizacion WhatsApp | Gestion de redes,"Contactar hoy por whatsapp (celular verificado en fuente publica); sin presencia digital, oportunidad alta para paquete completo; horario no publicado",ALTA,OpenStreetMap,osm:node/1000397,4.764739,-74.085532
GYX-8CF360CD65,DEMO Panaderia Usaquen 088,Panaderia,Alimentacion,Calle 158 Sur #36-68,,Usaquen,Bogota D.C.,15.12,+57 300 000 9228,+57 300 000 9228,https://wa.me/573000009228,,,,,,Mo-Sa 08:00-18:00,,,,,BAJA,100,Menu QR | Pedidos por WhatsApp | Chatbot IA | Pagina web,"Contactar hoy por whatsapp (celular verificado en fuente publica); sin presencia digital, oportunidad alta para paquete completo",ALTA,OpenStreetMap,osm:way/1000088,4.730247,-74.043649
GYX-90D62A44F2,DEMO Panaderia Usaquen 188,Panaderia,Alimentacion,Calle 131 Sur #14-13,,Chapinero,Bogota D.C.,13.04,+57 300 000 3794,+57 300 000 3794,https://wa.me/573000003794,,,,,,,,,,,BAJA,100,Menu QR | Pedidos por WhatsApp | Chatbot IA | Pagina web,"Contactar hoy por whatsapp (celular verificado en fuente publica); sin presencia digital, oportunidad alta para paquete completo; horario no publicado",ALTA,OpenStreetMap,osm:way/1000188,4.705814,-74.029263
GYX-F5AF915730,DEMO Panaderia Usaquen 268,Panaderia,Alimentacion,Calle 20 Sur #74-11,,Chapinero,Bogota D.C.,12.46,+57 300 000 2445,+57 300 000 2445,https://wa.me/573000002445,,,,,,Mo-Sa 08:00-18:00,,,,,BAJA,100,Menu QR | Pedidos por WhatsApp | Chatbot IA | Pagina web,"Contactar hoy por whatsapp (celular verificado en fuente publica); sin presencia digital, oportunidad alta para paquete completo",ALTA,OpenStreetMap,osm:way/1000268,4.704725,-74.041172
GYX-94DF99EBC4,DEMO Ropa Usaquen 138,Tienda de ropa,Comercio,Calle 38 Sur #94-20,,Usaquen,Bogota D.C.,15.81,+57 300 000 9160,+57 300 000 9160,https://wa.me/573000009160,,,,,,,,,DEMO Operador 1,,BAJA,100,Inventario | Dashboard BI | Catalogo digital | Pagina web | Automatizacion WhatsApp | Gestion de redes,"Contactar hoy por whatsapp (celular verificado en fuente publica); sin presencia digital, oportunidad alta para paquete completo; horario no publicado",ALTA,OpenStreetMap,osm:node/1000138,4.72989,-74.022206
GYX-2B52C04C7C,DEMO Ropa Usaquen 238,Tienda de ropa,Comercio,Calle 15 Sur #54-15,,Usaquen,Bogota D.C.,15.0,+57 300 000 6480,+57 300 000 6480,https://wa.me/573000006480,,,,,,,,,DEMO Operador 11,,BAJA,100,Inventario | Dashboard BI | Catalogo digital | Pagina web | Automatizacion WhatsApp | Gestion de redes,"Contactar hoy por whatsapp (celular verificado en fuente publica); sin presencia digital, oportunidad alta para paquete completo; horario no publicado",ALTA,OpenStreetMap,osm:node/1000238,4.727159,-74.036489
GYX-0F2BBC24BA,DEMO Ropa Usaquen 398,Tienda de ropa,Comercio,Calle 113 Sur #4-64,,Chapinero,Bogota D.C.,12.78,+57 300 000 5245,+57 300 000 5245,https://wa.me/573000005245,,,,,,Mo-Sa 08:00-18:00,,,,,BAJA,100,Inventario | Dashboard BI | Catalogo digital | Pagina web | Automatizacion WhatsApp | Gestion de redes,"Contactar hoy por whatsapp (celular verificado en fuente publica); sin presencia digital, oportunidad alta para paquete completo",ALTA,OpenStreetMap,osm:node/1000398,4.708535,-74.043872
GYX-53469D3D79,DEMO Cafeteria Suba 047,Cafeteria,Alimentacion,Calle 81 Sur #16-52,,Suba,Bogota D.C.,15.34,+57 300 000 6542,+57 300 000 6542,https://wa.me/573000006542,,,,https://instagram.com/democafeteria47,,,,,,,MEDIA,100,Menu QR | Pedidos por WhatsApp | Chatbot IA | Pagina web,"Contactar hoy por whatsapp (celular verificado en fuente publica); presencia digital parcial, ofrecer lo que le falta; horario no publicado",ALTA,OpenStreetMap,osm:node/1000047,4.735628,-74.086242
GYX-0D8B4D0942,DEMO Cafeteria Suba 207,Cafeteria,Alimentacion,Calle 30 Sur #89-47,,Suba,Bogota D.C.,18.1,+57 300 000 8972,+57 300 000 8972,https://wa.me/573000008972,,https://demo-cafeteria-207.example.com,,https://instagram.com/democafeteria207,,,,,,,MEDIA,100,Menu QR | Pedidos por WhatsApp | Chatbot IA | Pagina web,"Contactar hoy por whatsapp (celular verificado en fuente publica); presencia digital parcial, ofrecer lo que le falta; horario no publicado",ALTA,OpenStreetMap,osm:node/1000207,4.760646,-74.066753
GYX-FA4886F718,DEMO Celulares Chapinero 259,Tienda especializada,Comercio,Calle 62 Sur #87-32,,Chapinero,Bogota D.C.,7.27,+57 300 000 8541,+57 300 000 8541,https://wa.me/573000008541,,https://demo-celulares-259.example.com,,,,,,,,,MEDIA,100,Inventario | Dashboard BI | Catalogo digital | Automatizacion WhatsApp | Gestion de redes,"Contactar hoy por whatsapp (celular verificado en fuente publica); presencia digital parcial, ofrecer lo que le falta; horario no publicado",ALTA,OpenStreetMap,osm:node/1000259,4.651099,-74.037466
GYX-61956F0A64,DEMO Celulares Chapinero 299,Tienda especializada,Comercio,Calle 132 Sur #86-58,,Chapinero,Bogota D.C.,8.25,+57 300 000 5150,+57 300 000 5150,https://wa.me/573000005150,,,,https://instagram.com/democelulares299,,,,,,,MEDIA,100,Inventario | Dashboard BI | Catalogo digital | Pagina web | Automatizacion WhatsApp,"Contactar hoy por whatsapp (celular verificado en fuente publica); presencia digital parcial, ofrecer lo que le falta; horario no publicado",ALTA,OpenStreetMap,osm:node/1000299,4.65705,-74.030619
GYX-3DD6143299,DEMO Celulares Chapinero 339,Tienda especializada,Comercio,Calle 94 Sur #9-78,,Chapinero,Bogota D.C.,6.01,+57 300 000 8504,+57 300 000 8504,https://wa.me/573000008504,,https://demo-celulares-339.example.com,,,,,,,,,MEDIA,100,Inventario | Dashboard BI | Catalogo digital | Automatizacion WhatsApp | Gestion de redes,"Contactar hoy por whatsapp (celular verificado en fuente publica); presencia digital parcial, ofrecer lo que le falta; horario no publicado",ALTA,OpenStreetMap,osm:node/1000339,4.642547,-74.044921
GYX-8F0BB22E15,DEMO Consultorio Chapinero 049,Consultorio medico,Salud,Calle 112 Sur #66-50,,Santa Fe,Bogota D.C.,6.5,+57 300 000 7116,+57 300 000 7116,https://wa.me/573000007116,,,https://facebook.com/democonsultorio49,,,,,,,,MEDIA,100,Agenda online | CRM | Automatizacion de citas | Agente IA | Pagina web,"Contactar hoy por whatsapp (celular verificado en fuente publica); presencia digital parcial, ofrecer lo que le falta; horario no publicado",ALTA,OpenStreetMap,osm:node/1000049,4.635957,-74.031158
GYX-634030A23F,DEMO Minimercado Suba 357,Minimercado,Comercio,Calle 83 Sur #5-62,,Usaquen,Bogota D.C.,15.75,+57 300 000 7767,+57 300 000 7767,https://wa.me/573000007767,,,,https://instagram.com/demominimercado357,,,,,DEMO Operador 20,,MEDIA,100,Inventario | Dashboard BI | Catalogo digital | Pagina web | Automatizacion WhatsApp,"Contactar hoy por whatsapp (celular verificado en fuente publica); presencia digital parcial, ofrecer lo que le falta; horario no publicado",ALTA,OpenStreetMap,osm:node/1000357,4.739051,-74.061552
GYX-EA02374E55,DEMO Panaderia Usaquen 008,Panaderia,Alimentacion,Calle 175 Sur #49-39,,Usaquen,Bogota D.C.,16.18,+57 300 000 3887,+57 300 000 3887,https://wa.me/573000003887,,https://demo-panaderia-8.example.com,https://facebook.com/demopanaderia8,,,Mo-Sa 08:00-18:00,,,,,MEDIA,100,Menu QR | Pedidos por WhatsApp | Chatbot IA | Pagina web,"Contactar hoy por whatsapp (celular verificado en fuente publica); presencia digital parcial, ofrecer lo que le falta",ALTA,OpenStreetMap,osm:way/1000008,4.728256,-74.010541
GYX-A77B05C25D,DEMO Panaderia Usaquen 208,Panaderia,Alimentacion,Calle 120 Sur #73-56,,Chapinero,Bogota D.C.,12.59,+57 300 000 2176,+57 300 000 2176,https://wa.me/573000002176,,https://demo-panaderia-208.example.com,,,,,,,,,MEDIA,100,Menu QR | Pedidos por WhatsApp | Chatbot IA | Pagina web,"Contactar hoy por whatsapp (celular verificado en fuente publica); presencia digital parcial, ofrecer lo que le falta; horario no publicado",ALTA,OpenStreetMap,osm:way/1000208,4.70452,-74.037021
GYX-64D19296F2,DEMO Panaderia Usaquen 248,Panaderia,Alimentacion,Calle 54 Sur #95-56,,Usaquen,Bogota D.C.,15.47,+57 300 000 8193,+57 300 000 8193,https://wa.me/573000008193,,https://demo-panaderia-248.example.com,,,,Mo-Sa 08:00-18:00,,,,,MEDIA,100,Menu QR | Pedidos por WhatsApp | Chatbot IA | Pagina web,"Contactar hoy por whatsapp (celular verificado en fuente publica); presencia digital parcial, ofrecer lo que le falta",ALTA,OpenStreetMap,osm:way/1000248,4.723169,-74.014686
GYX-8559932725,DEMO Ropa Usaquen 158,Tienda de ropa,Comercio,Calle 75 Sur #54-30,,Usaquen,Bogota D.C.,15.79,+57 300 000 5809,+57 300 000 5809,https://wa.me/573000005809,,https://demo-ropa-158.example.com,,,,,,,,,MEDIA,100,Inventario | Dashboard BI | Catalogo digital | Automatizacion WhatsApp | Gestion de redes,"Contactar hoy por whatsapp (celular verificado en fuente publica); presencia digital parcial, ofrecer lo que le falta; horario no publicado",ALTA,OpenStreetMap,osm:node/1000158,4.737003,-74.046097
GYX-D57C1BE56D,DEMO Floristeria Puente Aranda 276,Floristeria,Comercio,Calle 15 Sur #90-27,,Puente Aranda,Bogota D.C.,4.67,+57 300 000 8312,+57 300 000 8312,https://wa.me/573000008312,,,,,,,,,,,BAJA,100,Inventario | Dashboard BI | Catalogo digital | Pagina web | Automatizacion WhatsApp | Gestion de redes,"Contactar hoy por whatsapp (celular verificado en fuente publica); sin presencia digital, oportunidad alta para paquete completo; horario no publicado; posible cadena: la decision de compra suele ser centralizada",BAJA,OpenStreetMap,osm:way/1000276,4.617696,-74.113017
GYX-039293DB46,DEMO Inmobiliaria Bosa 150,Inmobiliaria,Servicios profesionales,Calle 145 Sur #30-92,,Bosa,Bogota D.C.,13.92,+57 300 000 9298,+57 300 000 9298,https://wa.me/573000009298,,,,,,,,,,,BAJA,100,Landing page | CRM | Automatizacion de leads | Power BI | Automatizacion WhatsApp,"Contactar hoy por whatsapp (celular verificado en fuente publica); sin presencia digital, oportunidad alta para paquete completo; horario no publicado; posible cadena: la decision de compra suele ser centralizada",BAJA,OpenStreetMap,osm:node/1000150,4.618372,-74.199712
GYX-E0448E0F33,DEMO Inmobiliaria Bosa 370,Inmobiliaria,Servicios profesionales,Calle 39 Sur #61-52,,Kennedy,Bogota D.C.,10.79,+57 300 000 6716,+57 300 000 6716,https://wa.me/573000006716,,,,,,Mo-Sa 08:00-18:00,,,,,BAJA,100,Landing page | CRM | Automatizacion de leads | Power BI | Automatizacion WhatsApp,"Contactar hoy por whatsapp (celular verificado en fuente publica); sin presencia digital, oportunidad alta para paquete completo; posible cadena: la decision de compra suele ser centralizada",BAJA,OpenStreetMap,osm:node/1000370,4.617384,-74.171202
GYX-229AD53794,DEMO Restaurante Puente Aranda 166,Restaurante,Alimentacion,Calle 46 Sur #6-44,,Puente Aranda,Bogota D.C.,5.86,+57 300 000 9087,+57 300 000 9087,https://wa.me/573000009087,,,,,,,,,,,BAJA,100,Menu QR | Pedidos por WhatsApp | Chatbot IA | Pagina web,"Contactar hoy por whatsapp (celular verificado en fuente publica); sin presencia digital, oportunidad alta para paquete completo; horario no publicado; posible cadena: la decision de compra suele ser centralizada",BAJA,OpenStreetMap,osm:node/1000166,4.614028,-74.126244
GYX-8CF09519E4,DEMO Restaurante Puente Aranda 206,Restaurante,Alimentacion,Calle 37 Sur #76-82,,Puente Aranda,Bogota D.C.,5.01,+57 300 000 2932,+57 300 000 2932,https://wa.me/573000002932,,,,,,,,,,,BAJA,100,Menu QR | Pedidos por WhatsApp | Chatbot IA | Pagina web,"Contactar hoy por whatsapp (celular verificado en fuente publica); sin presencia digital, oportunidad alta para paquete completo; horario no publicado; posible cadena: la decision de compra suele ser centralizada",BAJA,OpenStreetMap,osm:node/1000206,4.614058,-74.118025
GYX-71BF31F5FF,DEMO Restaurante Puente Aranda 326,Restaurante,Alimentacion,Calle 91 Sur #49-23,,Puente Aranda,Bogota D.C.,5.11,+57 300 000 3068,+57 300 000 3068,https://wa.me/573000003068,,,,,,,,,,,BAJA,100,Menu QR | Pedidos por WhatsApp | Chatbot IA | Pagina web,"Contactar hoy por whatsapp (celular verificado en fuente publica); sin presencia digital, oportunidad alta para paquete completo; horario no publicado; posible cadena: la decision de compra suele ser centralizada",BAJA,OpenStreetMap,osm:node/1000326,4.600293,-74.121822
GYX-A983CF855C,DEMO Restaurante Puente Aranda 346,Restaurante,Alimentacion,Calle 23 Sur #73-84,,Puente Aranda,Bogota D.C.,4.9,+57 300 000 2061,+57 300 000 2061,https://wa.me/573000002061,,,,,,,,,,,BAJA,100,Menu QR | Pedidos por WhatsApp | Chatbot IA | Pagina web,"Contactar hoy por whatsapp (celular verificado en fuente publica); sin presencia digital, oportunidad alta para paquete completo; horario no publicado; posible cadena: la decision de compra suele ser centralizada",BAJA,OpenStreetMap,osm:node/1000346,4.602289,-74.119842
GYX-C90B08E2F8,DEMO Floristeria Puente Aranda 196,Floristeria,Comercio,Calle 32 Sur #87-75,,Puente Aranda,Bogota D.C.,5.99,+57 300 000 5430,+57 300 000 5430,https://wa.me/573000005430,,,https://facebook.com/demofloristeria196,,,Mo-Sa 08:00-18:00,,,DEMO Operador 3,,MEDIA,100,Inventario | Dashboard BI | Catalogo digital | Pagina web | Automatizacion WhatsApp,"Contactar hoy por whatsapp (celular verificado en fuente publica); presencia digital parcial, ofrecer lo que le falta; posible cadena: la decision de compra suele ser centralizada",BAJA,OpenStreetMap,osm:way/1000196,4.620408,-74.124979
GYX-736E5E4CCE,DEMO Floristeria Puente Aranda 236,Floristeria,Comercio,Calle 129 Sur #83-22,,Puente Aranda,Bogota D.C.,3.51,+57 300 000 1930,+57 300 000 1930,https://wa.me/573000001930,,,https://facebook.com/demofloristeria236,,,,,,,,MEDIA,100,Inventario | Dashboard BI | Catalogo digital | Pagina web | Automatizacion WhatsApp,"Contactar hoy por whatsapp (celular verificado en fuente publica); presencia digital parcial, ofrecer lo que le falta; horario no publicado; posible cadena: la decision de compra suele ser centralizada",BAJA,OpenStreetMap,osm:way/1000236,4.608014,-74.105884
GYX-CA63662D82,DEMO Floristeria Puente Aranda 296,Floristeria,Comercio,Calle 9 Sur #38-52,,Puente Aranda,Bogota D.C.,4.4,+57 300 000 5440,+57 300 000 5440,https://wa.me/573000005440,,https://demo-floristeria-296.example.com,,,,Mo-Sa 08:00-18:00,,,,,MEDIA,100,Inventario | Dashboard BI | Catalogo digital | Automatizacion WhatsApp | Gestion de redes,"Contactar hoy por whatsapp (celular verificado en fuente publica); presencia digital parcial, ofrecer lo que le falta; posible cadena: la decision de compra suele ser centralizada",BAJA,OpenStreetMap,osm:way/1000296,4.615755,-74.111362
GYX-678898602F,DEMO Inmobiliaria Bosa 210,Inmobiliaria,Servicios profesionales,Calle 168 Sur #32-20,,Bosa,Bogota D.C.,11.84,+57 300 000 1453,+57 300 000 1453,https://wa.me/573000001453,,https://demo-inmobiliaria-210.example.com,,,,,,,,,MEDIA,100,Landing page | CRM | Automatizacion de leads | Power BI | Automatizacion WhatsApp,"Contactar hoy por whatsapp (celular verificado en fuente publica); presencia digital parcial, ofrecer lo que le falta; horario no publicado; posible cadena: la decision de compra suele ser centralizada",BAJA,OpenStreetMap,osm:node/1000210,4.609226,-74.182025
GYX-BF2B82D93C,DEMO Inmobiliaria Bosa 250,Inmobiliaria,Servicios profesionales,Calle 9 Sur #75-40,,Bosa,Bogota D.C.,11.03,+57 300 000 1251,+57 300 000 1251,https://wa.me/573000001251,,https://demo-inmobiliaria-250.example.com,,,,Mo-Sa 08:00-18:00,,,DEMO Operador 11,,MEDIA,100,Landing page | CRM | Automatizacion de leads | Power BI | Automatizacion WhatsApp,"Contactar hoy por whatsapp (celular verificado en fuente publica); presencia digital parcial, ofrecer lo que le falta; posible cadena: la decision de compra suele ser centralizada",BAJA,OpenStreetMap,osm:node/1000250,4.608654,-74.174722
GYX-18F0A51251,DEMO Inmobiliaria Bosa 290,Inmobiliaria,Servicios profesionales,Calle 155 Sur #82-18,,Bosa,Bogota D.C.,10.95,+57 300 000 1824,+57 300 000 1824,https://wa.me/573000001824,,,https://facebook.com/demoinmobiliaria290,,,,,,,,MEDIA,100,Landing page | CRM | Automatizacion de leads | Power BI | Automatizacion WhatsApp,"Contactar hoy por whatsapp (celular verificado en fuente publica); presencia digital parcial, ofrecer lo que le falta; horario no publicado; posible cadena: la decision de compra suele ser centralizada",BAJA,OpenStreetMap,osm:node/1000290,4.61117,-74.173676
GYX-8458AEA236,DEMO Inmobiliaria Bosa 350,Inmobiliaria,Servicios profesionales,Calle 93 Sur #57-70,,Bosa,Bogota D.C.,14.65,+57 300 000 6546,+57 300 000 6546,https://wa.me/573000006546,,,,https://instagram.com/demoinmobiliaria350,,,,,,,MEDIA,100,Landing page | CRM | Automatizacion de leads | Power BI | Automatizacion WhatsApp,"Contactar hoy por whatsapp (celular verificado en fuente publica); presencia digital parcial, ofrecer lo que le falta; horario no publicado; posible cadena: la decision de compra suele ser centralizada",BAJA,OpenStreetMap,osm:node/1000350,4.584732,-74.207284
GYX-8E53CA4D66,DEMO Inmobiliaria Bosa 390,Inmobiliaria,Servicios profesionales,Calle 93 Sur #32-18,,Bosa,Bogota D.C.,11.77,+57 300 000 6359,+57 300 000 6359,https://wa.me/573000006359,,,https://facebook.com/demoinmobiliaria390,,,,,,,,MEDIA,100,Landing page | CRM | Automatizacion de leads | Power BI | Automatizacion WhatsApp,"Contactar hoy por whatsapp (celular verificado en fuente publica); presencia digital parcial, ofrecer lo que le falta; horario no publicado; posible cadena: la decision de compra suele ser centralizada",BAJA,OpenStreetMap,osm:node/1000390,4.613494,-74.180822
GYX-AE023F99ED,DEMO Restaurante Puente Aranda 066,Restaurante,Alimentacion,Calle 161 Sur #99-61,,Puente Aranda,Bogota D.C.,5.76,+57 300 000 1571,+57 300 000 1571,https://wa.me/573000001571,,,https://facebook.com/demorestaurante66,,,Mo-Sa 08:00-18:00,,,,,MEDIA,100,Menu QR | Pedidos por WhatsApp | Chatbot IA | Pagina web,"Contactar hoy por whatsapp (celular verificado en fuente publica); presencia digital parcial, ofrecer lo que le falta; posible cadena: la decision de compra suele ser centralizada",BAJA,OpenStreetMap,osm:node/1000066,4.625266,-74.120079
GYX-D9F9037E4D,DEMO Restaurante Puente Aranda 186,Restaurante,Alimentacion,Calle 11 Sur #89-62,,Puente Aranda,Bogota D.C.,4.22,+57 300 000 1045,+57 300 000 1045,https://wa.me/573000001045,,,https://facebook.com/demorestaurante186,,,,,,,,MEDIA,100,Menu QR | Pedidos por WhatsApp | Chatbot IA | Pagina web,"Contactar hoy por whatsapp (celular verificado en fuente publica); presencia digital parcial, ofrecer lo que le falta; horario no publicado; posible cadena: la decision de compra suele ser centralizada",BAJA,OpenStreetMap,osm:node/1000186,4.622795,-74.104747
GYX-2D53DE9652,DEMO Floristeria Puente Aranda 016,Floristeria,Comercio,Calle 90 Sur #47-20,,Los Martires,Bogota D.C.,2.98,+57 300 000 4716,+57 300 000 4716,https://wa.me/573000004716,,,,,,,,,DEMO Operador 12,,BAJA,100,Inventario | Dashboard BI | Catalogo digital | Pagina web | Automatizacion WhatsApp | Gestion de redes,"Contactar hoy por whatsapp (celular verificado en fuente publica); sin presencia digital, oportunidad alta para paquete completo; horario no publicado; posible cadena: la decision de compra suele ser centralizada",BAJA,OpenStreetMap,osm:way/1000016,4.613771,-74.097657
GYX-3F99E39122,DEMO Restaurante Puente Aranda 026,Restaurante,Alimentacion,Calle 165 Sur #85-56,,Teusaquillo,Bogota D.C.,4.1,+57 300 000 3248,+57 300 000 3248,https://wa.me/573000003248,,,,,,,,,,,BAJA,100,Menu QR | Pedidos por WhatsApp | Chatbot IA | Pagina web,"Contactar hoy por whatsapp (celular verificado en fuente publica); sin presencia digital, oportunidad alta para paquete completo; horario no publicado; posible cadena: la decision de compra suele ser centralizada",BAJA,OpenStreetMap,osm:node/1000026,4.631077,-74.09242
GYX-6858BBFFA8,DEMO Floristeria Puente Aranda 036,Floristeria,Comercio,Calle 141 Sur #42-41,,Teusaquillo,Bogota D.C.,4.8,+57 300 000 6071,+57 300 000 6071,https://wa.me/573000006071,contacto@demo-floristeria-36.example.com,https://demo-floristeria-36.example.com,,,,,,,,,MEDIA,100,Inventario | Dashboard BI | Catalogo digital | Automatizacion WhatsApp | Gestion de redes,"Contactar hoy por whatsapp (celular verificado en fuente publica); presencia digital parcial, ofrecer lo que le falta; horario no publicado; posible cadena: la decision de compra suele ser centralizada",BAJA,OpenStreetMap,osm:way/1000036,4.638471,-74.091095
GYX-C4BA4745B3,DEMO Floristeria Puente Aranda 076,Floristeria,Comercio,Calle 105 Sur #87-57,,Teusaquillo,Bogota D.C.,4.51,+57 300 000 6115,+57 300 000 6115,https://wa.me/573000006115,,https://demo-floristeria-76.example.com,,https://instagram.com/demofloristeria76,,,,,,,MEDIA,100,Inventario | Dashboard BI | Catalogo digital | Automatizacion WhatsApp,"Contactar hoy por whatsapp (celular verificado en fuente publica); presencia digital parcial, ofrecer lo que le falta; horario no publicado; posible cadena: la decision de compra suele ser centralizada",BAJA,OpenStreetMap,osm:way/1000076,4.63259,-74.097247
GYX-B9F82F0FB8,DEMO Abogados Ciudad Bolivar 352,Abogados,Servicios profesionales,Calle 34 Sur #10-67,,Ciudad Bolivar,Bogota D.C.,11.08,,,,contacto@demo-abogados-352.example.com,https://demo-abogados-352.example.com,,,,,,,,,MEDIA,60,Landing page | CRM | Automatizacion de leads | Power BI,"Enviar propuesta por correo y hacer seguimiento; presencia digital parcial, ofrecer lo que le falta; horario no publicado",MEDIA,OpenStreetMap,osm:way/1000352,4.546964,-74.161563
GYX-206C95587F,DEMO Drogueria Fontibon 314,Drogueria,Salud,Calle 21 Sur #47-12,,Fontibon,Bogota D.C.,10.82,,,,contacto@demo-drogueria-314.example.com,https://demo-drogueria-314.example.com,,,,,,,,,MEDIA,60,Agenda online | CRM | Automatizacion de citas | Agente IA,"Enviar propuesta por correo y hacer seguimiento; presencia digital parcial, ofrecer lo que le falta; horario no publicado",MEDIA,OpenStreetMap,osm:node/1000314,4.66439,-74.14724
GYX-CFA50A24E2,DEMO Estetica Fontibon 124,Centro estetico,Belleza,Calle 22 Sur #73-51,,Fontibon,Bogota D.C.,11.27,,,,contacto@demo-estetica-124.example.com,https://demo-estetica-124.example.com,,,,Mo-Sa 08:00-18:00,,,,,MEDIA,60,Agenda online | CRM | Automatizacion de citas | Agente IA,"Enviar propuesta por correo y hacer seguimiento; presencia digital parcial, ofrecer lo que le falta",MEDIA,OpenStreetMap,osm:way/1000124,4.662127,-74.154596
GYX-33526B52FD,DEMO Gimnasio Engativa 185,Gimnasio,Bienestar,Calle 41 Sur #68-47,,Engativa,Bogota D.C.,13.7,,,,contacto@demo-gimnasio-185.example.com,https://demo-gimnasio-185.example.com,,,,,,,,,MEDIA,60,Agenda online | CRM | Automatizacion de citas | Agente IA,"Enviar propuesta por correo y hacer seguimiento; presencia digital parcial, ofrecer lo que le falta; horario no publicado",MEDIA,OpenStreetMap,osm:node/1000185,4.715526,-74.113165
GYX-6ADDCA44E7,DEMO Odontologia Bosa 000,Odontologia,Salud,Calle 167 Sur #7-19,,Bosa,Bogota D.C.,14.22,,,,duplicado@demo-exacto.co,https://demo-odontologia-0.example.com,,,,Mo-Sa 08:00-18:00,,,,,MEDIA,60,Agenda online | CRM | Automatizacion de citas | Agente IA,"Enviar propuesta por correo y hacer seguimiento; presencia digital parcial, ofrecer lo que le falta",MEDIA,OpenStreetMap,osm:way/1000000,4.592953,-74.203966
GYX-420597D6A8,DEMO Peluqueria Ciudad Bolivar 102,Peluqueria,Belleza,Calle 42 Sur #45-28,,Ciudad Bolivar,Bogota D.C.,14.71,,,,contacto@demo-peluqueria-102.example.com,https://demo-peluqueria-102.example.com,,https://instagram.com/demopeluqueria102,,Mo-Sa 08:00-18:00,,,DEMO Operador 19,,MEDIA,60,Agenda online | CRM | Automatizacion de citas | Agente IA,"Enviar propuesta por correo y hacer seguimiento; presencia digital parcial, ofrecer lo que le falta",MEDIA,OpenStreetMap,osm:node/1000102,4.511076,-74.175733
GYX-D7C926EC3B,DEMO Consultorio Chapinero 249,Consultorio medico,Salud,Calle 78 Sur #20-74,,Barrios Unidos,Bogota D.C.,7.91,,,,contacto@demo-consultorio-249.example.com,https://demo-consultorio-249.example.com,,,,,,,,,MEDIA,60,Agenda online | CRM | Automatizacion de citas | Agente IA,"Enviar propuesta por correo y hacer seguimiento; presencia digital parcial, ofrecer lo que le falta; horario no publicado",MEDIA,OpenStreetMap,osm:node/1000249,4.668973,-74.069623
GYX-0DE2332366,DEMO Abogados Ciudad Bolivar 132,Abogados,Servicios profesionales,Calle 163 Sur #12-15,,Ciudad Bolivar,Bogota D.C.,12.83,+57 601 7677652,,,contacto@demo-abogados-132.example.com,,,https://instagram.com/demoabogados132,,Mo-Sa 08:00-18:00,,,,,MEDIA,40,Landing page | CRM | Automatizacion de leads | Power BI,"Llamar a fijo y pedir el celular del propietario; presencia digital parcial, ofrecer lo que le falta",MEDIA,OpenStreetMap,osm:way/1000132,4.538527,-74.174897
GYX-A979FB66CE,DEMO Abogados Ciudad Bolivar 372,Abogados,Servicios profesionales,Calle 40 Sur #89-64,,Ciudad Bolivar,Bogota D.C.,9.63,+57 601 2174758,,,contacto@demo-abogados-372.example.com,,,https://instagram.com/demoabogados372,,Mo-Sa 08:00-18:00,,,,,MEDIA,40,Landing page | CRM | Automatizacion de leads | Power BI,"Llamar a fijo y pedir el celular del propietario; presencia digital parcial, ofrecer lo que le falta",MEDIA,OpenStreetMap,osm:way/1000372,4.549583,-74.147794
GYX-4D12207BB3,DEMO Papeleria Engativa 075,Papeleria,Comercio,Calle 153 Sur #91-89,,Engativa,Bogota D.C.,14.42,+57 601 2387040,,,contacto@demo-papeleria-75.example.com,,,https://instagram.com/demopapeleria75,,,,,,,MEDIA,40,Inventario | Dashboard BI | Catalogo digital | Pagina web,"Llamar a fijo y pedir el celular del propietario; presencia digital parcial, ofrecer lo que le falta; horario no publicado",MEDIA,OpenStreetMap,osm:node/1000075,4.717828,-74.125769
GYX-32CDFBF52A,DEMO Abogados Ciudad Bolivar 052,Abogados,Servicios profesionales,Calle 57 Sur #58-52,,Ciudad Bolivar,Bogota D.C.,10.98,,,,contacto@demo-abogados-52.example.com,,,https://instagram.com/demoabogados52,,,,,,,MEDIA,40,Landing page | CRM | Automatizacion de leads | Power BI,"Enviar propuesta por correo y hacer seguimiento; presencia digital parcial, ofrecer lo que le falta; horario no publicado",BAJA,OpenStreetMap,osm:way/1000052,4.546238,-74.160117
GYX-8B2D9A40E3,DEMO Peluqueria Ciudad Bolivar 242,Peluqueria,Belleza,Calle 168 Sur #47-29,,Ciudad Bolivar,Bogota D.C.,13.58,,,,contacto@demo-peluqueria-242.example.com,,https://facebook.com/demopeluqueria242,,,Mo-Sa 08:00-18:00,,,DEMO Operador 17,,MEDIA,40,Agenda online | CRM | Automatizacion de citas | Agente IA | Pagina web,"Enviar propuesta por correo y hacer seguimiento; presencia digital parcial, ofrecer lo que le falta",BAJA,OpenStreetMap,osm:node/1000242,4.510362,-74.160969
GYX-08335DE3F9,DEMO Veterinaria Kennedy 281,Veterinaria,Salud,Calle 94 Sur #23-24,,Kennedy,Bogota D.C.,9.6,,,,contacto@demo-veterinaria-281.example.com,,,https://instagram.com/demoveterinaria281,,,,,,,MEDIA,40,Agenda online | CRM | Automatizacion de citas | Agente IA | Pagina web,"Enviar propuesta por correo y hacer seguimiento; presencia digital parcial, ofrecer lo que le falta; horario no publicado",BAJA,OpenStreetMap,osm:node/1000281,4.617985,-74.160104
GYX-A838618D5C,DEMO Consultorio Chapinero 289,Consultorio medico,Salud,Calle 36 Sur #27-35,,Santa Fe,Bogota D.C.,4.74,,,,contacto@demo-consultorio-289.example.com,,https://facebook.com/democonsultorio289,,,,,,DEMO Operador 17,,MEDIA,40,Agenda online | CRM | Automatizacion de citas | Agente IA | Pagina web,"Enviar propuesta por correo y hacer seguimiento; presencia digital parcial, ofrecer lo que le falta; horario no publicado",BAJA,OpenStreetMap,osm:node/1000289,4.636049,-74.056227
GYX-7EB6965C08,DEMO Ferreteria Tunjuelito 193,Ferreteria,Comercio,Calle 90 Sur #71-41,,Ciudad Bolivar,Bogota D.C.,10.14,+57 601 6785646,,,contacto@demo-ferreteria-193.example.com,,,,,,,,,,BAJA,30,Inventario | Dashboard BI | Catalogo digital | Pagina web | Gestion de redes,"Llamar a fijo y pedir el celular del propietario; sin presencia digital, oportunidad alta para paquete completo; horario no publicado",MEDIA,OpenStreetMap,osm:node/1000193,4.552618,-74.155068
GYX-9D9930C067,DEMO Veterinaria Kennedy 201,Veterinaria,Salud,Calle 172 Sur #88-83,,Kennedy,Bogota D.C.,6.82,+57 601 2002832,,,contacto@demo-veterinaria-201.example.com,,,,,,,,,,BAJA,30,Agenda online | CRM | Automatizacion de citas | Agente IA | Pagina web,"Llamar a fijo y pedir el celular del propietario; sin presencia digital, oportunidad alta para paquete completo; horario no publicado",MEDIA,OpenStreetMap,osm:node/1000201,4.620831,-74.132972
GYX-EB85B75E06,DEMO Consultorio Chapinero 089,Consultorio medico,Salud,Calle 163 Sur #36-96,,Santa Fe,Bogota D.C.,5.06,+57 601 5853764,,,contacto@demo-consultorio-89.example.com,,,,,,,,,,BAJA,30,Agenda online | CRM | Automatizacion de citas | Agente IA | Pagina web,"Llamar a fijo y pedir el celular del propietario; sin presencia digital, oportunidad alta para paquete completo; horario no publicado",MEDIA,OpenStreetMap,osm:node/1000089,4.637958,-74.053861
GYX-4CA189C080,DEMO Ropa Usaquen 078,Tienda de ropa,Comercio,Calle 94 Sur #83-35,,Usaquen,Bogota D.C.,13.75,+57 601 6144336,,,contacto@demo-ropa-78.example.com,,,,,Mo-Sa 08:00-18:00,,,,,BAJA,30,Inventario | Dashboard BI | Catalogo digital | Pagina web | Gestion de redes,"Llamar a fijo y pedir el celular del propietario; sin presencia digital, oportunidad alta para paquete completo",MEDIA,OpenStreetMap,osm:node/1000078,4.714287,-74.033342
GYX-E603EA3251,DEMO Abogados Ciudad Bolivar 252,Abogados,Servicios profesionales,Calle 90 Sur #28-38,,Ciudad Bolivar,Bogota D.C.,10.65,,,,contacto@demo-abogados-252.example.com,,,,,Mo-Sa 08:00-18:00,,,,,BAJA,30,Landing page | CRM | Automatizacion de leads | Power BI,"Enviar propuesta por correo y hacer seguimiento; sin presencia digital, oportunidad alta para paquete completo",BAJA,OpenStreetMap,osm:way/1000252,4.529851,-74.143252
GYX-81FD4C78B0,DEMO Barberia Tunjuelito 123,Barberia,Belleza,Calle 72 Sur #46-41,,Tunjuelito,Bogota D.C.,7.57,,,,contacto@demo-barberia-123.example.com,,,,,,,,,,BAJA,30,Agenda online | CRM | Automatizacion de citas | Agente IA | Pagina web,"Enviar propuesta por correo y hacer seguimiento; sin presencia digital, oportunidad alta para paquete completo; horario no publicado",BAJA,OpenStreetMap,osm:node/1000123,4.577153,-74.140737
GYX-772635E8A3,DEMO Barberia Tunjuelito 343,Barberia,Belleza,Calle 127 Sur #83-75,,Tunjuelito,Bogota D.C.,10.01,,,,contacto@demo-barberia-343.example.com,,,,,,,,,,BAJA,30,Agenda online | CRM | Automatizacion de citas | Agente IA | Pagina web,"Enviar propuesta por correo y hacer seguimiento; sin presencia digital, oportunidad alta para paquete completo; horario no publicado",BAJA,OpenStreetMap,osm:node/1000343,4.555689,-74.155485
GYX-D8153A6010,DEMO Barberia Tunjuelito 363,Barberia,Belleza,Calle 19 Sur #90-17,,Tunjuelito,Bogota D.C.,7.01,,,,contacto@demo-barberia-363.example.com,,,,,,,,,,BAJA,30,Agenda online | CRM | Automatizacion de citas | Agente IA | Pagina web,"Enviar propuesta por correo y hacer seguimiento; sin presencia digital, oportunidad alta para paquete completo; horario no publicado",BAJA,OpenStreetMap,osm:node/1000363,4.570955,-74.132904
GYX-2CD986B6D1,DEMO Drogueria Fontibon 154,Drogueria,Salud,Calle 96 Sur #96-27,,Fontibon,Bogota D.C.,9.83,,,,contacto@demo-drogueria-154.example.com,,,,,Mo-Sa 08:00-18:00,,,,,BAJA,30,Agenda online | CRM | Automatizacion de citas | Agente IA | Pagina web,"Enviar propuesta por correo y hacer seguimiento; sin presencia digital, oportunidad alta para paquete completo",BAJA,OpenStreetMap,osm:node/1000154,4.653111,-74.145254
GYX-A326ED47B8,DEMO Estetica Fontibon 004,Centro estetico,Belleza,Calle 148 Sur #39-77,,Fontibon,Bogota D.C.,12.9,,,,contacto@demo-estetica-4.example.com,,,,,,,,,,BAJA,30,Agenda online | CRM | Automatizacion de citas | Agente IA | Pagina web,"Enviar propuesta por correo y hacer seguimiento; sin presencia digital, oportunidad alta para paquete completo; horario no publicado",BAJA,OpenStreetMap,osm:way/1000004,4.67796,-74.160236
GYX-1BA49A5952,DEMO Ferreteria Tunjuelito 273,Ferreteria,Comercio,Calle 54 Sur #76-88,,Tunjuelito,Bogota D.C.,8.24,,,,contacto@demo-ferreteria-273.example.com,,,,,,,,,,BAJA,30,Inventario | Dashboard BI | Catalogo digital | Pagina web | Gestion de redes,"Enviar propuesta por correo y hacer seguimiento; sin presencia digital, oportunidad alta para paquete completo; horario no publicado",BAJA,OpenStreetMap,osm:node/1000273,4.581844,-74.148339
GYX-11D54ABD88,DEMO Ferreteria Tunjuelito 293,Ferreteria,Comercio,Calle 118 Sur #72-40,,Tunjuelito,Bogota D.C.,9.49,,,,contacto@demo-ferreteria-293.example.com,,,,,,,,,,BAJA,30,Inventario | Dashboard BI | Catalogo digital | Pagina web | Gestion de redes,"Enviar propuesta por correo y hacer seguimiento; sin presencia digital, oportunidad alta para paquete completo; horario no publicado",BAJA,OpenStreetMap,osm:node/1000293,4.559283,-74.152079
GYX-7A0CD6A12C,DEMO Gimnasio Engativa 345,Gimnasio,Bienestar,Calle 19 Sur #12-30,,Engativa,Bogota D.C.,12.1,,,,contacto@demo-gimnasio-345.example.com,,,,,,,,,,BAJA,30,Agenda online | CRM | Automatizacion de citas | Agente IA | Pagina web,"Enviar propuesta por correo y hacer seguimiento; sin presencia digital, oportunidad alta para paquete completo; horario no publicado",BAJA,OpenStreetMap,osm:node/1000345,4.704996,-74.096174
GYX-C65DC4A576,DEMO Inmobiliaria Bosa 050,Inmobiliaria,Servicios profesionales,Calle 21 Sur #7-62,,Bosa,Bogota D.C.,13.98,,,,contacto@demo-inmobiliaria-50.example.com,,,,,,,,,,BAJA,30,Landing page | CRM | Automatizacion de leads | Power BI,"Enviar propuesta por correo y hacer seguimiento; sin presencia digital, oportunidad alta para paquete completo; horario no publicado; posible cadena: la decision de compra suele ser centralizada",BAJA,OpenStreetMap,osm:node/1000050,4.602166,-74.201863
GYX-A11F419C89,DEMO Inmobiliaria Bosa 070,Inmobiliaria,Servicios profesionales,Calle 17 Sur #84-14,,Bosa,Bogota D.C.,13.84,,,,contacto@demo-inmobiliaria-70.example.com,,,,,Mo-Sa 08:00-18:00,,,,,BAJA,30,Landing page | CRM | Automatizacion de leads | Power BI,"Enviar propuesta por correo y hacer seguimiento; sin presencia digital, oportunidad alta para paquete completo; posible cadena: la decision de compra suele ser centralizada",BAJA,OpenStreetMap,osm:node/1000070,4.610115,-74.200108
GYX-1976E73D8E,DEMO Inmobiliaria Bosa 170,Inmobiliaria,Servicios profesionales,Calle 108 Sur #51-68,,Bosa,Bogota D.C.,13.91,,,,contacto@demo-inmobiliaria-170.example.com,,,,,,,,,,BAJA,30,Landing page | CRM | Automatizacion de leads | Power BI,"Enviar propuesta por correo y hacer seguimiento; sin presencia digital, oportunidad alta para paquete completo; horario no publicado; posible cadena: la decision de compra suele ser centralizada",BAJA,OpenStreetMap,osm:node/1000170,4.606766,-74.200981
GYX-2FDEE68E08,DEMO Odontologia Bosa 060,Odontologia,Salud,Calle 59 Sur #64-14,,Bosa,Bogota D.C.,10.81,,,,contacto@demo-odontologia-60.example.com,,,,,,,,,,BAJA,30,Agenda online | CRM | Automatizacion de citas | Agente IA | Pagina web,"Enviar propuesta por correo y hacer seguimiento; sin presencia digital, oportunidad alta para paquete completo; horario no publicado",BAJA,OpenStreetMap,osm:way/1000060,4.606694,-74.172994
GYX-3CFB950D7B,DEMO Peluqueria Ciudad Bolivar 182,Peluqueria,Belleza,Calle 159 Sur #56-76,,Ciudad Bolivar,Bogota D.C.,12.58,,,,contacto@demo-peluqueria-182.example.com,,,,,,,,,,BAJA,30,Agenda online | CRM | Automatizacion de citas | Agente IA | Pagina web,"Enviar propuesta por correo y hacer seguimiento; sin presencia digital, oportunidad alta para paquete completo; horario no publicado",BAJA,OpenStreetMap,osm:node/1000182,4.531458,-74.167503
GYX-14D740BC68,DEMO Restaurante Puente Aranda 226,Restaurante,Alimentacion,Calle 151 Sur #33-78,,Puente Aranda,Bogota D.C.,3.93,,,,contacto@demo-restaurante-226.example.com,,,,,,,,,,BAJA,30,Menu QR | Pedidos por WhatsApp | Chatbot IA | Pagina web,"Enviar propuesta por correo y hacer seguimiento; sin presencia digital, oportunidad alta para paquete completo; horario no publicado; posible cadena: la decision de compra suele ser centralizada",BAJA,OpenStreetMap,osm:node/1000226,4.626783,-74.096552
GYX-FE4BB1EE5B,DEMO Veterinaria Kennedy 041,Veterinaria,Salud,Calle 1 Sur #59-18,,Kennedy,Bogota D.C.,8.88,,,,contacto@demo-veterinaria-41.example.com,,,,,,,,,,BAJA,30,Agenda online | CRM | Automatizacion de citas | Agente IA | Pagina web,"Enviar propuesta por correo y hacer seguimiento; sin presencia digital, oportunidad alta para paquete completo; horario no publicado",BAJA,OpenStreetMap,osm:node/1000041,4.627227,-74.150428
GYX-09FF9CB9AC,DEMO Veterinaria Kennedy 101,Veterinaria,Salud,Calle 7 Sur #56-39,,Kennedy,Bogota D.C.,8.34,,,,contacto@demo-veterinaria-101.example.com,,,,,,,,,,BAJA,30,Agenda online | CRM | Automatizacion de citas | Agente IA | Pagina web,"Enviar propuesta por correo y hacer seguimiento; sin presencia digital, oportunidad alta para paquete completo; horario no publicado",BAJA,OpenStreetMap,osm:node/1000101,4.633588,-74.142095
GYX-ACA3EC8508,DEMO Veterinaria Kennedy 221,Veterinaria,Salud,Calle 118 Sur #88-60,,Kennedy,Bogota D.C.,9.31,,,,contacto@demo-veterinaria-221.example.com,,,,,,,,,,BAJA,30,Agenda online | CRM | Automatizacion de citas | Agente IA | Pagina web,"Enviar propuesta por correo y hacer seguimiento; sin presencia digital, oportunidad alta para paquete completo; horario no publicado",BAJA,OpenStreetMap,osm:node/1000221,4.638415,-74.149394
GYX-CA13EB3506,DEMO Veterinaria Kennedy 321,Veterinaria,Salud,Calle 68 Sur #72-55,,Kennedy,Bogota D.C.,8.38,,,,contacto@demo-veterinaria-321.example.com,,,,,,,,,,BAJA,30,Agenda online | CRM | Automatizacion de citas | Agente IA | Pagina web,"Enviar propuesta por correo y hacer seguimiento; sin presencia digital, oportunidad alta para paquete completo; horario no publicado",BAJA,OpenStreetMap,osm:node/1000321,4.628879,-74.144792
GYX-7927C6BAAC,DEMO Celulares Chapinero 039,Tienda especializada,Comercio,Calle 180 Sur #65-27,,Chapinero,Bogota D.C.,6.36,,,,contacto@demo-celulares-39.example.com,,,,,,,,,,BAJA,30,Inventario | Dashboard BI | Catalogo digital | Pagina web | Gestion de redes,"Enviar propuesta por correo y hacer seguimiento; sin presencia digital, oportunidad alta para paquete completo; horario no publicado",BAJA,OpenStreetMap,osm:node/1000039,4.650519,-74.05283
GYX-69F197FEA4,DEMO Celulares Chapinero 099,Tienda especializada,Comercio,Calle 134 Sur #34-47,,Chapinero,Bogota D.C.,7.53,,,,contacto@demo-celulares-99.example.com,,,,,,,,,,BAJA,30,Inventario | Dashboard BI | Catalogo digital | Pagina web | Gestion de redes,"Enviar propuesta por correo y hacer seguimiento; sin presencia digital, oportunidad alta para paquete completo; horario no publicado",BAJA,OpenStreetMap,osm:node/1000099,4.657169,-74.042571
GYX-AF225BB7BF,DEMO Consultorio Chapinero 209,Consultorio medico,Salud,Calle 166 Sur #63-65,,Barrios Unidos,Bogota D.C.,7.07,,,,contacto@demo-consultorio-209.example.com,,,,,,,,,,BAJA,30,Agenda online | CRM | Automatizacion de citas | Agente IA | Pagina web,"Enviar propuesta por correo y hacer seguimiento; sin presencia digital, oportunidad alta para paquete completo; horario no publicado",BAJA,OpenStreetMap,osm:node/1000209,4.65956,-74.059423
GYX-AEC22585B5,DEMO Panaderia Usaquen 048,Panaderia,Alimentacion,Calle 151 Sur #10-56,,Usaquen,Bogota D.C.,13.78,,,,contacto@demo-panaderia-48.example.com,,,,,,,,,,BAJA,30,Menu QR | Pedidos por WhatsApp | Chatbot IA | Pagina web,"Enviar propuesta por correo y hacer seguimiento; sin presencia digital, oportunidad alta para paquete completo; horario no publicado",BAJA,OpenStreetMap,osm:way/1000048,4.714889,-74.034284
GYX-1DBEA4209C,DEMO Panaderia Usaquen 328,Panaderia,Alimentacion,Calle 2 Sur #51-82,,Usaquen,Bogota D.C.,16.37,,,,contacto@demo-panaderia-328.example.com,,,,,Mo-Sa 08:00-18:00,,,,,BAJA,30,Menu QR | Pedidos por WhatsApp | Chatbot IA | Pagina web,"Enviar propuesta por correo y hacer seguimiento; sin presencia digital, oportunidad alta para paquete completo",BAJA,OpenStreetMap,osm:way/1000328,4.731999,-74.014432
GYX-497A453655,DEMO Restaurante Puente Aranda 006,Restaurante,Alimentacion,Calle 17 Sur #8-99,,Los Martires,Bogota D.C.,3.24,+57 601 7918301,,,contacto@demo-restaurante-6.example.com,,,,,,,,,,BAJA,30,Menu QR | Pedidos por WhatsApp | Chatbot IA | Pagina web,"Llamar a fijo y pedir el celular del propietario; sin presencia digital, oportunidad alta para paquete completo; horario no publicado; posible cadena: la decision de compra suele ser centralizada",BAJA,OpenStreetMap,osm:node/1000006,4.610798,-74.102118
GYX-EBC0DF9AD3,DEMO Restaurante Puente Aranda 086,Restaurante,Alimentacion,Calle 131 Sur #11-16,,Los Martires,Bogota D.C.,2.82,,,,contacto@demo-restaurante-86.example.com,,,,,Mo-Sa 08:00-18:00,,,,,BAJA,30,Menu QR | Pedidos por WhatsApp | Chatbot IA | Pagina web,"Enviar propuesta por correo y hacer seguimiento; sin presencia digital, oportunidad alta para paquete completo; posible cadena: la decision de compra suele ser centralizada",BAJA,OpenStreetMap,osm:node/1000086,4.60329,-74.100661
GYX-872B51B2D3,DEMO Ferreteria Tunjuelito 133,Ferreteria,Comercio,Calle 129 Sur #70-88,,Tunjuelito,Bogota D.C.,6.94,+57 601 3502359,,,,https://demo-ferreteria-133.example.com,,,,Mo-Sa 08:00-18:00,,,,,MEDIA,80,Inventario | Dashboard BI | Catalogo digital | Gestion de redes,"Llamar a fijo y pedir el celular del propietario; presencia digital parcial, ofrecer lo que le falta",MEDIA,OpenStreetMap,osm:node/1000133,4.574347,-74.133679
GYX-4BAE7B1198,DEMO Papeleria Engativa 055,Papeleria,Comercio,Calle 6 Sur #17-14,,Engativa,Bogota D.C.,13.54,+57 601 6849025,,,,https://demo-papeleria-55.example.com,,,,,,,,,MEDIA,80,Inventario | Dashboard BI | Catalogo digital | Gestion de redes,"Llamar a fijo y pedir el celular del propietario; presencia digital parcial, ofrecer lo que le falta; horario no publicado",MEDIA,OpenStreetMap,osm:node/1000055,4.718158,-74.096053
GYX-A12871A3CB,DEMO Cafeteria Suba 007,Cafeteria,Alimentacion,Calle 74 Sur #17-41,,Suba,Bogota D.C.,15.38,+57 601 7082320,,,,https://demo-cafeteria-7.example.com,,,,,,,,,MEDIA,80,Menu QR | Pedidos por WhatsApp | Chatbot IA | Pagina web,"Llamar a fijo y pedir el celular del propietario; presencia digital parcial, ofrecer lo que le falta; horario no publicado",MEDIA,OpenStreetMap,osm:node/1000007,4.734684,-74.097642
GYX-A32658F639,DEMO Consultorio Chapinero 109,Consultorio medico,Salud,Calle 53 Sur #39-43,,Barrios Unidos,Bogota D.C.,7.54,+57 601 7589211,,,,https://demo-consultorio-109.example.com,,,,Mo-Sa 08:00-18:00,,,,,MEDIA,80,Agenda online | CRM | Automatizacion de citas | Agente IA,"Llamar a fijo y pedir el celular del propietario; presencia digital parcial, ofrecer lo que le falta",MEDIA,OpenStreetMap,osm:node/1000109,4.665538,-74.068993
GYX-1EDFAE6F1A,DEMO Minimercado Suba 297,Minimercado,Comercio,Calle 48 Sur #50-44,,Suba,Bogota D.C.,17.49,+57 601 3546937,,,,https://demo-minimercado-297.example.com,,,,,,,,,MEDIA,80,Inventario | Dashboard BI | Catalogo digital | Gestion de redes,"Llamar a fijo y pedir el celular del propietario; presencia digital parcial, ofrecer lo que le falta; horario no publicado",MEDIA,OpenStreetMap,osm:node/1000297,4.755086,-74.084974
GYX-E8384A24DB,DEMO Ropa Usaquen 058,Tienda de ropa,Comercio,Calle 135 Sur #75-34,,Chapinero,Bogota D.C.,12.25,+57 601 4281018,,,,https://demo-ropa-58.example.com,,,,,,,,,MEDIA,80,Inventario | Dashboard BI | Catalogo digital | Gestion de redes,"Llamar a fijo y pedir el celular del propietario; presencia digital parcial, ofrecer lo que le falta; horario no publicado",MEDIA,OpenStreetMap,osm:node/1000058,4.704485,-74.047186
GYX-F7553D7B41,DEMO Barberia Tunjuelito 083,Barberia,Belleza,Calle 173 Sur #5-95,,Tunjuelito,Bogota D.C.,5.77,,,,,https://demo-barberia-83.example.com,,,,,,,,,MEDIA,60,Agenda online | CRM | Automatizacion de citas | Agente IA,"Buscar celular en el sitio web o formulario de contacto; presencia digital parcial, ofrecer lo que le falta; horario no publicado",MEDIA,OpenStreetMap,osm:node/1000083,4.585355,-74.126301
GYX-7036E5328D,DEMO Contaduria Kennedy 371,Contaduria,Servicios profesionales,Calle 160 Sur #7-99,,Kennedy,Bogota D.C.,10.08,,,,,https://demo-contaduria-371.example.com,,,,Mo-Sa 08:00-18:00,,,,,MEDIA,60,Landing page | CRM | Automatizacion de leads | Power BI,"Buscar celular en el sitio web o formulario de contacto; presencia digital parcial, ofrecer lo que le falta",MEDIA,OpenStreetMap,osm:node/1000371,4.606498,-74.166344
GYX-B854D29D83,DEMO Drogueria Fontibon 094,Drogueria,Salud,Calle 63 Sur #91-29,,Fontibon,Bogota D.C.,12.23,,,,,https://demo-drogueria-94.example.com,,https://instagram.com/demodrogueria94,,,,,,,MEDIA,60,Agenda online | CRM | Automatizacion de citas | Agente IA,"Buscar celular en el sitio web o formulario de contacto; presencia digital parcial, ofrecer lo que le falta; horario no publicado",MEDIA,OpenStreetMap,osm:node/1000094,4.656345,-74.169436
GYX-A061554FD7,DEMO Drogueria Fontibon 134,Drogueria,Salud,Calle 168 Sur #2-57,,Fontibon,Bogota D.C.,9.18,,,,,https://demo-drogueria-134.example.com,,,,Mo-Sa 08:00-18:00,,,DEMO Operador 1,,MEDIA,60,Agenda online | CRM | Automatizacion de citas | Agente IA,"Buscar celular en el sitio web o formulario de contacto; presencia digital parcial, ofrecer lo que le falta",MEDIA,OpenStreetMap,osm:node/1000134,4.651479,-74.139019
GYX-EFB01B482D,DEMO Estetica Fontibon 084,Centro estetico,Belleza,Calle 169 Sur #48-67,,Fontibon,Bogota D.C.,11.96,,,,,https://demo-estetica-84.example.com,,https://instagram.com/demoestetica84,,,,,,,MEDIA,60,Agenda online | CRM | Automatizacion de citas | Agente IA,"Buscar celular en el sitio web o formulario de contacto; presencia digital parcial, ofrecer lo que le falta; horario no publicado",MEDIA,OpenStreetMap,osm:way/1000084,4.673305,-74.15297
GYX-E7F09D5DB9,DEMO Estetica Fontibon 164,Centro estetico,Belleza,Calle 132 Sur #4-77,,Fontibon,Bogota D.C.,12.97,,,,,https://demo-estetica-164.example.com,https://facebook.com/demoestetica164,,,Mo-Sa 08:00-18:00,,,,,MEDIA,60,Agenda online | CRM | Automatizacion de citas | Agente IA,"Buscar celular en el sitio web o formulario de contacto; presencia digital parcial, ofrecer lo que le falta",MEDIA,OpenStreetMap,osm:way/1000164,4.688162,-74.150208
GYX-2375B6905E,DEMO Estetica Fontibon 304,Centro estetico,Belleza,Calle 36 Sur #26-76,,Fontibon,Bogota D.C.,10.06,,,,,https://demo-estetica-304.example.com,,,,,,,,,MEDIA,60,Agenda online | CRM | Automatizacion de citas | Agente IA,"Buscar celular en el sitio web o formulario de contacto; presencia digital parcial, ofrecer lo que le falta; horario no publicado",MEDIA,OpenStreetMap,osm:way/1000304,4.651933,-74.148704
GYX-9C7B4A70C6,DEMO Ferreteria Tunjuelito 393,Ferreteria,Comercio,Calle 139 Sur #47-94,,Tunjuelito,Bogota D.C.,9.46,,,,,https://demo-ferreteria-393.example.com,https://facebook.com/demoferreteria393,,,,,,,,MEDIA,60,Inventario | Dashboard BI | Catalogo digital,"Buscar celular en el sitio web o formulario de contacto; presencia digital parcial, ofrecer lo que le falta; horario no publicado",MEDIA,OpenStreetMap,osm:node/1000393,4.559084,-74.151663
GYX-6788C477DA,DEMO Gimnasio Engativa 065,Gimnasio,Bienestar,Calle 111 Sur #12-16,,Engativa,Bogota D.C.,13.36,,,,,https://demo-gimnasio-65.example.com,,,,,,,,,MEDIA,60,Agenda online | CRM | Automatizacion de citas | Agente IA,"Buscar celular en el sitio web o formulario de contacto; presencia digital parcial, ofrecer lo que le falta; horario no publicado",MEDIA,OpenStreetMap,osm:node/1000065,4.710749,-74.117652
GYX-84C05F9736,DEMO Gimnasio Engativa 125,Gimnasio,Bienestar,Calle 26 Sur #75-28,,Engativa,Bogota D.C.,12.98,,,,,https://demo-gimnasio-125.example.com,,,,,,,,,MEDIA,60,Agenda online | CRM | Automatizacion de citas | Agente IA,"Buscar celular en el sitio web o formulario de contacto; presencia digital parcial, ofrecer lo que le falta; horario no publicado",MEDIA,OpenStreetMap,osm:node/1000125,4.706238,-74.119999
GYX-366EC3A954,DEMO Odontologia Bosa 160,Odontologia,Salud,Calle 156 Sur #94-73,,Bosa,Bogota D.C.,11.22,,,,,https://demo-odontologia-160.example.com,,https://instagram.com/demoodontologia160,,Mo-Sa 08:00-18:00,,,,,MEDIA,60,Agenda online | CRM | Automatizacion de citas | Agente IA,"Buscar celular en el sitio web o formulario de contacto; presencia digital parcial, ofrecer lo que le falta",MEDIA,OpenStreetMap,osm:way/1000160,4.604026,-74.176841
GYX-35E0355621,DEMO Odontologia Bosa 220,Odontologia,Salud,Calle 105 Sur #87-19,,Bosa,Bogota D.C.,12.53,,,,,https://demo-odontologia-220.example.com,,,,,,,,,MEDIA,60,Agenda online | CRM | Automatizacion de citas | Agente IA,"Buscar celular en el sitio web o formulario de contacto; presencia digital parcial, ofrecer lo que le falta; horario no publicado",MEDIA,OpenStreetMap,osm:way/1000220,4.61637,-74.187326
GYX-8048C26582,DEMO Odontologia Bosa 360,Odontologia,Salud,Calle 25 Sur #7-65,,Bosa,Bogota D.C.,11.94,,,,,https://demo-odontologia-360.example.com,,https://instagram.com/demoodontologia360,,,,,,,MEDIA,60,Agenda online | CRM | Automatizacion de citas | Agente IA,"Buscar celular en el sitio web o formulario de contacto; presencia digital parcial, ofrecer lo que le falta; horario no publicado",MEDIA,OpenStreetMap,osm:way/1000360,4.61871,-74.181517
GYX-43AA99032A,DEMO Papeleria Engativa 315,Papeleria,Comercio,Calle 115 Sur #76-81,,Engativa,Bogota D.C.,11.82,,,,,https://demo-papeleria-315.example.com,,,,,,,,,MEDIA,60,Inventario | Dashboard BI | Catalogo digital | Gestion de redes,"Buscar celular en el sitio web o formulario de contacto; presencia digital parcial, ofrecer lo que le falta; horario no publicado",MEDIA,OpenStreetMap,osm:node/1000315,4.691002,-74.127636
GYX-F0492EBC85,DEMO Papeleria Engativa 395,Papeleria,Comercio,Calle 98 Sur #82-19,,Engativa,Bogota D.C.,14.12,,,,,https://demo-papeleria-395.example.com,,,,Mo-Sa 08:00-18:00,,,,,MEDIA,60,Inventario | Dashboard BI | Catalogo digital | Gestion de redes,"Buscar celular en el sitio web o formulario de contacto; presencia digital parcial, ofrecer lo que le falta",MEDIA,OpenStreetMap,osm:node/1000395,4.719698,-74.112661
GYX-3E4E7F8BCF,DEMO Peluqueria Ciudad Bolivar 062,Peluqueria,Belleza,Calle 15 Sur #77-28,,Ciudad Bolivar,Bogota D.C.,10.71,,,,,https://demo-peluqueria-62.example.com,,https://instagram.com/demopeluqueria62,,,,,,,MEDIA,60,Agenda online | CRM | Automatizacion de citas | Agente IA,"Buscar celular en el sitio web o formulario de contacto; presencia digital parcial, ofrecer lo que le falta; horario no publicado",MEDIA,OpenStreetMap,osm:node/1000062,4.529402,-74.143584
GYX-40B99AFC80,DEMO Peluqueria Ciudad Bolivar 222,Peluqueria,Belleza,Calle 11 Sur #2-99,,Ciudad Bolivar,Bogota D.C.,13.88,,,,,https://demo-peluqueria-222.example.com,,,,,,,,,MEDIA,60,Agenda online | CRM | Automatizacion de citas | Agente IA,"Buscar celular en el sitio web o formulario de contacto; presencia digital parcial, ofrecer lo que le falta; horario no publicado",MEDIA,OpenStreetMap,osm:node/1000222,4.526174,-74.178111
GYX-C003F7D9DF,DEMO Peluqueria Ciudad Bolivar 262,Peluqueria,Belleza,Calle 98 Sur #33-12,,Ciudad Bolivar,Bogota D.C.,12.93,,,,,https://demo-peluqueria-262.example.com,,,,,,,,,MEDIA,60,Agenda online | CRM | Automatizacion de citas | Agente IA,"Buscar celular en el sitio web o formulario de contacto; presencia digital parcial, ofrecer lo que le falta; horario no publicado",MEDIA,OpenStreetMap,osm:node/1000262,4.524831,-74.166396
GYX-99CE1B7AA2,DEMO Veterinaria Kennedy 301,Veterinaria,Salud,Calle 132 Sur #20-87,,Kennedy,Bogota D.C.,9.26,,,,,https://demo-veterinaria-301.example.com,,,,,,,,,MEDIA,60,Agenda online | CRM | Automatizacion de citas | Agente IA,"Buscar celular en el sitio web o formulario de contacto; presencia digital parcial, ofrecer lo que le falta; horario no publicado",MEDIA,OpenStreetMap,osm:node/1000301,4.615087,-74.157554
GYX-16B73598AF,DEMO Cafeteria Suba 167,Cafeteria,Alimentacion,Calle 172 Sur #74-69,,Suba,Bogota D.C.,15.77,,,,,https://demo-cafeteria-167.example.com,,,,,,,,,MEDIA,60,Menu QR | Pedidos por WhatsApp | Chatbot IA | Pagina web,"Buscar celular en el sitio web o formulario de contacto; presencia digital parcial, ofrecer lo que le falta; horario no publicado",MEDIA,OpenStreetMap,osm:node/1000167,4.739097,-74.090919
GYX-D59EF23C26,DEMO Celulares Chapinero 019,Tienda especializada,Comercio,Calle 169 Sur #45-29,,Chapinero,Bogota D.C.,8.78,,,,,https://demo-celulares-19.example.com,,https://instagram.com/democelulares19,,,,,,,MEDIA,60,Inventario | Dashboard BI | Catalogo digital,"Buscar celular en el sitio web o formulario de contacto; presencia digital parcial, ofrecer lo que le falta; horario no publicado",MEDIA,OpenStreetMap,osm:node/1000019,4.66306,-74.030788
GYX-CE12142789,DEMO Celulares Chapinero 379,Tienda especializada,Comercio,Calle 115 Sur #93-50,,Chapinero,Bogota D.C.,7.34,,,,,https://demo-celulares-379.example.com,,,,Mo-Sa 08:00-18:00,,,,,MEDIA,60,Inventario | Dashboard BI | Catalogo digital | Gestion de redes,"Buscar celular en el sitio web o formulario de contacto; presencia digital parcial, ofrecer lo que le falta",MEDIA,OpenStreetMap,osm:node/1000379,4.660813,-74.055133
GYX-670B8826ED,DEMO Consultorio Chapinero 309,Consultorio medico,Salud,Calle 106 Sur #92-24,,Chapinero,Bogota D.C.,7.81,,,,,https://demo-consultorio-309.example.com,,,,Mo-Sa 08:00-18:00,,,,,MEDIA,60,Agenda online | CRM | Automatizacion de citas | Agente IA,"Buscar celular en el sitio web o formulario de contacto; presencia digital parcial, ofrecer lo que le falta",MEDIA,OpenStreetMap,osm:node/1000309,4.660149,-74.042877
GYX-07DEC46E99,DEMO Consultorio Chapinero 349,Consultorio medico,Salud,Calle 29 Sur #59-81,,Chapinero,Bogota D.C.,6.31,,,,,https://demo-consultorio-349.example.com,,https://instagram.com/democonsultorio349,,Mo-Sa 08:00-18:00,,,,,MEDIA,60,Agenda online | CRM | Automatizacion de citas | Agente IA,"Buscar celular en el sitio web o formulario de contacto; presencia digital parcial, ofrecer lo que le falta",MEDIA,OpenStreetMap,osm:node/1000349,4.648904,-74.050503
GYX-2E67754D13,DEMO Minimercado Suba 117,Minimercado,Comercio,Calle 3 Sur #50-72,,Suba,Bogota D.C.,18.69,,,,,https://demo-minimercado-117.example.com,,,,,,,,,MEDIA,60,Inventario | Dashboard BI | Catalogo digital | Gestion de redes,"Buscar celular en el sitio web o formulario de contacto; presencia digital parcial, ofrecer lo que le falta; horario no publicado",MEDIA,OpenStreetMap,osm:node/1000117,4.76578,-74.086878
GYX-CE7B045804,DEMO Minimercado Suba 197,Minimercado,Comercio,Calle 60 Sur #42-34,,Suba,Bogota D.C.,17.77,,,,,https://demo-minimercado-197.example.com,,,,,,,DEMO Operador 10,,MEDIA,60,Inventario | Dashboard BI | Catalogo digital | Gestion de redes,"Buscar celular en el sitio web o formulario de contacto; presencia digital parcial, ofrecer lo que le falta; horario no publicado",MEDIA,OpenStreetMap,osm:node/1000197,4.757787,-74.068954
GYX-1A5A0EEEFB,DEMO Panaderia Usaquen 028,Panaderia,Alimentacion,Calle 17 Sur #15-39,,Usaquen,Bogota D.C.,14.26,,,,,https://demo-panaderia-28.example.com,https://facebook.com/demopanaderia28,,,,,,,,MEDIA,60,Menu QR | Pedidos por WhatsApp | Chatbot IA | Pagina web,"Buscar celular en el sitio web o formulario de contacto; presencia digital parcial, ofrecer lo que le falta; horario no publicado",MEDIA,OpenStreetMap,osm:way/1000028,4.720697,-74.038182
GYX-A28C8B87FF,DEMO Panaderia Usaquen 388,Panaderia,Alimentacion,Calle 139 Sur #92-53,,Usaquen,Bogota D.C.,15.46,,,,,https://demo-panaderia-388.example.com,,,,,,,,,MEDIA,60,Menu QR | Pedidos por WhatsApp | Chatbot IA | Pagina web,"Buscar celular en el sitio web o formulario de contacto; presencia digital parcial, ofrecer lo que le falta; horario no publicado",MEDIA,OpenStreetMap,osm:way/1000388,4.733588,-74.044656
GYX-B6897E5B2E,DEMO Ropa Usaquen 018,Tienda de ropa,Comercio,Calle 103 Sur #96-20,,Usaquen,Bogota D.C.,16.32,,,,,https://demo-ropa-18.example.com,,https://instagram.com/demoropa18,,,,,,,MEDIA,60,Inventario | Dashboard BI | Catalogo digital,"Buscar celular en el sitio web o formulario de contacto; presencia digital parcial, ofrecer lo que le falta; horario no publicado",MEDIA,OpenStreetMap,osm:node/1000018,4.738866,-74.034166
GYX-032BD4E612,DEMO Ropa Usaquen 098,Tienda de ropa,Comercio,Calle 27 Sur #34-39,,Usaquen,Bogota D.C.,13.89,,,,,https://demo-ropa-98.example.com,,,,,,,DEMO Operador 18,,MEDIA,60,Inventario | Dashboard BI | Catalogo digital | Gestion de redes,"Buscar celular en el sitio web o formulario de contacto; presencia digital parcial, ofrecer lo que le falta; horario no publicado",MEDIA,OpenStreetMap,osm:node/1000098,4.718099,-74.040962
GYX-C6F63E23E5,DEMO Ropa Usaquen 278,Tienda de ropa,Comercio,Calle 48 Sur #56-52,,Chapinero,Bogota D.C.,12.74,,,,,https://demo-ropa-278.example.com,,,,,,,,,MEDIA,60,Inventario | Dashboard BI | Catalogo digital | Gestion de redes,"Buscar celular en el sitio web o formulario de contacto; presencia digital parcial, ofrecer lo que le falta; horario no publicado",MEDIA,OpenStreetMap,osm:node/1000278,4.703744,-74.031422
GYX-787961735E,DEMO Ropa Usaquen 358,Tienda de ropa,Comercio,Calle 122 Sur #72-80,,Usaquen,Bogota D.C.,15.94,,,,,https://demo-ropa-358.example.com,,,,Mo-Sa 08:00-18:00,,,,,MEDIA,60,Inventario | Dashboard BI | Catalogo digital | Gestion de redes,"Buscar celular en el sitio web o formulario de contacto; presencia digital parcial, ofrecer lo que le falta",MEDIA,OpenStreetMap,osm:node/1000358,4.732469,-74.025734
GYX-4213CB11C1,DEMO Papeleria Engativa 275,Papeleria,Comercio,Calle 53 Sur #67-22,,Barrios Unidos,Bogota D.C.,9.95,,,,,https://demo-papeleria-275.example.com,https://facebook.com/demopapeleria275,https://instagram.com/demopapeleria275,,,,,,,ALTA,60,Inventario | Dashboard BI | Catalogo digital,"Buscar celular en el sitio web o formulario de contacto; ya tiene web y redes, entrar por automatizacion e ia; horario no publicado",MEDIA,OpenStreetMap,osm:node/1000275,4.685831,-74.093286
GYX-7DC522C976,DEMO Floristeria Puente Aranda 056,Floristeria,Comercio,Calle 40 Sur #20-76,,Puente Aranda,Bogota D.C.,5.68,,,,,https://demo-floristeria-56.example.com,,,,,,,,,MEDIA,60,Inventario | Dashboard BI | Catalogo digital | Gestion de redes,"Buscar celular en el sitio web o formulario de contacto; presencia digital parcial, ofrecer lo que le falta; horario no publicado; posible cadena: la decision de compra suele ser centralizada",BAJA,OpenStreetMap,osm:way/1000056,4.609939,-74.125638
GYX-B9CD1AECEB,DEMO Floristeria Puente Aranda 316,Floristeria,Comercio,Calle 59 Sur #28-81,,Puente Aranda,Bogota D.C.,5.8,,,,,https://demo-floristeria-316.example.com,,,,Mo-Sa 08:00-18:00,,,,,MEDIA,60,Inventario | Dashboard BI | Catalogo digital | Gestion de redes,"Buscar celular en el sitio web o formulario de contacto; presencia digital parcial, ofrecer lo que le falta; posible cadena: la decision de compra suele ser centralizada",BAJA,OpenStreetMap,osm:way/1000316,4.638589,-74.108772
GYX-A30345A842,DEMO Inmobiliaria Bosa 030,Inmobiliaria,Servicios profesionales,Calle 5 Sur #82-21,,Bosa,Bogota D.C.,13.82,,,,,https://demo-inmobiliaria-30.example.com,https://facebook.com/demoinmobiliaria30,,,,,,,,MEDIA,60,Landing page | CRM | Automatizacion de leads | Power BI,"Buscar celular en el sitio web o formulario de contacto; presencia digital parcial, ofrecer lo que le falta; horario no publicado; posible cadena: la decision de compra suele ser centralizada",BAJA,OpenStreetMap,osm:node/1000030,4.615811,-74.199243
GYX-41E29DD242,DEMO Restaurante Puente Aranda 286,Restaurante,Alimentacion,Calle 8 Sur #55-60,,Puente Aranda,Bogota D.C.,4.92,,,,,https://demo-restaurante-286.example.com,,,,Mo-Sa 08:00-18:00,,,,,MEDIA,60,Menu QR | Pedidos por WhatsApp | Chatbot IA | Pagina web,"Buscar celular en el sitio web o formulario de contacto; presencia digital parcial, ofrecer lo que le falta; posible cadena: la decision de compra suele ser centralizada",BAJA,OpenStreetMap,osm:node/1000286,4.606146,-74.119433
GYX-A69D7C071B,DEMO Contaduria Kennedy 251,Contaduria,Servicios profesionales,Calle 125 Sur #18-77,,Bosa,Bogota D.C.,9.96,+57 601 3834668,,,,,,https://instagram.com/democontaduria251,,Mo-Sa 08:00-18:00,,,,,MEDIA,40,Landing page | CRM | Automatizacion de leads | Power BI,"Llamar a fijo y pedir el celular del propietario; presencia digital parcial, ofrecer lo que le falta",MEDIA,OpenStreetMap,osm:node/1000251,4.602582,-74.165586
GYX-B4A3EE6780,DEMO Estetica Fontibon 184,Centro estetico,Belleza,Calle 24 Sur #22-56,,Fontibon,Bogota D.C.,10.9,+57 601 2766089,,,,,,https://instagram.com/demoestetica184,,,,,,,MEDIA,40,Agenda online | CRM | Automatizacion de citas | Agente IA | Pagina web,"Llamar a fijo y pedir el celular del propietario; presencia digital parcial, ofrecer lo que le falta; horario no publicado",MEDIA,OpenStreetMap,osm:way/1000184,4.663731,-74.148794
GYX-54080E654E,DEMO Estetica Fontibon 224,Centro estetico,Belleza,Calle 126 Sur #6-87,,Fontibon,Bogota D.C.,10.99,+57 601 5649992,,,,,https://facebook.com/demoestetica224,,,Mo-Sa 08:00-18:00,,,,,MEDIA,40,Agenda online | CRM | Automatizacion de citas | Agente IA | Pagina web,"Llamar a fijo y pedir el celular del propietario; presencia digital parcial, ofrecer lo que le falta",MEDIA,OpenStreetMap,osm:way/1000224,4.67949,-74.132079
GYX-6EDCE9D37D,DEMO Gimnasio Engativa 045,Gimnasio,Bienestar,Calle 130 Sur #58-44,,Engativa,Bogota D.C.,10.01,+57 601 4152222,,,,,,https://instagram.com/demogimnasio45,,Mo-Sa 08:00-18:00,,,,,MEDIA,40,Agenda online | CRM | Automatizacion de citas | Agente IA | Pagina web,"Llamar a fijo y pedir el celular del propietario; presencia digital parcial, ofrecer lo que le falta",MEDIA,OpenStreetMap,osm:node/1000045,4.6807,-74.111641
GYX-8500083548,DEMO Veterinaria Kennedy 261,Veterinaria,Salud,Calle 115 Sur #89-24,,Kennedy,Bogota D.C.,9.26,+57 601 6893859,,,,,,https://instagram.com/demoveterinaria261,,,,,,,MEDIA,40,Agenda online | CRM | Automatizacion de citas | Agente IA | Pagina web,"Llamar a fijo y pedir el celular del propietario; presencia digital parcial, ofrecer lo que le falta; horario no publicado",MEDIA,OpenStreetMap,osm:node/1000261,4.611001,-74.15838
GYX-F4B7ADD297,DEMO Cafeteria Suba 027,Cafeteria,Alimentacion,Calle 111 Sur #66-61,,Suba,Bogota D.C.,18.47,+57 601 4006842,,,,,https://facebook.com/democafeteria27,,,,,,DEMO Operador 11,,MEDIA,40,Menu QR | Pedidos por WhatsApp | Chatbot IA | Pagina web,"Llamar a fijo y pedir el celular del propietario; presencia digital parcial, ofrecer lo que le falta; horario no publicado",MEDIA,OpenStreetMap,osm:node/1000027,4.763298,-74.093541
GYX-5867B52190,DEMO Cafeteria Suba 147,Cafeteria,Alimentacion,Calle 119 Sur #11-29,,Suba,Bogota D.C.,18.55,+57 601 2316651,,,,,https://facebook.com/democafeteria147,,,,,,,,MEDIA,40,Menu QR | Pedidos por WhatsApp | Chatbot IA | Pagina web,"Llamar a fijo y pedir el celular del propietario; presencia digital parcial, ofrecer lo que le falta; horario no publicado",MEDIA,OpenStreetMap,osm:node/1000147,4.764655,-74.085133
GYX-364945DC13,DEMO Consultorio Chapinero 149,Consultorio medico,Salud,Calle 14 Sur #5-81,,Teusaquillo,Bogota D.C.,4.47,+57 601 6698976,,,,,https://facebook.com/democonsultorio149,,,,,,,,MEDIA,40,Agenda online | CRM | Automatizacion de citas | Agente IA | Pagina web,"Llamar a fijo y pedir el celular del propietario; presencia digital parcial, ofrecer lo que le falta; horario no publicado",MEDIA,OpenStreetMap,osm:node/1000149,4.637229,-74.066654
GYX-7E47793BAD,DEMO Consultorio Chapinero 189,Consultorio medico,Salud,Calle 37 Sur #92-40,,Chapinero,Bogota D.C.,7.33,+57 601 3731538,,,,,,https://instagram.com/democonsultorio189,,,,,,,MEDIA,40,Agenda online | CRM | Automatizacion de citas | Agente IA | Pagina web,"Llamar a fijo y pedir el celular del propietario; presencia digital parcial, ofrecer lo que le falta; horario no publicado",MEDIA,OpenStreetMap,osm:node/1000189,4.657383,-74.046846
GYX-A077FCE0AE,DEMO Minimercado Suba 097,Minimercado,Comercio,Calle 131 Sur #40-18,,Suba,Bogota D.C.,16.51,+57 601 2498830,,,,,,https://instagram.com/demominimercado97,,,,,,,MEDIA,40,Inventario | Dashboard BI | Catalogo digital | Pagina web,"Llamar a fijo y pedir el celular del propietario; presencia digital parcial, ofrecer lo que le falta; horario no publicado",MEDIA,OpenStreetMap,osm:node/1000097,4.74661,-74.075473
GYX-B6420B94DB,DEMO Panaderia Usaquen 228,Panaderia,Alimentacion,Calle 133 Sur #10-56,,Chapinero,Bogota D.C.,14.25,+57 601 4216099,,,,,https://facebook.com/demopanaderia228,,,,,,,,MEDIA,40,Menu QR | Pedidos por WhatsApp | Chatbot IA | Pagina web,"Llamar a fijo y pedir el celular del propietario; presencia digital parcial, ofrecer lo que le falta; horario no publicado",MEDIA,OpenStreetMap,osm:way/1000228,4.709168,-74.011683
GYX-B855E866C9,DEMO Ropa Usaquen 218,Tienda de ropa,Comercio,Calle 143 Sur #75-63,,Chapinero,Bogota D.C.,13.16,+57 601 4468231,,,,,,https://instagram.com/demoropa218,,,,,,,MEDIA,40,Inventario | Dashboard BI | Catalogo digital | Pagina web,"Llamar a fijo y pedir el celular del propietario; presencia digital parcial, ofrecer lo que le falta; horario no publicado",MEDIA,OpenStreetMap,osm:node/1000218,4.705877,-74.026837
GYX-86A33C7B41,DEMO Ropa Usaquen 298,Tienda de ropa,Comercio,Calle 156 Sur #25-30,,Usaquen,Bogota D.C.,14.42,+57 601 2091005,,,,,,https://instagram.com/demoropa298,,,,,,,MEDIA,40,Inventario | Dashboard BI | Catalogo digital | Pagina web,"Llamar a fijo y pedir el celular del propietario; presencia digital parcial, ofrecer lo que le falta; horario no publicado",MEDIA,OpenStreetMap,osm:node/1000298,4.71274,-74.014952
GYX-F3E95F2B98,DEMO Abogados Ciudad Bolivar 012,Abogados,Servicios profesionales,Calle 30 Sur #63-69,,Ciudad Bolivar,Bogota D.C.,11.83,,,,,,,https://instagram.com/demoabogados12,,,,,,,MEDIA,40,Landing page | CRM | Automatizacion de leads | Power BI,"Escribir por mensaje directo en redes sociales; presencia digital parcial, ofrecer lo que le falta; horario no publicado",BAJA,OpenStreetMap,osm:way/1000012,4.534091,-74.161034
GYX-635769F7FC,DEMO Abogados Ciudad Bolivar 172,Abogados,Servicios profesionales,Calle 132 Sur #35-20,,Ciudad Bolivar,Bogota D.C.,12.85,,,,,,,https://instagram.com/demoabogados172,,,,,,,MEDIA,40,Landing page | CRM | Automatizacion de leads | Power BI,"Escribir por mensaje directo en redes sociales; presencia digital parcial, ofrecer lo que le falta; horario no publicado",BAJA,OpenStreetMap,osm:way/1000172,4.514815,-74.156228
GYX-19802505CC,DEMO Abogados Ciudad Bolivar 272,Abogados,Servicios profesionales,Calle 117 Sur #91-81,,Ciudad Bolivar,Bogota D.C.,11.52,,,,,,https://facebook.com/demoabogados272,https://instagram.com/demoabogados272,,,,,DEMO Operador 8,,MEDIA,40,Landing page | CRM | Automatizacion de leads | Power BI,"Escribir por mensaje directo en redes sociales; presencia digital parcial, ofrecer lo que le falta; horario no publicado",BAJA,OpenStreetMap,osm:way/1000272,4.547218,-74.16633
GYX-ED0F12300C,DEMO Abogados Ciudad Bolivar 292,Abogados,Servicios profesionales,Calle 132 Sur #39-85,,Ciudad Bolivar,Bogota D.C.,11.14,,,,,,,https://instagram.com/demoabogados292,,,,,,,MEDIA,40,Landing page | CRM | Automatizacion de leads | Power BI,"Escribir por mensaje directo en redes sociales; presencia digital parcial, ofrecer lo que le falta; horario no publicado",BAJA,OpenStreetMap,osm:way/1000292,4.527413,-74.146993
GYX-BEAF158DA1,DEMO Abogados Ciudad Bolivar 392,Abogados,Servicios profesionales,Calle 91 Sur #74-23,,Ciudad Bolivar,Bogota D.C.,12.09,,,,,,https://facebook.com/demoabogados392,,,Mo-Sa 08:00-18:00,,,,,MEDIA,40,Landing page | CRM | Automatizacion de leads | Power BI,"Escribir por mensaje directo en redes sociales; presencia digital parcial, ofrecer lo que le falta",BAJA,OpenStreetMap,osm:way/1000392,4.539349,-74.167539
GYX-CC2C8EC3AE,DEMO Contaduria Kennedy 011,Contaduria,Servicios profesionales,Calle 39 Sur #69-22,,Bosa,Bogota D.C.,10.45,,,,,,,https://instagram.com/democontaduria11,,,,,,,MEDIA,40,Landing page | CRM | Automatizacion de leads | Power BI,"Escribir por mensaje directo en redes sociales; presencia digital parcial, ofrecer lo que le falta; horario no publicado",BAJA,OpenStreetMap,osm:node/1000011,4.602103,-74.169991
GYX-8375C8EBF6,DEMO Contaduria Kennedy 151,Contaduria,Servicios profesionales,Calle 91 Sur #8-80,,Kennedy,Bogota D.C.,9.31,,,,,,,https://instagram.com/democontaduria151,,,,,,,MEDIA,40,Landing page | CRM | Automatizacion de leads | Power BI,"Escribir por mensaje directo en redes sociales; presencia digital parcial, ofrecer lo que le falta; horario no publicado",BAJA,OpenStreetMap,osm:node/1000151,4.601545,-74.159766
GYX-7155BB27C4,DEMO Drogueria Fontibon 034,Drogueria,Salud,Calle 163 Sur #18-61,,Fontibon,Bogota D.C.,13.51,,,,,,https://facebook.com/demodrogueria34,,,,,,,,MEDIA,40,Agenda online | CRM | Automatizacion de citas | Agente IA | Pagina web,"Escribir por mensaje directo en redes sociales; presencia digital parcial, ofrecer lo que le falta; horario no publicado",BAJA,OpenStreetMap,osm:node/1000034,4.689298,-74.156292
GYX-3C9110C53F,DEMO Drogueria Fontibon 374,Drogueria,Salud,Calle 129 Sur #55-76,,Fontibon,Bogota D.C.,10.56,,,,,,,https://instagram.com/demodrogueria374,,,,,,,MEDIA,40,Agenda online | CRM | Automatizacion de citas | Agente IA | Pagina web,"Escribir por mensaje directo en redes sociales; presencia digital parcial, ofrecer lo que le falta; horario no publicado",BAJA,OpenStreetMap,osm:node/1000374,4.668293,-74.139966
GYX-B2538B97BE,DEMO Ferreteria Tunjuelito 333,Ferreteria,Comercio,Calle 54 Sur #86-64,,Tunjuelito,Bogota D.C.,7.61,,,,,,,https://instagram.com/demoferreteria333,,Mo-Sa 08:00-18:00,,,,,MEDIA,40,Inventario | Dashboard BI | Catalogo digital | Pagina web,"Escribir por mensaje directo en redes sociales; presencia digital parcial, ofrecer lo que le falta",BAJA,OpenStreetMap,osm:node/1000333,4.55835,-74.131675
GYX-213C5088BB,DEMO Ferreteria Tunjuelito 353,Ferreteria,Comercio,Calle 161 Sur #84-75,,Tunjuelito,Bogota D.C.,8.23,,,,,,https://facebook.com/demoferreteria353,,,,,,,,MEDIA,40,Inventario | Dashboard BI | Catalogo digital | Pagina web,"Escribir por mensaje directo en redes sociales; presencia digital parcial, ofrecer lo que le falta; horario no publicado",BAJA,OpenStreetMap,osm:node/1000353,4.560293,-74.139619
GYX-F639A4F33D,DEMO Ferreteria Tunjuelito 373,Ferreteria,Comercio,Calle 60 Sur #80-21,,Tunjuelito,Bogota D.C.,7.99,,,,,,https://facebook.com/demoferreteria373,,,Mo-Sa 08:00-18:00,,,,,MEDIA,40,Inventario | Dashboard BI | Catalogo digital | Pagina web,"Escribir por mensaje directo en redes sociales; presencia digital parcial, ofrecer lo que le falta",BAJA,OpenStreetMap,osm:node/1000373,4.568087,-74.141263
GYX-96D200C570,DEMO Floristeria Puente Aranda 216,Floristeria,Comercio,Calle 40 Sur #52-87,,Puente Aranda,Bogota D.C.,4.14,,,,,,,https://instagram.com/demofloristeria216,,,,,,,MEDIA,40,Inventario | Dashboard BI | Catalogo digital | Pagina web,"Escribir por mensaje directo en redes sociales; presencia digital parcial, ofrecer lo que le falta; horario no publicado; posible cadena: la decision de compra suele ser centralizada",BAJA,OpenStreetMap,osm:way/1000216,4.621388,-74.104971
GYX-0FD55E4E98,DEMO Gimnasio Engativa 105,Gimnasio,Bienestar,Calle 155 Sur #65-70,,Engativa,Bogota D.C.,13.41,,,,,,,https://instagram.com/demogimnasio105,,,,,,,MEDIA,40,Agenda online | CRM | Automatizacion de citas | Agente IA | Pagina web,"Escribir por mensaje directo en redes sociales; presencia digital parcial, ofrecer lo que le falta; horario no publicado",BAJA,OpenStreetMap,osm:node/1000105,4.716413,-74.09923
GYX-B750FECC98,DEMO Gimnasio Engativa 225,Gimnasio,Bienestar,Calle 149 Sur #57-24,,Engativa,Bogota D.C.,13.55,,,,,,,https://instagram.com/demogimnasio225,,,,,,,MEDIA,40,Agenda online | CRM | Automatizacion de citas | Agente IA | Pagina web,"Escribir por mensaje directo en redes sociales; presencia digital parcial, ofrecer lo que le falta; horario no publicado",BAJA,OpenStreetMap,osm:node/1000225,4.707757,-74.129149
GYX-E9EF3C81B5,DEMO Gimnasio Engativa 265,Gimnasio,Bienestar,Calle 149 Sur #48-18,,Engativa,Bogota D.C.,11.98,,,,,,,https://instagram.com/demogimnasio265,,,,,,,MEDIA,40,Agenda online | CRM | Automatizacion de citas | Agente IA | Pagina web,"Escribir por mensaje directo en redes sociales; presencia digital parcial, ofrecer lo que le falta; horario no publicado",BAJA,OpenStreetMap,osm:node/1000265,4.704742,-74.090892
GYX-33AEF452F2,DEMO Gimnasio Engativa 385,Gimnasio,Bienestar,Calle 169 Sur #54-17,,Engativa,Bogota D.C.,13.22,,,,,,https://facebook.com/demogimnasio385,,,,,,,,MEDIA,40,Agenda online | CRM | Automatizacion de citas | Agente IA | Pagina web,"Escribir por mensaje directo en redes sociales; presencia digital parcial, ofrecer lo que le falta; horario no publicado",BAJA,OpenStreetMap,osm:node/1000385,4.713947,-74.102695
GYX-8779486662,DEMO Inmobiliaria Bosa 010,Inmobiliaria,Servicios profesionales,Calle 144 Sur #51-60,,Bosa,Bogota D.C.,11.09,+57 601 3068889,,,,,https://facebook.com/demoinmobiliaria10,https://instagram.com/demoinmobiliaria10,,Mo-Sa 08:00-18:00,,,,,MEDIA,40,Landing page | CRM | Automatizacion de leads | Power BI,"Llamar a fijo y pedir el celular del propietario; presencia digital parcial, ofrecer lo que le falta; posible cadena: la decision de compra suele ser centralizada",BAJA,OpenStreetMap,osm:node/1000010,4.611199,-74.175019
GYX-EDDB325BBD,DEMO Inmobiliaria Bosa 230,Inmobiliaria,Servicios profesionales,Calle 17 Sur #65-43,,Bosa,Bogota D.C.,13.24,+57 601 7879653,,,,,,https://instagram.com/demoinmobiliaria230,,,,,,,MEDIA,40,Landing page | CRM | Automatizacion de leads | Power BI,"Llamar a fijo y pedir el celular del propietario; presencia digital parcial, ofrecer lo que le falta; horario no publicado; posible cadena: la decision de compra suele ser centralizada",BAJA,OpenStreetMap,osm:node/1000230,4.585746,-74.194623
GYX-7D2EA0969F,DEMO Inmobiliaria Bosa 330,Inmobiliaria,Servicios profesionales,Calle 123 Sur #97-23,,Bosa,Bogota D.C.,12.93,,,,,,,https://instagram.com/demoinmobiliaria330,,,,,,,MEDIA,40,Landing page | CRM | Automatizacion de leads | Power BI,"Escribir por mensaje directo en redes sociales; presencia digital parcial, ofrecer lo que le falta; horario no publicado; posible cadena: la decision de compra suele ser centralizada",BAJA,OpenStreetMap,osm:node/1000330,4.581653,-74.191283
GYX-6E4E182595,DEMO Odontologia Bosa 320,Odontologia,Salud,Calle 180 Sur #38-12,,Bosa,Bogota D.C.,14.05,,,,,,https://facebook.com/demoodontologia320,,,Mo-Sa 08:00-18:00,,,,,MEDIA,40,Agenda online | CRM | Automatizacion de citas | Agente IA | Pagina web,"Escribir por mensaje directo en redes sociales; presencia digital parcial, ofrecer lo que le falta",BAJA,OpenStreetMap,osm:way/1000320,4.610933,-74.201953
GYX-4B935250BC,DEMO Papeleria Engativa 035,Papeleria,Comercio,Calle 98 Sur #65-95,,Engativa,Bogota D.C.,9.84,,,,,,https://facebook.com/demopapeleria35,,,,,,DEMO Operador 12,,MEDIA,40,Inventario | Dashboard BI | Catalogo digital | Pagina web,"Escribir por mensaje directo en redes sociales; presencia digital parcial, ofrecer lo que le falta; horario no publicado",BAJA,OpenStreetMap,osm:node/1000035,4.682216,-74.103391
GYX-8C49FCAD00,DEMO Papeleria Engativa 375,Papeleria,Comercio,Calle 48 Sur #27-49,,Engativa,Bogota D.C.,12.62,,,,,,https://facebook.com/demopapeleria375,https://instagram.com/demopapeleria375,,,,,,,MEDIA,40,Inventario | Dashboard BI | Catalogo digital | Pagina web,"Escribir por mensaje directo en redes sociales; presencia digital parcial, ofrecer lo que le falta; horario no publicado",BAJA,OpenStreetMap,osm:node/1000375,4.707648,-74.105411
GYX-843E6D13C2,DEMO Peluqueria Ciudad Bolivar 382,Peluqueria,Belleza,Calle 87 Sur #47-25,,Ciudad Bolivar,Bogota D.C.,11.35,,,,,,https://facebook.com/demopeluqueria382,,,,,,,,MEDIA,40,Agenda online | CRM | Automatizacion de citas | Agente IA | Pagina web,"Escribir por mensaje directo en redes sociales; presencia digital parcial, ofrecer lo que le falta; horario no publicado",BAJA,OpenStreetMap,osm:node/1000382,4.525475,-74.147724
GYX-ADF96319D8,DEMO Restaurante Puente Aranda 046,Restaurante,Alimentacion,Calle 94 Sur #30-73,,Puente Aranda,Bogota D.C.,3.23,,,,,,https://facebook.com/demorestaurante46,https://instagram.com/demorestaurante46,,,,,,,MEDIA,40,Menu QR | Pedidos por WhatsApp | Chatbot IA | Pagina web,"Escribir por mensaje directo en redes sociales; presencia digital parcial, ofrecer lo que le falta; horario no publicado; posible cadena: la decision de compra suele ser centralizada",BAJA,OpenStreetMap,osm:node/1000046,4.62035,-74.094526
GYX-2F6B0E523C,DEMO Restaurante Puente Aranda 386,Restaurante,Alimentacion,Calle 82 Sur #35-56,,Puente Aranda,Bogota D.C.,6.37,+57 601 5617462,,,,,,https://instagram.com/demorestaurante386,,,,,,,MEDIA,40,Menu QR | Pedidos por WhatsApp | Chatbot IA | Pagina web,"Llamar a fijo y pedir el celular del propietario; presencia digital parcial, ofrecer lo que le falta; horario no publicado; posible cadena: la decision de compra suele ser centralizada",BAJA,OpenStreetMap,osm:node/1000386,4.638081,-74.116918
GYX-928CC3C5F3,DEMO Veterinaria Kennedy 001,Veterinaria,Salud,Calle 16 Sur #73-25,,Kennedy,Bogota D.C.,8.1,,,,,,https://facebook.com/demoveterinaria1,,,Mo-Sa 08:00-18:00,,,,,MEDIA,40,Agenda online | CRM | Automatizacion de citas | Agente IA | Pagina web,"Escribir por mensaje directo en redes sociales; presencia digital parcial, ofrecer lo que le falta",BAJA,OpenStreetMap,osm:node/1000001,4.609627,-74.147958
GYX-FCDFE100C0,DEMO Veterinaria Kennedy 021,Veterinaria,Salud,Calle 150 Sur #67-63,,Kennedy,Bogota D.C.,8.6,,,,,,,https://instagram.com/demoveterinaria21,,,,,,,MEDIA,40,Agenda online | CRM | Automatizacion de citas | Agente IA | Pagina web,"Escribir por mensaje directo en redes sociales; presencia digital parcial, ofrecer lo que le falta; horario no publicado",BAJA,OpenStreetMap,osm:node/1000021,4.614151,-74.151674
GYX-67901A40D0,DEMO Veterinaria Kennedy 181,Veterinaria,Salud,Calle 63 Sur #42-36,,Kennedy,Bogota D.C.,8.97,,,,,,https://facebook.com/demoveterinaria181,,,,,,,,MEDIA,40,Agenda online | CRM | Automatizacion de citas | Agente IA | Pagina web,"Escribir por mensaje directo en redes sociales; presencia digital parcial, ofrecer lo que le falta; horario no publicado",BAJA,OpenStreetMap,osm:node/1000181,4.638758,-74.145677
GYX-1A98F3A345,DEMO Veterinaria Kennedy 341,Veterinaria,Salud,Calle 43 Sur #89-46,,Kennedy,Bogota D.C.,8.25,,,,,,https://facebook.com/demoveterinaria341,,,Mo-Sa 08:00-18:00,,,,,MEDIA,40,Agenda online | CRM | Automatizacion de citas | Agente IA | Pagina web,"Escribir por mensaje directo en redes sociales; presencia digital parcial, ofrecer lo que le falta",BAJA,OpenStreetMap,osm:node/1000341,4.624424,-74.145429
GYX-2D4B36542B,DEMO Cafeteria Suba 267,Cafeteria,Alimentacion,Calle 3 Sur #86-39,,Suba,Bogota D.C.,16.86,,,,,,,https://instagram.com/democafeteria267,,,,,,,MEDIA,40,Menu QR | Pedidos por WhatsApp | Chatbot IA | Pagina web,"Escribir por mensaje directo en redes sociales; presencia digital parcial, ofrecer lo que le falta; horario no publicado",BAJA,OpenStreetMap,osm:node/1000267,4.749651,-74.079528
GYX-4F512548D7,DEMO Cafeteria Suba 287,Cafeteria,Alimentacion,Calle 16 Sur #32-19,,Suba,Bogota D.C.,18.12,,,,,,,https://instagram.com/democafeteria287,,,,,,,MEDIA,40,Menu QR | Pedidos por WhatsApp | Chatbot IA | Pagina web,"Escribir por mensaje directo en redes sociales; presencia digital parcial, ofrecer lo que le falta; horario no publicado",BAJA,OpenStreetMap,osm:node/1000287,4.760998,-74.079482
GYX-5EBBEEEBAE,DEMO Celulares Chapinero 059,Tienda especializada,Comercio,Calle 64 Sur #4-62,,Chapinero,Bogota D.C.,5.91,,,,,,,https://instagram.com/democelulares59,,,,,,,MEDIA,40,Inventario | Dashboard BI | Catalogo digital | Pagina web,"Escribir por mensaje directo en redes sociales; presencia digital parcial, ofrecer lo que le falta; horario no publicado",BAJA,OpenStreetMap,osm:node/1000059,4.649012,-74.060609
GYX-4BFB91E96C,DEMO Celulares Chapinero 079,Tienda especializada,Comercio,Calle 34 Sur #2-16,,Chapinero,Bogota D.C.,6.58,,,,,,https://facebook.com/democelulares79,,,,,,,,MEDIA,40,Inventario | Dashboard BI | Catalogo digital | Pagina web,"Escribir por mensaje directo en redes sociales; presencia digital parcial, ofrecer lo que le falta; horario no publicado",BAJA,OpenStreetMap,osm:node/1000079,4.644589,-74.039078
GYX-B27245C0CC,DEMO Celulares Chapinero 239,Tienda especializada,Comercio,Calle 15 Sur #54-88,,Chapinero,Bogota D.C.,7.87,,,,,,https://facebook.com/democelulares239,,,,,,,,MEDIA,40,Inventario | Dashboard BI | Catalogo digital | Pagina web,"Escribir por mensaje directo en redes sociales; presencia digital parcial, ofrecer lo que le falta; horario no publicado",BAJA,OpenStreetMap,osm:node/1000239,4.652566,-74.030499
GYX-26488A9E6D,DEMO Consultorio Chapinero 169,Consultorio medico,Salud,Calle 175 Sur #46-41,,Chapinero,Bogota D.C.,5.16,,,,,,,https://instagram.com/democonsultorio169,,,,,,,MEDIA,40,Agenda online | CRM | Automatizacion de citas | Agente IA | Pagina web,"Escribir por mensaje directo en redes sociales; presencia digital parcial, ofrecer lo que le falta; horario no publicado",BAJA,OpenStreetMap,osm:node/1000169,4.642995,-74.064135
GYX-A0CD83C717,DEMO Consultorio Chapinero 329,Consultorio medico,Salud,Calle 13 Sur #52-40,,Barrios Unidos,Bogota D.C.,7.16,,,,,,https://facebook.com/democonsultorio329,,,,,,,,MEDIA,40,Agenda online | CRM | Automatizacion de citas | Agente IA | Pagina web,"Escribir por mensaje directo en redes sociales; presencia digital parcial, ofrecer lo que le falta; horario no publicado",BAJA,OpenStreetMap,osm:node/1000329,4.662109,-74.068477
GYX-455A837FB6,DEMO Floristeria Puente Aranda 116,Floristeria,Comercio,Calle 162 Sur #21-42,,Los Martires,Bogota D.C.,3.28,,,,,,,https://instagram.com/demofloristeria116,,,,,,,MEDIA,40,Inventario | Dashboard BI | Catalogo digital | Pagina web,"Escribir por mensaje directo en redes sociales; presencia digital parcial, ofrecer lo que le falta; horario no publicado; posible cadena: la decision de compra suele ser centralizada",BAJA,OpenStreetMap,osm:way/1000116,4.616783,-74.098705
GYX-242792E0BF,DEMO Floristeria Puente Aranda 136,Floristeria,Comercio,Calle 169 Sur #20-70,,Teusaquillo,Bogota D.C.,3.27,,,,,,,https://instagram.com/demofloristeria136,,,,,,,MEDIA,40,Inventario | Dashboard BI | Catalogo digital | Pagina web,"Escribir por mensaje directo en redes sociales; presencia digital parcial, ofrecer lo que le falta; horario no publicado; posible cadena: la decision de compra suele ser centralizada",BAJA,OpenStreetMap,osm:way/1000136,4.623755,-74.090275
GYX-CC8916A0DD,DEMO Minimercado Suba 277,Minimercado,Comercio,Calle 55 Sur #20-95,,Suba,Bogota D.C.,18.76,,,,,,,https://instagram.com/demominimercado277,,Mo-Sa 08:00-18:00,,,,,MEDIA,40,Inventario | Dashboard BI | Catalogo digital | Pagina web,"Escribir por mensaje directo en redes sociales; presencia digital parcial, ofrecer lo que le falta",BAJA,OpenStreetMap,osm:node/1000277,4.766476,-74.087024
GYX-1D8570A4A6,DEMO Minimercado Suba 317,Minimercado,Comercio,Calle 109 Sur #48-18,,Suba,Bogota D.C.,14.8,,,,,,,https://instagram.com/demominimercado317,,,,,,,MEDIA,40,Inventario | Dashboard BI | Catalogo digital | Pagina web,"Escribir por mensaje directo en redes sociales; presencia digital parcial, ofrecer lo que le falta; horario no publicado",BAJA,OpenStreetMap,osm:node/1000317,4.731135,-74.079813
GYX-12EAE23C77,DEMO Panaderia Usaquen 288,Panaderia,Alimentacion,Calle 47 Sur #2-50,,Usaquen,Bogota D.C.,15.72,,,,,,https://facebook.com/demopanaderia288,,,,,,,,MEDIA,40,Menu QR | Pedidos por WhatsApp | Chatbot IA | Pagina web,"Escribir por mensaje directo en redes sociales; presencia digital parcial, ofrecer lo que le falta; horario no publicado",BAJA,OpenStreetMap,osm:way/1000288,4.732422,-74.031528
GYX-37D2EFEC4D,DEMO Panaderia Usaquen 348,Panaderia,Alimentacion,Calle 94 Sur #31-92,,Usaquen,Bogota D.C.,16.5,,,,,,https://facebook.com/demopanaderia348,https://instagram.com/demopanaderia348,,,,,,,MEDIA,40,Menu QR | Pedidos por WhatsApp | Chatbot IA | Pagina web,"Escribir por mensaje directo en redes sociales; presencia digital parcial, ofrecer lo que le falta; horario no publicado",BAJA,OpenStreetMap,osm:way/1000348,4.735465,-74.019494
GYX-E36DD15D7A,DEMO Panaderia Usaquen 368,Panaderia,Alimentacion,Calle 154 Sur #59-95,,Chapinero,Bogota D.C.,14.06,,,,,,https://facebook.com/demopanaderia368,,,,,,,,MEDIA,40,Menu QR | Pedidos por WhatsApp | Chatbot IA | Pagina web,"Escribir por mensaje directo en redes sociales; presencia digital parcial, ofrecer lo que le falta; horario no publicado",BAJA,OpenStreetMap,osm:way/1000368,4.710231,-74.017137
GYX-E41DE4B5BB,DEMO Abogados Ciudad Bolivar 232,Abogados,Servicios profesionales,Calle 90 Sur #71-61,,Ciudad Bolivar,Bogota D.C.,11.53,+57 601 5456295,,,,,,,,,,,,,BAJA,30,Landing page | CRM | Automatizacion de leads | Power BI,"Llamar a fijo y pedir el celular del propietario; sin presencia digital, oportunidad alta para paquete completo; horario no publicado",MEDIA,OpenStreetMap,osm:way/1000232,4.530356,-74.154592
GYX-7856DCB3C6,DEMO Barberia Tunjuelito 183,Barberia,Belleza,Calle 59 Sur #13-62,,Ciudad Bolivar,Bogota D.C.,10.47,+57 601 6103526,,,,,,,,,,,,,BAJA,30,Agenda online | CRM | Automatizacion de citas | Agente IA | Pagina web,"Llamar a fijo y pedir el celular del propietario; sin presencia digital, oportunidad alta para paquete completo; horario no publicado",MEDIA,OpenStreetMap,osm:node/1000183,4.550415,-74.157269
GYX-2AFB0E49D6,DEMO Contaduria Kennedy 131,Contaduria,Servicios profesionales,Calle 75 Sur #46-73,,Kennedy,Bogota D.C.,7.28,+57 601 7155451,,,,,,,,Mo-Sa 08:00-18:00,,,,,BAJA,30,Landing page | CRM | Automatizacion de leads | Power BI,"Llamar a fijo y pedir el celular del propietario; sin presencia digital, oportunidad alta para paquete completo",MEDIA,OpenStreetMap,osm:node/1000131,4.622161,-74.136931
GYX-1233E55D5B,DEMO Contaduria Kennedy 231,Contaduria,Servicios profesionales,Calle 147 Sur #82-22,,Kennedy,Bogota D.C.,8.62,+57 601 4884900,,,,,,,,,,,,,BAJA,30,Landing page | CRM | Automatizacion de leads | Power BI,"Llamar a fijo y pedir el celular del propietario; sin presencia digital, oportunidad alta para paquete completo; horario no publicado",MEDIA,OpenStreetMap,osm:node/1000231,4.60797,-74.15295
GYX-6535C09E9D,DEMO Drogueria Fontibon 194,Drogueria,Salud,Calle 140 Sur #17-81,,Fontibon,Bogota D.C.,11.48,+57 601 4453608,,,,,,,,,,,,,BAJA,30,Agenda online | CRM | Automatizacion de citas | Agente IA | Pagina web,"Llamar a fijo y pedir el celular del propietario; sin presencia digital, oportunidad alta para paquete completo; horario no publicado",MEDIA,OpenStreetMap,osm:node/1000194,4.655195,-74.162148
GYX-E546B54009,DEMO Drogueria Fontibon 254,Drogueria,Salud,Calle 108 Sur #50-29,,Fontibon,Bogota D.C.,11.77,+57 601 5947716,,,,,,,,,,,,,BAJA,30,Agenda online | CRM | Automatizacion de citas | Agente IA | Pagina web,"Llamar a fijo y pedir el celular del propietario; sin presencia digital, oportunidad alta para paquete completo; horario no publicado",MEDIA,OpenStreetMap,osm:node/1000254,4.665971,-74.157269
GYX-2B3EE03558,DEMO Drogueria Fontibon 334,Drogueria,Salud,Calle 23 Sur #48-45,,Engativa,Bogota D.C.,11.44,+57 601 5023421,,,,,,,,Mo-Sa 08:00-18:00,,,DEMO Operador 20,,BAJA,30,Agenda online | CRM | Automatizacion de citas | Agente IA | Pagina web,"Llamar a fijo y pedir el celular del propietario; sin presencia digital, oportunidad alta para paquete completo",MEDIA,OpenStreetMap,osm:node/1000334,4.685254,-74.130654
GYX-6301F41434,DEMO Estetica Fontibon 344,Centro estetico,Belleza,Calle 25 Sur #59-53,,Fontibon,Bogota D.C.,12.24,+57 601 4101502,,,,,,,,,,,,,BAJA,30,Agenda online | CRM | Automatizacion de citas | Agente IA | Pagina web,"Llamar a fijo y pedir el celular del propietario; sin presencia digital, oportunidad alta para paquete completo; horario no publicado",MEDIA,OpenStreetMap,osm:way/1000344,4.677581,-74.152203
GYX-DD8B9D3323,DEMO Ferreteria Tunjuelito 093,Ferreteria,Comercio,Calle 1 Sur #73-55,,Tunjuelito,Bogota D.C.,9.55,+57 601 7356851,,,,,,,,,,,,,BAJA,30,Inventario | Dashboard BI | Catalogo digital | Pagina web | Gestion de redes,"Llamar a fijo y pedir el celular del propietario; sin presencia digital, oportunidad alta para paquete completo; horario no publicado",MEDIA,OpenStreetMap,osm:node/1000093,4.576124,-74.159108
GYX-4C35DA8BCA,DEMO Ferreteria Tunjuelito 233,Ferreteria,Comercio,Calle 172 Sur #59-61,,Tunjuelito,Bogota D.C.,9.63,+57 601 7825954,,,,,,,,,,,,,BAJA,30,Inventario | Dashboard BI | Catalogo digital | Pagina web | Gestion de redes,"Llamar a fijo y pedir el celular del propietario; sin presencia digital, oportunidad alta para paquete completo; horario no publicado",MEDIA,OpenStreetMap,osm:node/1000233,4.556032,-74.151786
GYX-D43B216F30,DEMO Ferreteria Tunjuelito 253,Ferreteria,Comercio,Calle 93 Sur #35-11,,Tunjuelito,Bogota D.C.,7.72,+57 601 2428434,,,,,,,,,,,,,BAJA,30,Inventario | Dashboard BI | Catalogo digital | Pagina web | Gestion de redes,"Llamar a fijo y pedir el celular del propietario; sin presencia digital, oportunidad alta para paquete completo; horario no publicado",MEDIA,OpenStreetMap,osm:node/1000253,4.566325,-74.137735
GYX-C7DE32DC27,DEMO Gimnasio Engativa 025,Gimnasio,Bienestar,Calle 52 Sur #58-27,,Engativa,Bogota D.C.,13.37,+57 601 6018243,,,,,,,,,,,,,BAJA,30,Agenda online | CRM | Automatizacion de citas | Agente IA | Pagina web,"Llamar a fijo y pedir el celular del propietario; sin presencia digital, oportunidad alta para paquete completo; horario no publicado",MEDIA,OpenStreetMap,osm:node/1000025,4.716911,-74.09429
GYX-6161DFFB4A,DEMO Gimnasio Engativa 205,Gimnasio,Bienestar,Calle 24 Sur #26-91,,Engativa,Bogota D.C.,10.82,+57 601 3398969,,,,,,,,,,,,,BAJA,30,Agenda online | CRM | Automatizacion de citas | Agente IA | Pagina web,"Llamar a fijo y pedir el celular del propietario; sin presencia digital, oportunidad alta para paquete completo; horario no publicado",MEDIA,OpenStreetMap,osm:node/1000205,4.686722,-74.116111
GYX-FE14278BB5,DEMO Odontologia Bosa 100,Odontologia,Salud,Calle 84 Sur #25-59,,Bosa,Bogota D.C.,10.76,+57 601 4447216,,,,,,,,,,,,,BAJA,30,Agenda online | CRM | Automatizacion de citas | Agente IA | Pagina web,"Llamar a fijo y pedir el celular del propietario; sin presencia digital, oportunidad alta para paquete completo; horario no publicado",MEDIA,OpenStreetMap,osm:way/1000100,4.609755,-74.172212
GYX-03FB13D8E5,DEMO Peluqueria Ciudad Bolivar 322,Peluqueria,Belleza,Calle 117 Sur #99-23,,Ciudad Bolivar,Bogota D.C.,13.9,+57 601 3576961,,,,,,,,,,,,,BAJA,30,Agenda online | CRM | Automatizacion de citas | Agente IA | Pagina web,"Llamar a fijo y pedir el celular del propietario; sin presencia digital, oportunidad alta para paquete completo; horario no publicado",MEDIA,OpenStreetMap,osm:node/1000322,4.526841,-74.178825
GYX-46C02CF0D8,DEMO Veterinaria Kennedy 141,Veterinaria,Salud,Calle 167 Sur #91-86,,Kennedy,Bogota D.C.,7.82,+57 601 2153475,,,,,,,,,,,,,BAJA,30,Agenda online | CRM | Automatizacion de citas | Agente IA | Pagina web,"Llamar a fijo y pedir el celular del propietario; sin presencia digital, oportunidad alta para paquete completo; horario no publicado",MEDIA,OpenStreetMap,osm:node/1000141,4.611196,-74.145126
GYX-1315D2207D,DEMO Cafeteria Suba 107,Cafeteria,Alimentacion,Calle 48 Sur #64-85,,Suba,Bogota D.C.,16.86,+57 601 7275269,,,,,,,,Mo-Sa 08:00-18:00,,,,,BAJA,30,Menu QR | Pedidos por WhatsApp | Chatbot IA | Pagina web,"Llamar a fijo y pedir el celular del propietario; sin presencia digital, oportunidad alta para paquete completo",MEDIA,OpenStreetMap,osm:node/1000107,4.749633,-74.080341
GYX-2A7CEAF19E,DEMO Cafeteria Suba 327,Cafeteria,Alimentacion,Calle 14 Sur #61-31,,Suba,Bogota D.C.,18.06,+57 601 4458693,,,,,,,,,,,DEMO Operador 8,,BAJA,30,Menu QR | Pedidos por WhatsApp | Chatbot IA | Pagina web,"Llamar a fijo y pedir el celular del propietario; sin presencia digital, oportunidad alta para paquete completo; horario no publicado",MEDIA,OpenStreetMap,osm:node/1000327,4.760468,-74.077194
GYX-E64D5BCAFE,DEMO Cafeteria Suba 367,Cafeteria,Alimentacion,Calle 174 Sur #21-60,,Suba,Bogota D.C.,17.01,+57 601 4994342,,,,,,,,,,,,,BAJA,30,Menu QR | Pedidos por WhatsApp | Chatbot IA | Pagina web,"Llamar a fijo y pedir el celular del propietario; sin presencia digital, oportunidad alta para paquete completo; horario no publicado",MEDIA,OpenStreetMap,osm:node/1000367,4.749268,-74.099295
GYX-9270C82BED,DEMO Celulares Chapinero 139,Tienda especializada,Comercio,Calle 159 Sur #11-59,,Chapinero,Bogota D.C.,8.34,+57 601 3698968,,,,,,,,,,,,,BAJA,30,Inventario | Dashboard BI | Catalogo digital | Pagina web | Gestion de redes,"Llamar a fijo y pedir el celular del propietario; sin presencia digital, oportunidad alta para paquete completo; horario no publicado",MEDIA,OpenStreetMap,osm:node/1000139,4.665333,-74.042534
GYX-BAF4460F5A,DEMO Celulares Chapinero 159,Tienda especializada,Comercio,Calle 74 Sur #24-56,,Chapinero,Bogota D.C.,8.55,+57 601 6184576,,,,,,,,Mo-Sa 08:00-18:00,,,,,BAJA,30,Inventario | Dashboard BI | Catalogo digital | Pagina web | Gestion de redes,"Llamar a fijo y pedir el celular del propietario; sin presencia digital, oportunidad alta para paquete completo",MEDIA,OpenStreetMap,osm:node/1000159,4.661583,-74.032254
GYX-3B4BD42A74,DEMO Celulares Chapinero 199,Tienda especializada,Comercio,Calle 119 Sur #32-61,,Santa Fe,Bogota D.C.,5.25,+57 601 3003976,,,,,,,,,,,,,BAJA,30,Inventario | Dashboard BI | Catalogo digital | Pagina web | Gestion de redes,"Llamar a fijo y pedir el celular del propietario; sin presencia digital, oportunidad alta para paquete completo; horario no publicado",MEDIA,OpenStreetMap,osm:node/1000199,4.631011,-74.041849
GYX-C483B2D5EC,DEMO Celulares Chapinero 359,Tienda especializada,Comercio,Calle 15 Sur #22-39,,Chapinero,Bogota D.C.,6.7,+57 601 2828412,,,,,,,,Mo-Sa 08:00-18:00,,,,,BAJA,30,Inventario | Dashboard BI | Catalogo digital | Pagina web | Gestion de redes,"Llamar a fijo y pedir el celular del propietario; sin presencia digital, oportunidad alta para paquete completo",MEDIA,OpenStreetMap,osm:node/1000359,4.650888,-74.046743
GYX-81999E04B6,DEMO Consultorio Chapinero 229,Consultorio medico,Salud,Calle 91 Sur #41-10,,Chapinero,Bogota D.C.,6.55,+57 601 6956468,,,,,,,,,,,,,BAJA,30,Agenda online | CRM | Automatizacion de citas | Agente IA | Pagina web,"Llamar a fijo y pedir el celular del propietario; sin presencia digital, oportunidad alta para paquete completo; horario no publicado",MEDIA,OpenStreetMap,osm:node/1000229,4.653082,-74.054485
GYX-2E278B8472,DEMO Panaderia Usaquen 168,Panaderia,Alimentacion,Calle 14 Sur #47-53,,Usaquen,Bogota D.C.,14.43,+57 601 5438136,,,,,,,,,,,,,BAJA,30,Menu QR | Pedidos por WhatsApp | Chatbot IA | Pagina web,"Llamar a fijo y pedir el celular del propietario; sin presencia digital, oportunidad alta para paquete completo; horario no publicado",MEDIA,OpenStreetMap,osm:way/1000168,4.721025,-74.034175
GYX-2D707930F8,DEMO Ropa Usaquen 198,Tienda de ropa,Comercio,Calle 103 Sur #37-55,,Chapinero,Bogota D.C.,12.43,+57 601 6753165,,,,,,,,,,,,,BAJA,30,Inventario | Dashboard BI | Catalogo digital | Pagina web | Gestion de redes,"Llamar a fijo y pedir el celular del propietario; sin presencia digital, oportunidad alta para paquete completo; horario no publicado",MEDIA,OpenStreetMap,osm:node/1000198,4.703518,-74.038457
GYX-2622118797,DEMO Ropa Usaquen 318,Tienda de ropa,Comercio,Calle 15 Sur #48-78,,Usaquen,Bogota D.C.,15.82,+57 601 4572169,,,,,,,,,,,,,BAJA,30,Inventario | Dashboard BI | Catalogo digital | Pagina web | Gestion de redes,"Llamar a fijo y pedir el celular del propietario; sin presencia digital, oportunidad alta para paquete completo; horario no publicado",MEDIA,OpenStreetMap,osm:node/1000318,4.726668,-74.014729
GYX-AD28AF20A5,DEMO Inmobiliaria Bosa 110,Inmobiliaria,Servicios profesionales,Calle 9 Sur #45-84,,Bosa,Bogota D.C.,12.24,+57 601 3598377,,,,,,,,,,,,,BAJA,30,Landing page | CRM | Automatizacion de leads | Power BI,"Llamar a fijo y pedir el celular del propietario; sin presencia digital, oportunidad alta para paquete completo; horario no publicado; posible cadena: la decision de compra suele ser centralizada",BAJA,OpenStreetMap,osm:node/1000110,4.607569,-74.185786
GYX-09447B5004,DEMO Inmobiliaria Bosa 130,Inmobiliaria,Servicios profesionales,Calle 107 Sur #81-26,,Bosa,Bogota D.C.,14.86,+57 601 5746592,,,,,,,,,,,,,BAJA,30,Landing page | CRM | Automatizacion de leads | Power BI,"Llamar a fijo y pedir el celular del propietario; sin presencia digital, oportunidad alta para paquete completo; horario no publicado; posible cadena: la decision de compra suele ser centralizada",BAJA,OpenStreetMap,osm:node/1000130,4.615902,-74.208644
GYX-B4010245F8,DEMO Inmobiliaria Bosa 190,Inmobiliaria,Servicios profesionales,Calle 102 Sur #75-15,,Bosa,Bogota D.C.,14.63,+57 601 4445085,,,,,,,,Mo-Sa 08:00-18:00,,,,,BAJA,30,Landing page | CRM | Automatizacion de leads | Power BI,"Llamar a fijo y pedir el celular del propietario; sin presencia digital, oportunidad alta para paquete completo; posible cadena: la decision de compra suele ser centralizada",BAJA,OpenStreetMap,osm:node/1000190,4.595426,-74.207813
GYX-0F1597EF8C,DEMO Restaurante Puente Aranda 246,Restaurante,Alimentacion,Calle 60 Sur #46-36,,Puente Aranda,Bogota D.C.,4.31,+57 601 6355565,,,,,,,,Mo-Sa 08:00-18:00,,,,,BAJA,30,Menu QR | Pedidos por WhatsApp | Chatbot IA | Pagina web,"Llamar a fijo y pedir el celular del propietario; sin presencia digital, oportunidad alta para paquete completo; posible cadena: la decision de compra suele ser centralizada",BAJA,OpenStreetMap,osm:node/1000246,4.610493,-74.112648
GYX-DF0C932FD5,DEMO Floristeria Puente Aranda 356,Floristeria,Comercio,Calle 60 Sur #9-71,,Los Martires,Bogota D.C.,1.82,+57 601 7034477,,,,,,,,,,,,,BAJA,30,Inventario | Dashboard BI | Catalogo digital | Pagina web | Gestion de redes,"Llamar a fijo y pedir el celular del propietario; sin presencia digital, oportunidad alta para paquete completo; horario no publicado; posible cadena: la decision de compra suele ser centralizada",BAJA,OpenStreetMap,osm:way/1000356,4.600504,-74.092064
GYX-C6C924E10F,DEMO Abogados Ciudad Bolivar 152,Abogados,Servicios profesionales,Calle 2 Sur #26-96,,Ciudad Bolivar,Bogota D.C.,14.5,,,,,,,,,,,,,,BAJA,0,Landing page | CRM | Automatizacion de leads | Power BI,"Sin canal de contacto: requiere visita en campo o busqueda manual; sin presencia digital, oportunidad alta para paquete completo; horario no publicado",BAJA,OpenStreetMap,osm:way/1000152,4.512231,-74.174208
GYX-595EE5B189,DEMO Abogados Ciudad Bolivar 192,Abogados,Servicios profesionales,Calle 98 Sur #24-10,,Ciudad Bolivar,Bogota D.C.,14.32,,,,,,,,,,,,,,BAJA,0,Landing page | CRM | Automatizacion de leads | Power BI,"Sin canal de contacto: requiere visita en campo o busqueda manual; sin presencia digital, oportunidad alta para paquete completo; horario no publicado",BAJA,OpenStreetMap,osm:way/1000192,4.513499,-74.173203
GYX-D399222760,DEMO Abogados Ciudad Bolivar 332,Abogados,Servicios profesionales,Calle 140 Sur #79-47,,Ciudad Bolivar,Bogota D.C.,14.74,,,,,,,,,,,,,,BAJA,0,Landing page | CRM | Automatizacion de leads | Power BI,"Sin canal de contacto: requiere visita en campo o busqueda manual; sin presencia digital, oportunidad alta para paquete completo; horario no publicado",BAJA,OpenStreetMap,osm:way/1000332,4.513105,-74.17783
GYX-B45B6B4621,DEMO Barberia Tunjuelito 003,Barberia,Belleza,Calle 159 Sur #27-73,,Tunjuelito,Bogota D.C.,7.17,,,,,,,,,,,,,,BAJA,0,Agenda online | CRM | Automatizacion de citas | Agente IA | Pagina web,"Sin canal de contacto: requiere visita en campo o busqueda manual; sin presencia digital, oportunidad alta para paquete completo; horario no publicado",BAJA,OpenStreetMap,osm:node/1000003,4.578484,-74.137425
GYX-3AB64A573C,DEMO Barberia Tunjuelito 043,Barberia,Belleza,Calle 38 Sur #43-42,,Tunjuelito,Bogota D.C.,9.33,,,,,,,,,,,,,,BAJA,0,Agenda online | CRM | Automatizacion de citas | Agente IA | Pagina web,"Sin canal de contacto: requiere visita en campo o busqueda manual; sin presencia digital, oportunidad alta para paquete completo; horario no publicado",BAJA,OpenStreetMap,osm:node/1000043,4.575711,-74.156901
GYX-EDAB2B9C9D,DEMO Barberia Tunjuelito 063,Barberia,Belleza,Calle 81 Sur #94-24,,Tunjuelito,Bogota D.C.,7.03,,,,,,,,,,,,DEMO Operador 13,,BAJA,0,Agenda online | CRM | Automatizacion de citas | Agente IA | Pagina web,"Sin canal de contacto: requiere visita en campo o busqueda manual; sin presencia digital, oportunidad alta para paquete completo; horario no publicado",BAJA,OpenStreetMap,osm:node/1000063,4.567986,-74.131519
GYX-050F86FC14,DEMO Barberia Tunjuelito 103,Barberia,Belleza,Calle 137 Sur #86-18,,Tunjuelito,Bogota D.C.,8.67,,,,,,,,,Mo-Sa 08:00-18:00,,,DEMO Operador 3,,BAJA,0,Agenda online | CRM | Automatizacion de citas | Agente IA | Pagina web,"Sin canal de contacto: requiere visita en campo o busqueda manual; sin presencia digital, oportunidad alta para paquete completo",BAJA,OpenStreetMap,osm:node/1000103,4.580471,-74.152028
GYX-6E0626BB6A,DEMO Barberia Tunjuelito 163,Barberia,Belleza,Calle 92 Sur #92-41,,Tunjuelito,Bogota D.C.,9.08,,,,,,,,,,,,DEMO Operador 4,,BAJA,0,Agenda online | CRM | Automatizacion de citas | Agente IA | Pagina web,"Sin canal de contacto: requiere visita en campo o busqueda manual; sin presencia digital, oportunidad alta para paquete completo; horario no publicado",BAJA,OpenStreetMap,osm:node/1000163,4.588749,-74.157146
GYX-204EE27732,DEMO Barberia Tunjuelito 203,Barberia,Belleza,Calle 109 Sur #57-53,,Tunjuelito,Bogota D.C.,9.83,,,,,,,,,Mo-Sa 08:00-18:00,,,,,BAJA,0,Agenda online | CRM | Automatizacion de citas | Agente IA | Pagina web,"Sin canal de contacto: requiere visita en campo o busqueda manual; sin presencia digital, oportunidad alta para paquete completo",BAJA,OpenStreetMap,osm:node/1000203,4.561247,-74.156403
GYX-EFA7BE08E4,DEMO Barberia Tunjuelito 223,Barberia,Belleza,Calle 91 Sur #22-56,,Tunjuelito,Bogota D.C.,6.99,,,,,,,,,Mo-Sa 08:00-18:00,,,,,BAJA,0,Agenda online | CRM | Automatizacion de citas | Agente IA | Pagina web,"Sin canal de contacto: requiere visita en campo o busqueda manual; sin presencia digital, oportunidad alta para paquete completo",BAJA,OpenStreetMap,osm:node/1000223,4.584885,-74.137482
GYX-7895788975,DEMO Barberia Tunjuelito 263,Barberia,Belleza,Calle 113 Sur #12-77,,Tunjuelito,Bogota D.C.,9.18,,,,,,,,,,,,,,BAJA,0,Agenda online | CRM | Automatizacion de citas | Agente IA | Pagina web,"Sin canal de contacto: requiere visita en campo o busqueda manual; sin presencia digital, oportunidad alta para paquete completo; horario no publicado",BAJA,OpenStreetMap,osm:node/1000263,4.560225,-74.149384
GYX-85ED5A4C1A,DEMO Barberia Tunjuelito 303,Barberia,Belleza,Calle 174 Sur #82-58,,Tunjuelito,Bogota D.C.,6.53,,,,,,,,,,,,,,BAJA,0,Agenda online | CRM | Automatizacion de citas | Agente IA | Pagina web,"Sin canal de contacto: requiere visita en campo o busqueda manual; sin presencia digital, oportunidad alta para paquete completo; horario no publicado",BAJA,OpenStreetMap,osm:node/1000303,4.589126,-74.134048
GYX-885E0A8E34,DEMO Barberia Tunjuelito 383,Barberia,Belleza,Calle 48 Sur #78-46,,Tunjuelito,Bogota D.C.,9.08,,,,,,,,,,,,,,BAJA,0,Agenda online | CRM | Automatizacion de citas | Agente IA | Pagina web,"Sin canal de contacto: requiere visita en campo o busqueda manual; sin presencia digital, oportunidad alta para paquete completo; horario no publicado",BAJA,OpenStreetMap,osm:node/1000383,4.565469,-74.150941
GYX-F308EEAAD1,DEMO Contaduria Kennedy 091,Contaduria,Servicios profesionales,Calle 114 Sur #30-32,,Kennedy,Bogota D.C.,7.28,,,,,,,,,,,,,,BAJA,0,Landing page | CRM | Automatizacion de leads | Power BI,"Sin canal de contacto: requiere visita en campo o busqueda manual; sin presencia digital, oportunidad alta para paquete completo; horario no publicado",BAJA,OpenStreetMap,osm:node/1000091,4.61441,-74.139414
GYX-25486740D8,DEMO Contaduria Kennedy 211,Contaduria,Servicios profesionales,Calle 27 Sur #93-49,,Kennedy,Bogota D.C.,8.52,,,,,,,,,,,,,,BAJA,0,Landing page | CRM | Automatizacion de leads | Power BI,"Sin canal de contacto: requiere visita en campo o busqueda manual; sin presencia digital, oportunidad alta para paquete completo; horario no publicado",BAJA,OpenStreetMap,osm:node/1000211,4.635824,-74.142717
GYX-AADE1860D8,DEMO Contaduria Kennedy 291,Contaduria,Servicios profesionales,Calle 128 Sur #18-43,,Kennedy,Bogota D.C.,8.71,,,,,,,,,,,,,,BAJA,0,Landing page | CRM | Automatizacion de leads | Power BI,"Sin canal de contacto: requiere visita en campo o busqueda manual; sin presencia digital, oportunidad alta para paquete completo; horario no publicado",BAJA,OpenStreetMap,osm:node/1000291,4.63863,-74.143091
GYX-52F17F2000,DEMO Contaduria Kennedy 331,Contaduria,Servicios profesionales,Calle 98 Sur #1-19,,Kennedy,Bogota D.C.,6.68,,,,,,,,,,,,,,BAJA,0,Landing page | CRM | Automatizacion de leads | Power BI,"Sin canal de contacto: requiere visita en campo o busqueda manual; sin presencia digital, oportunidad alta para paquete completo; horario no publicado",BAJA,OpenStreetMap,osm:node/1000331,4.620392,-74.131728
GYX-FC0565C519,DEMO Contaduria Kennedy 351,Contaduria,Servicios profesionales,Calle 29 Sur #8-65,,Kennedy,Bogota D.C.,8.01,,,,,,,,,Mo-Sa 08:00-18:00,,,,,BAJA,0,Landing page | CRM | Automatizacion de leads | Power BI,"Sin canal de contacto: requiere visita en campo o busqueda manual; sin presencia digital, oportunidad alta para paquete completo",BAJA,OpenStreetMap,osm:node/1000351,4.638498,-74.135683
GYX-109E0FD77F,DEMO Contaduria Kennedy 391,Contaduria,Servicios profesionales,Calle 164 Sur #52-49,,Kennedy,Bogota D.C.,6.64,,,,,,,,,,,,,,BAJA,0,Landing page | CRM | Automatizacion de leads | Power BI,"Sin canal de contacto: requiere visita en campo o busqueda manual; sin presencia digital, oportunidad alta para paquete completo; horario no publicado",BAJA,OpenStreetMap,osm:node/1000391,4.602102,-74.135604
GYX-F823A4A6AB,DEMO Drogueria Fontibon 014,Drogueria,Salud,Calle 92 Sur #99-38,,Fontibon,Bogota D.C.,10.31,,,,,,,,,,,,,,BAJA,0,Agenda online | CRM | Automatizacion de citas | Agente IA | Pagina web,"Sin canal de contacto: requiere visita en campo o busqueda manual; sin presencia digital, oportunidad alta para paquete completo; horario no publicado",BAJA,OpenStreetMap,osm:node/1000014,4.670736,-74.13367
GYX-D960EDDF49,DEMO Drogueria Fontibon 054,Drogueria,Salud,Calle 176 Sur #65-77,,Fontibon,Bogota D.C.,12.15,,,,,,,,,,,,,,BAJA,0,Agenda online | CRM | Automatizacion de citas | Agente IA | Pagina web,"Sin canal de contacto: requiere visita en campo o busqueda manual; sin presencia digital, oportunidad alta para paquete completo; horario no publicado",BAJA,OpenStreetMap,osm:node/1000054,4.672971,-74.155594
GYX-B526514A03,DEMO Drogueria Fontibon 234,Drogueria,Salud,Calle 19 Sur #25-84,,Fontibon,Bogota D.C.,10.66,,,,,,,,,,,,,,BAJA,0,Agenda online | CRM | Automatizacion de citas | Agente IA | Pagina web,"Sin canal de contacto: requiere visita en campo o busqueda manual; sin presencia digital, oportunidad alta para paquete completo; horario no publicado",BAJA,OpenStreetMap,osm:node/1000234,4.676354,-74.131367
GYX-590034C0AE,DEMO Drogueria Fontibon 294,Drogueria,Salud,Calle 88 Sur #49-61,,Fontibon,Bogota D.C.,11.06,,,,,,,,,,,,,,BAJA,0,Agenda online | CRM | Automatizacion de citas | Agente IA | Pagina web,"Sin canal de contacto: requiere visita en campo o busqueda manual; sin presencia digital, oportunidad alta para paquete completo; horario no publicado",BAJA,OpenStreetMap,osm:node/1000294,4.67507,-74.139044
GYX-0AC108EBC5,DEMO Drogueria Fontibon 354,Drogueria,Salud,Calle 100 Sur #42-15,,Fontibon,Bogota D.C.,10.9,,,,,,,,,,,,,,BAJA,0,Agenda online | CRM | Automatizacion de citas | Agente IA | Pagina web,"Sin canal de contacto: requiere visita en campo o busqueda manual; sin presencia digital, oportunidad alta para paquete completo; horario no publicado",BAJA,OpenStreetMap,osm:node/1000354,4.655572,-74.15542
GYX-528A553F69,DEMO Drogueria Fontibon 394,Drogueria,Salud,Calle 135 Sur #38-75,,Fontibon,Bogota D.C.,12.63,,,,,,,,,Mo-Sa 08:00-18:00,,,,,BAJA,0,Agenda online | CRM | Automatizacion de citas | Agente IA | Pagina web,"Sin canal de contacto: requiere visita en campo o busqueda manual; sin presencia digital, oportunidad alta para paquete completo",BAJA,OpenStreetMap,osm:node/1000394,4.667173,-74.166307
GYX-C307877D19,DEMO Estetica Fontibon 024,Centro estetico,Belleza,Calle 178 Sur #36-67,,Fontibon,Bogota D.C.,11.45,,,,,,,,,,,,,,BAJA,0,Agenda online | CRM | Automatizacion de citas | Agente IA | Pagina web,"Sin canal de contacto: requiere visita en campo o busqueda manual; sin presencia digital, oportunidad alta para paquete completo; horario no publicado",BAJA,OpenStreetMap,osm:way/1000024,4.670222,-74.149514
GYX-C9AA2F0545,DEMO Estetica Fontibon 244,Centro estetico,Belleza,Calle 128 Sur #28-91,,Fontibon,Bogota D.C.,12.31,,,,,,,,,Mo-Sa 08:00-18:00,,,,,BAJA,0,Agenda online | CRM | Automatizacion de citas | Agente IA | Pagina web,"Sin canal de contacto: requiere visita en campo o busqueda manual; sin presencia digital, oportunidad alta para paquete completo",BAJA,OpenStreetMap,osm:way/1000244,4.678385,-74.152338
GYX-21BA1B8DB6,DEMO Estetica Fontibon 264,Centro estetico,Belleza,Calle 94 Sur #6-47,,Fontibon,Bogota D.C.,10.37,,,,,,,,,,,,,,BAJA,0,Agenda online | CRM | Automatizacion de citas | Agente IA | Pagina web,"Sin canal de contacto: requiere visita en campo o busqueda manual; sin presencia digital, oportunidad alta para paquete completo; horario no publicado",BAJA,OpenStreetMap,osm:way/1000264,4.651756,-74.152299
GYX-93DE6F5C8A,DEMO Estetica Fontibon 284,Centro estetico,Belleza,Calle 63 Sur #21-82,,Fontibon,Bogota D.C.,12.16,,,,,,,,,Mo-Sa 08:00-18:00,,,,,BAJA,0,Agenda online | CRM | Automatizacion de citas | Agente IA | Pagina web,"Sin canal de contacto: requiere visita en campo o busqueda manual; sin presencia digital, oportunidad alta para paquete completo",BAJA,OpenStreetMap,osm:way/1000284,4.671642,-74.157029
GYX-8331703B07,DEMO Estetica Fontibon 364,Centro estetico,Belleza,Calle 47 Sur #60-51,,Fontibon,Bogota D.C.,11.7,,,,,,,,,,,,,,BAJA,0,Agenda online | CRM | Automatizacion de citas | Agente IA | Pagina web,"Sin canal de contacto: requiere visita en campo o busqueda manual; sin presencia digital, oportunidad alta para paquete completo; horario no publicado",BAJA,OpenStreetMap,osm:way/1000364,4.678365,-74.144099
GYX-FFFBBC2647,DEMO Estetica Fontibon 384,Centro estetico,Belleza,Calle 64 Sur #4-42,,Fontibon,Bogota D.C.,12.63,,,,,,,,,,,,,,BAJA,0,Agenda online | CRM | Automatizacion de citas | Agente IA | Pagina web,"Sin canal de contacto: requiere visita en campo o busqueda manual; sin presencia digital, oportunidad alta para paquete completo; horario no publicado",BAJA,OpenStreetMap,osm:way/1000384,4.684697,-74.149478
GYX-853CAC9147,DEMO Ferreteria Tunjuelito 013,Ferreteria,Comercio,Calle 136 Sur #47-28,,Tunjuelito,Bogota D.C.,8.96,,,,,,,,,Mo-Sa 08:00-18:00,,,,,BAJA,0,Inventario | Dashboard BI | Catalogo digital | Pagina web | Gestion de redes,"Sin canal de contacto: requiere visita en campo o busqueda manual; sin presencia digital, oportunidad alta para paquete completo",BAJA,OpenStreetMap,osm:node/1000013,4.570653,-74.151791
GYX-F6FD3D2EBC,DEMO Ferreteria Tunjuelito 033,Ferreteria,Comercio,Calle 115 Sur #14-94,,Tunjuelito,Bogota D.C.,8.79,,,,,,,,,,,,,,BAJA,0,Inventario | Dashboard BI | Catalogo digital | Pagina web | Gestion de redes,"Sin canal de contacto: requiere visita en campo o busqueda manual; sin presencia digital, oportunidad alta para paquete completo; horario no publicado",BAJA,OpenStreetMap,osm:node/1000033,4.570569,-74.150173
GYX-531557EEE0,DEMO Ferreteria Tunjuelito 053,Ferreteria,Comercio,Calle 146 Sur #26-12,,Tunjuelito,Bogota D.C.,9.24,,,,,,,,,,,,DEMO Operador 9,,BAJA,0,Inventario | Dashboard BI | Catalogo digital | Pagina web | Gestion de redes,"Sin canal de contacto: requiere visita en campo o busqueda manual; sin presencia digital, oportunidad alta para paquete completo; horario no publicado",BAJA,OpenStreetMap,osm:node/1000053,4.559565,-74.149666
GYX-31ECD89F2F,DEMO Ferreteria Tunjuelito 153,Ferreteria,Comercio,Calle 113 Sur #31-28,,Tunjuelito,Bogota D.C.,8.49,,,,,,,,,Mo-Sa 08:00-18:00,,,,,BAJA,0,Inventario | Dashboard BI | Catalogo digital | Pagina web | Gestion de redes,"Sin canal de contacto: requiere visita en campo o busqueda manual; sin presencia digital, oportunidad alta para paquete completo",BAJA,OpenStreetMap,osm:node/1000153,4.564999,-74.144814
GYX-A59E7EBC88,DEMO Ferreteria Tunjuelito 313,Ferreteria,Comercio,Calle 99 Sur #79-45,,Tunjuelito,Bogota D.C.,8.87,,,,,,,,,,,,,,BAJA,0,Inventario | Dashboard BI | Catalogo digital | Pagina web | Gestion de redes,"Sin canal de contacto: requiere visita en campo o busqueda manual; sin presencia digital, oportunidad alta para paquete completo; horario no publicado",BAJA,OpenStreetMap,osm:node/1000313,4.585147,-74.154749
GYX-2FF999FD97,DEMO Floristeria Puente Aranda 096,Floristeria,Comercio,Calle 15 Sur #14-11,,Puente Aranda,Bogota D.C.,5.35,,,,,,,,,,,,,,BAJA,0,Inventario | Dashboard BI | Catalogo digital | Pagina web | Gestion de redes,"Sin canal de contacto: requiere visita en campo o busqueda manual; sin presencia digital, oportunidad alta para paquete completo; horario no publicado; posible cadena: la decision de compra suele ser centralizada",BAJA,OpenStreetMap,osm:way/1000096,4.61624,-74.120493
GYX-35812D7AED,DEMO Floristeria Puente Aranda 156,Floristeria,Comercio,Calle 7 Sur #35-83,,Puente Aranda,Bogota D.C.,5.33,,,,,,,,,,,,,,BAJA,0,Inventario | Dashboard BI | Catalogo digital | Pagina web | Gestion de redes,"Sin canal de contacto: requiere visita en campo o busqueda manual; sin presencia digital, oportunidad alta para paquete completo; horario no publicado; posible cadena: la decision de compra suele ser centralizada",BAJA,OpenStreetMap,osm:way/1000156,4.616731,-74.12013
GYX-77B6120A6A,DEMO Floristeria Puente Aranda 176,Floristeria,Comercio,Calle 113 Sur #46-23,,Puente Aranda,Bogota D.C.,4.32,,,,,,,,,,,,,,BAJA,0,Inventario | Dashboard BI | Catalogo digital | Pagina web | Gestion de redes,"Sin canal de contacto: requiere visita en campo o busqueda manual; sin presencia digital, oportunidad alta para paquete completo; horario no publicado; posible cadena: la decision de compra suele ser centralizada",BAJA,OpenStreetMap,osm:way/1000176,4.602481,-74.114485
GYX-B09852E57B,DEMO Floristeria Puente Aranda 376,Floristeria,Comercio,Calle 80 Sur #51-50,,Puente Aranda,Bogota D.C.,4.35,,,,,,,,,,,,,,BAJA,0,Inventario | Dashboard BI | Catalogo digital | Pagina web | Gestion de redes,"Sin canal de contacto: requiere visita en campo o busqueda manual; sin presencia digital, oportunidad alta para paquete completo; horario no publicado; posible cadena: la decision de compra suele ser centralizada",BAJA,OpenStreetMap,osm:way/1000376,4.627248,-74.101922
GYX-771E56F4D3,DEMO Floristeria Puente Aranda 396,Floristeria,Comercio,Calle 37 Sur #78-58,,Puente Aranda,Bogota D.C.,3.9,,,,,,,,,,,,,,BAJA,0,Inventario | Dashboard BI | Catalogo digital | Pagina web | Gestion de redes,"Sin canal de contacto: requiere visita en campo o busqueda manual; sin presencia digital, oportunidad alta para paquete completo; horario no publicado; posible cadena: la decision de compra suele ser centralizada",BAJA,OpenStreetMap,osm:way/1000396,4.620012,-74.103262
GYX-356D445FB2,DEMO Gimnasio Engativa 145,Gimnasio,Bienestar,Calle 17 Sur #30-60,,Engativa,Bogota D.C.,9.8,,,,,,,,,,,,,,BAJA,0,Agenda online | CRM | Automatizacion de citas | Agente IA | Pagina web,"Sin canal de contacto: requiere visita en campo o busqueda manual; sin presencia digital, oportunidad alta para paquete completo; horario no publicado",BAJA,OpenStreetMap,osm:node/1000145,4.683508,-74.097737
GYX-37D88007FE,DEMO Gimnasio Engativa 165,Gimnasio,Bienestar,Calle 5 Sur #13-99,,Engativa,Bogota D.C.,11.71,,,,,,,,,Mo-Sa 08:00-18:00,,,,,BAJA,0,Agenda online | CRM | Automatizacion de citas | Agente IA | Pagina web,"Sin canal de contacto: requiere visita en campo o busqueda manual; sin presencia digital, oportunidad alta para paquete completo",BAJA,OpenStreetMap,osm:node/1000165,4.702214,-74.091786
GYX-CB048EB4AA,DEMO Gimnasio Engativa 325,Gimnasio,Bienestar,Calle 53 Sur #74-78,,Engativa,Bogota D.C.,9.83,,,,,,,,,,,,,,BAJA,0,Agenda online | CRM | Automatizacion de citas | Agente IA | Pagina web,"Sin canal de contacto: requiere visita en campo o busqueda manual; sin presencia digital, oportunidad alta para paquete completo; horario no publicado",BAJA,OpenStreetMap,osm:node/1000325,4.683442,-74.098785
GYX-C0AC1FA169,DEMO Gimnasio Engativa 365,Gimnasio,Bienestar,Calle 93 Sur #49-94,,Engativa,Bogota D.C.,14.02,,,,,,,,,Mo-Sa 08:00-18:00,,,,,BAJA,0,Agenda online | CRM | Automatizacion de citas | Agente IA | Pagina web,"Sin canal de contacto: requiere visita en campo o busqueda manual; sin presencia digital, oportunidad alta para paquete completo",BAJA,OpenStreetMap,osm:node/1000365,4.716004,-74.1207
GYX-21493B71CA,DEMO Inmobiliaria Bosa 090,Inmobiliaria,Servicios profesionales,Calle 177 Sur #14-42,,Bosa,Bogota D.C.,12.56,,,,,,,,,,,,,,BAJA,0,Landing page | CRM | Automatizacion de leads | Power BI,"Sin canal de contacto: requiere visita en campo o busqueda manual; sin presencia digital, oportunidad alta para paquete completo; horario no publicado; posible cadena: la decision de compra suele ser centralizada",BAJA,OpenStreetMap,osm:node/1000090,4.598122,-74.189142
GYX-238EBFE7C9,DEMO Inmobiliaria Bosa 270,Inmobiliaria,Servicios profesionales,Calle 81 Sur #50-42,,Bosa,Bogota D.C.,13.73,,,,,,,,,,,,,,BAJA,0,Landing page | CRM | Automatizacion de leads | Power BI,"Sin canal de contacto: requiere visita en campo o busqueda manual; sin presencia digital, oportunidad alta para paquete completo; horario no publicado; posible cadena: la decision de compra suele ser centralizada",BAJA,OpenStreetMap,osm:node/1000270,4.590987,-74.199506
GYX-FA4B4712C8,DEMO Inmobiliaria Bosa 310,Inmobiliaria,Servicios profesionales,Calle 88 Sur #52-60,,Bosa,Bogota D.C.,11.5,,,,,,,,,,,,,,BAJA,0,Landing page | CRM | Automatizacion de leads | Power BI,"Sin canal de contacto: requiere visita en campo o busqueda manual; sin presencia digital, oportunidad alta para paquete completo; horario no publicado; posible cadena: la decision de compra suele ser centralizada",BAJA,OpenStreetMap,osm:node/1000310,4.613665,-74.17841
GYX-F8E95F1FC9,DEMO Odontologia Bosa 140,Odontologia,Salud,Calle 166 Sur #21-90,,Bosa,Bogota D.C.,14.54,,,,,,,,,,,,,,BAJA,0,Agenda online | CRM | Automatizacion de citas | Agente IA | Pagina web,"Sin canal de contacto: requiere visita en campo o busqueda manual; sin presencia digital, oportunidad alta para paquete completo; horario no publicado",BAJA,OpenStreetMap,osm:way/1000140,4.618654,-74.205332
GYX-FD1D3B488F,DEMO Odontologia Bosa 180,Odontologia,Salud,Calle 114 Sur #39-33,,Bosa,Bogota D.C.,12.78,,,,,,,,,,,,,,BAJA,0,Agenda online | CRM | Automatizacion de citas | Agente IA | Pagina web,"Sin canal de contacto: requiere visita en campo o busqueda manual; sin presencia digital, oportunidad alta para paquete completo; horario no publicado",BAJA,OpenStreetMap,osm:way/1000180,4.613983,-74.190018
GYX-9618A5B15E,DEMO Odontologia Bosa 200,Odontologia,Salud,Calle 78 Sur #20-58,,Bosa,Bogota D.C.,12.98,,,,,,,,,Mo-Sa 08:00-18:00,,,,,BAJA,0,Agenda online | CRM | Automatizacion de citas | Agente IA | Pagina web,"Sin canal de contacto: requiere visita en campo o busqueda manual; sin presencia digital, oportunidad alta para paquete completo",BAJA,OpenStreetMap,osm:way/1000200,4.604341,-74.192772
GYX-E518336FD4,DEMO Odontologia Bosa 240,Odontologia,Salud,Calle 89 Sur #69-97,,Bosa,Bogota D.C.,13.28,,,,,,,,,,,,,,BAJA,0,Agenda online | CRM | Automatizacion de citas | Agente IA | Pagina web,"Sin canal de contacto: requiere visita en campo o busqueda manual; sin presencia digital, oportunidad alta para paquete completo; horario no publicado",BAJA,OpenStreetMap,osm:way/1000240,4.594314,-74.195531
GYX-B07774EB0C,DEMO Papeleria Engativa 015,Papeleria,Comercio,Calle 59 Sur #26-76,,Engativa,Bogota D.C.,12.91,,,,,,,,,Mo-Sa 08:00-18:00,,,,,BAJA,0,Inventario | Dashboard BI | Catalogo digital | Pagina web | Gestion de redes,"Sin canal de contacto: requiere visita en campo o busqueda manual; sin presencia digital, oportunidad alta para paquete completo",BAJA,OpenStreetMap,osm:node/1000015,4.712243,-74.097267
GYX-C1A98F7ABD,DEMO Papeleria Engativa 095,Papeleria,Comercio,Calle 90 Sur #77-92,,Engativa,Bogota D.C.,9.65,,,,,,,,,Mo-Sa 08:00-18:00,,,DEMO Operador 1,,BAJA,0,Inventario | Dashboard BI | Catalogo digital | Pagina web | Gestion de redes,"Sin canal de contacto: requiere visita en campo o busqueda manual; sin presencia digital, oportunidad alta para paquete completo",BAJA,OpenStreetMap,osm:node/1000095,4.682245,-74.097165
GYX-E6F564B254,DEMO Papeleria Engativa 115,Papeleria,Comercio,Calle 165 Sur #90-84,,Engativa,Bogota D.C.,12.5,,,,,,,,,,,,,,BAJA,0,Inventario | Dashboard BI | Catalogo digital | Pagina web | Gestion de redes,"Sin canal de contacto: requiere visita en campo o busqueda manual; sin presencia digital, oportunidad alta para paquete completo; horario no publicado",BAJA,OpenStreetMap,osm:node/1000115,4.708889,-74.094797
GYX-FC7E9061DD,DEMO Papeleria Engativa 135,Papeleria,Comercio,Calle 14 Sur #64-82,,Engativa,Bogota D.C.,11.47,,,,,,,,,,,,DEMO Operador 13,,BAJA,0,Inventario | Dashboard BI | Catalogo digital | Pagina web | Gestion de redes,"Sin canal de contacto: requiere visita en campo o busqueda manual; sin presencia digital, oportunidad alta para paquete completo; horario no publicado",BAJA,OpenStreetMap,osm:node/1000135,4.697227,-74.104329
GYX-744A12F8A7,DEMO Papeleria Engativa 195,Papeleria,Comercio,Calle 116 Sur #87-26,,Engativa,Bogota D.C.,12.33,,,,,,,,,,,,,,BAJA,0,Inventario | Dashboard BI | Catalogo digital | Pagina web | Gestion de redes,"Sin canal de contacto: requiere visita en campo o busqueda manual; sin presencia digital, oportunidad alta para paquete completo; horario no publicado",BAJA,OpenStreetMap,osm:node/1000195,4.699038,-74.121822
GYX-049099441C,DEMO Papeleria Engativa 215,Papeleria,Comercio,Calle 76 Sur #1-66,,Engativa,Bogota D.C.,14.15,,,,,,,,,,,,,,BAJA,0,Inventario | Dashboard BI | Catalogo digital | Pagina web | Gestion de redes,"Sin canal de contacto: requiere visita en campo o busqueda manual; sin presencia digital, oportunidad alta para paquete completo; horario no publicado",BAJA,OpenStreetMap,osm:node/1000215,4.71616,-74.123421
GYX-8243B570CE,DEMO Papeleria Engativa 295,Papeleria,Comercio,Calle 155 Sur #3-24,,Engativa,Bogota D.C.,11.46,,,,,,,,,,,,,,BAJA,0,Inventario | Dashboard BI | Catalogo digital | Pagina web | Gestion de redes,"Sin canal de contacto: requiere visita en campo o busqueda manual; sin presencia digital, oportunidad alta para paquete completo; horario no publicado",BAJA,OpenStreetMap,osm:node/1000295,4.692191,-74.117981
GYX-ED682C6C7C,DEMO Papeleria Engativa 335,Papeleria,Comercio,Calle 105 Sur #79-83,,Engativa,Bogota D.C.,10.94,,,,,,,,,,,,,,BAJA,0,Inventario | Dashboard BI | Catalogo digital | Pagina web | Gestion de redes,"Sin canal de contacto: requiere visita en campo o busqueda manual; sin presencia digital, oportunidad alta para paquete completo; horario no publicado",BAJA,OpenStreetMap,osm:node/1000335,4.688555,-74.114585
GYX-C1C5B0F4FC,DEMO Papeleria Engativa 355,Papeleria,Comercio,Calle 10 Sur #37-66,,Engativa,Bogota D.C.,10.73,,,,,,,,,Mo-Sa 08:00-18:00,,,DEMO Operador 6,,BAJA,0,Inventario | Dashboard BI | Catalogo digital | Pagina web | Gestion de redes,"Sin canal de contacto: requiere visita en campo o busqueda manual; sin presencia digital, oportunidad alta para paquete completo",BAJA,OpenStreetMap,osm:node/1000355,4.683279,-74.121321
GYX-DC980935A2,DEMO Peluqueria Ciudad Bolivar 022,Peluqueria,Belleza,Calle 39 Sur #23-28,,Ciudad Bolivar,Bogota D.C.,10.77,,,,,,,,,,,,,,BAJA,0,Agenda online | CRM | Automatizacion de citas | Agente IA | Pagina web,"Sin canal de contacto: requiere visita en campo o busqueda manual; sin presencia digital, oportunidad alta para paquete completo; horario no publicado",BAJA,OpenStreetMap,osm:node/1000022,4.534342,-74.148958
GYX-B5CD8BDC54,DEMO Peluqueria Ciudad Bolivar 042,Peluqueria,Belleza,Calle 53 Sur #30-93,,Ciudad Bolivar,Bogota D.C.,14.04,,,,,,,,,,,,,,BAJA,0,Agenda online | CRM | Automatizacion de citas | Agente IA | Pagina web,"Sin canal de contacto: requiere visita en campo o busqueda manual; sin presencia digital, oportunidad alta para paquete completo; horario no publicado",BAJA,OpenStreetMap,osm:node/1000042,4.512978,-74.169378
GYX-E945A2536A,DEMO Peluqueria Ciudad Bolivar 122,Peluqueria,Belleza,Calle 141 Sur #84-26,,Ciudad Bolivar,Bogota D.C.,10.69,,,,,,,,,,,,,,BAJA,0,Agenda online | CRM | Automatizacion de citas | Agente IA | Pagina web,"Sin canal de contacto: requiere visita en campo o busqueda manual; sin presencia digital, oportunidad alta para paquete completo; horario no publicado",BAJA,OpenStreetMap,osm:node/1000122,4.526531,-74.140154
GYX-1BCD1421DB,DEMO Peluqueria Ciudad Bolivar 282,Peluqueria,Belleza,Calle 9 Sur #6-75,,Ciudad Bolivar,Bogota D.C.,11.89,,,,,,,,,Mo-Sa 08:00-18:00,,,,,BAJA,0,Agenda online | CRM | Automatizacion de citas | Agente IA | Pagina web,"Sin canal de contacto: requiere visita en campo o busqueda manual; sin presencia digital, oportunidad alta para paquete completo",BAJA,OpenStreetMap,osm:node/1000282,4.533824,-74.161544
GYX-A47E213ACF,DEMO Peluqueria Ciudad Bolivar 302,Peluqueria,Belleza,Calle 12 Sur #51-32,,Ciudad Bolivar,Bogota D.C.,11.51,,,,,,,,,,,,,,BAJA,0,Agenda online | CRM | Automatizacion de citas | Agente IA | Pagina web,"Sin canal de contacto: requiere visita en campo o busqueda manual; sin presencia digital, oportunidad alta para paquete completo; horario no publicado",BAJA,OpenStreetMap,osm:node/1000302,4.533502,-74.156929
GYX-10B9E92D57,DEMO Peluqueria Ciudad Bolivar 362,Peluqueria,Belleza,Calle 112 Sur #10-85,,Ciudad Bolivar,Bogota D.C.,11.76,,,,,,,,,Mo-Sa 08:00-18:00,,,,,BAJA,0,Agenda online | CRM | Automatizacion de citas | Agente IA | Pagina web,"Sin canal de contacto: requiere visita en campo o busqueda manual; sin presencia digital, oportunidad alta para paquete completo",BAJA,OpenStreetMap,osm:node/1000362,4.530876,-74.157668
GYX-3BA85D4268,DEMO Restaurante Puente Aranda 106,Restaurante,Alimentacion,Calle 56 Sur #92-21,,Puente Aranda,Bogota D.C.,4.93,,,,,,,,,,,,DEMO Operador 12,,BAJA,0,Menu QR | Pedidos por WhatsApp | Chatbot IA | Pagina web,"Sin canal de contacto: requiere visita en campo o busqueda manual; sin presencia digital, oportunidad alta para paquete completo; horario no publicado; posible cadena: la decision de compra suele ser centralizada",BAJA,OpenStreetMap,osm:node/1000106,4.628186,-74.108485
GYX-7CC1E29831,DEMO Restaurante Puente Aranda 126,Restaurante,Alimentacion,Calle 24 Sur #86-80,,Puente Aranda,Bogota D.C.,4.16,,,,,,,,,,,,,,BAJA,0,Menu QR | Pedidos por WhatsApp | Chatbot IA | Pagina web,"Sin canal de contacto: requiere visita en campo o busqueda manual; sin presencia digital, oportunidad alta para paquete completo; horario no publicado; posible cadena: la decision de compra suele ser centralizada",BAJA,OpenStreetMap,osm:node/1000126,4.624381,-74.102479
GYX-6EDF1B4530,DEMO Restaurante Puente Aranda 146,Restaurante,Alimentacion,Calle 180 Sur #38-56,,Puente Aranda,Bogota D.C.,5.31,,,,,,,,,,,,,,BAJA,0,Menu QR | Pedidos por WhatsApp | Chatbot IA | Pagina web,"Sin canal de contacto: requiere visita en campo o busqueda manual; sin presencia digital, oportunidad alta para paquete completo; horario no publicado; posible cadena: la decision de compra suele ser centralizada",BAJA,OpenStreetMap,osm:node/1000146,4.607693,-74.122772
GYX-63CEDD0C9D,DEMO Restaurante Puente Aranda 366,Restaurante,Alimentacion,Calle 166 Sur #10-70,,Puente Aranda,Bogota D.C.,5.28,,,,,,,,,,,,,,BAJA,0,Menu QR | Pedidos por WhatsApp | Chatbot IA | Pagina web,"Sin canal de contacto: requiere visita en campo o busqueda manual; sin presencia digital, oportunidad alta para paquete completo; horario no publicado; posible cadena: la decision de compra suele ser centralizada",BAJA,OpenStreetMap,osm:node/1000366,4.635382,-74.105361
GYX-987F044D93,DEMO Veterinaria Kennedy 081,Veterinaria,Salud,Calle 163 Sur #50-21,,Kennedy,Bogota D.C.,7.91,,,,,,,,,Mo-Sa 08:00-18:00,,,,,BAJA,0,Agenda online | CRM | Automatizacion de citas | Agente IA | Pagina web,"Sin canal de contacto: requiere visita en campo o busqueda manual; sin presencia digital, oportunidad alta para paquete completo",BAJA,OpenStreetMap,osm:node/1000081,4.612581,-74.145694
GYX-DB58AF803E,DEMO Veterinaria Kennedy 121,Veterinaria,Salud,Calle 163 Sur #25-70,,Kennedy,Bogota D.C.,7.04,,,,,,,,,,,,,,BAJA,0,Agenda online | CRM | Automatizacion de citas | Agente IA | Pagina web,"Sin canal de contacto: requiere visita en campo o busqueda manual; sin presencia digital, oportunidad alta para paquete completo; horario no publicado",BAJA,OpenStreetMap,osm:node/1000121,4.605172,-74.138936
GYX-8C655E0191,DEMO Veterinaria Kennedy 161,Veterinaria,Salud,Calle 134 Sur #53-17,,Kennedy,Bogota D.C.,7.38,,,,,,,,,Mo-Sa 08:00-18:00,,,,,BAJA,0,Agenda online | CRM | Automatizacion de citas | Agente IA | Pagina web,"Sin canal de contacto: requiere visita en campo o busqueda manual; sin presencia digital, oportunidad alta para paquete completo",BAJA,OpenStreetMap,osm:node/1000161,4.600401,-74.14231
GYX-A3D98712C1,DEMO Veterinaria Kennedy 241,Veterinaria,Salud,Calle 166 Sur #40-93,,Kennedy,Bogota D.C.,7.82,,,,,,,,,,,,,,BAJA,0,Agenda online | CRM | Automatizacion de citas | Agente IA | Pagina web,"Sin canal de contacto: requiere visita en campo o busqueda manual; sin presencia digital, oportunidad alta para paquete completo; horario no publicado",BAJA,OpenStreetMap,osm:node/1000241,4.628457,-74.139468
GYX-11DC726F9D,DEMO Veterinaria Kennedy 361,Veterinaria,Salud,Calle 77 Sur #85-93,,Kennedy,Bogota D.C.,8.36,,,,,,,,,,,,,,BAJA,0,Agenda online | CRM | Automatizacion de citas | Agente IA | Pagina web,"Sin canal de contacto: requiere visita en campo o busqueda manual; sin presencia digital, oportunidad alta para paquete completo; horario no publicado",BAJA,OpenStreetMap,osm:node/1000361,4.616803,-74.148825
GYX-325A4C58D3,DEMO Barberia Tunjuelito 143,Barberia,Belleza,Calle 147 Sur #19-45,,Rafael Uribe Uribe,Bogota D.C.,7.16,,,,,,,,,,,,,,BAJA,0,Agenda online | CRM | Automatizacion de citas | Agente IA | Pagina web,"Sin canal de contacto: requiere visita en campo o busqueda manual; sin presencia digital, oportunidad alta para paquete completo; horario no publicado",BAJA,OpenStreetMap,osm:node/1000143,4.555627,-74.124376
GYX-14155E30F7,DEMO Barberia Tunjuelito 243,Barberia,Belleza,Calle 67 Sur #78-56,,Rafael Uribe Uribe,Bogota D.C.,7.37,,,,,,,,,,,,,,BAJA,0,Agenda online | CRM | Automatizacion de citas | Agente IA | Pagina web,"Sin canal de contacto: requiere visita en campo o busqueda manual; sin presencia digital, oportunidad alta para paquete completo; horario no publicado",BAJA,OpenStreetMap,osm:node/1000243,4.558198,-74.128905
GYX-1E24CFE7B0,DEMO Cafeteria Suba 067,Cafeteria,Alimentacion,Calle 158 Sur #6-43,,Suba,Bogota D.C.,16.33,,,,,,,,,,,,,,BAJA,0,Menu QR | Pedidos por WhatsApp | Chatbot IA | Pagina web,"Sin canal de contacto: requiere visita en campo o busqueda manual; sin presencia digital, oportunidad alta para paquete completo; horario no publicado",BAJA,OpenStreetMap,osm:node/1000067,4.744519,-74.086601
GYX-26EA621F89,DEMO Cafeteria Suba 087,Cafeteria,Alimentacion,Calle 34 Sur #63-46,,Suba,Bogota D.C.,17.88,,,,,,,,,Mo-Sa 08:00-18:00,,,,,BAJA,0,Menu QR | Pedidos por WhatsApp | Chatbot IA | Pagina web,"Sin canal de contacto: requiere visita en campo o busqueda manual; sin presencia digital, oportunidad alta para paquete completo",BAJA,OpenStreetMap,osm:node/1000087,4.757702,-74.095616
GYX-5589B00798,DEMO Cafeteria Suba 127,Cafeteria,Alimentacion,Calle 68 Sur #54-39,,Suba,Bogota D.C.,18.59,,,,,,,,,,,,,,BAJA,0,Menu QR | Pedidos por WhatsApp | Chatbot IA | Pagina web,"Sin canal de contacto: requiere visita en campo o busqueda manual; sin presencia digital, oportunidad alta para paquete completo; horario no publicado",BAJA,OpenStreetMap,osm:node/1000127,4.765307,-74.077797
GYX-04E990AF88,DEMO Cafeteria Suba 187,Cafeteria,Alimentacion,Calle 128 Sur #99-80,,Suba,Bogota D.C.,17.73,,,,,,,,,Mo-Sa 08:00-18:00,,,,,BAJA,0,Menu QR | Pedidos por WhatsApp | Chatbot IA | Pagina web,"Sin canal de contacto: requiere visita en campo o busqueda manual; sin presencia digital, oportunidad alta para paquete completo",BAJA,OpenStreetMap,osm:node/1000187,4.756724,-74.092134
GYX-51A4C3D14B,DEMO Cafeteria Suba 227,Cafeteria,Alimentacion,Calle 10 Sur #10-33,,Suba,Bogota D.C.,17.01,,,,,,,,,,,,,,BAJA,0,Menu QR | Pedidos por WhatsApp | Chatbot IA | Pagina web,"Sin canal de contacto: requiere visita en campo o busqueda manual; sin presencia digital, oportunidad alta para paquete completo; horario no publicado",BAJA,OpenStreetMap,osm:node/1000227,4.749359,-74.098734
GYX-09DA91F864,DEMO Cafeteria Suba 307,Cafeteria,Alimentacion,Calle 144 Sur #86-62,,Suba,Bogota D.C.,18.04,,,,,,,,,,,,,,BAJA,0,Menu QR | Pedidos por WhatsApp | Chatbot IA | Pagina web,"Sin canal de contacto: requiere visita en campo o busqueda manual; sin presencia digital, oportunidad alta para paquete completo; horario no publicado",BAJA,OpenStreetMap,osm:node/1000307,4.760283,-74.081191
GYX-7F3B8FAD31,DEMO Cafeteria Suba 387,Cafeteria,Alimentacion,Calle 63 Sur #83-16,,Suba,Bogota D.C.,18.63,,,,,,,,,,,,,,BAJA,0,Menu QR | Pedidos por WhatsApp | Chatbot IA | Pagina web,"Sin canal de contacto: requiere visita en campo o busqueda manual; sin presencia digital, oportunidad alta para paquete completo; horario no publicado",BAJA,OpenStreetMap,osm:node/1000387,4.765492,-74.069777
GYX-2A3D45F051,DEMO Celulares Chapinero 119,Tienda especializada,Comercio,Calle 101 Sur #66-25,,Santa Fe,Bogota D.C.,5.8,,,,,,,,,Mo-Sa 08:00-18:00,,,DEMO Operador 14,,BAJA,0,Inventario | Dashboard BI | Catalogo digital | Pagina web | Gestion de redes,"Sin canal de contacto: requiere visita en campo o busqueda manual; sin presencia digital, oportunidad alta para paquete completo",BAJA,OpenStreetMap,osm:node/1000119,4.638404,-74.042626
GYX-2F6FA7F517,DEMO Celulares Chapinero 219,Tienda especializada,Comercio,Calle 25 Sur #25-77,,Barrios Unidos,Bogota D.C.,7.59,,,,,,,,,,,,,,BAJA,0,Inventario | Dashboard BI | Catalogo digital | Pagina web | Gestion de redes,"Sin canal de contacto: requiere visita en campo o busqueda manual; sin presencia digital, oportunidad alta para paquete completo; horario no publicado",BAJA,OpenStreetMap,osm:node/1000219,4.664487,-74.05986
GYX-B7FAD31EA1,DEMO Celulares Chapinero 279,Tienda especializada,Comercio,Calle 90 Sur #3-73,,Chapinero,Bogota D.C.,6.2,,,,,,,,,,,,,,BAJA,0,Inventario | Dashboard BI | Catalogo digital | Pagina web | Gestion de redes,"Sin canal de contacto: requiere visita en campo o busqueda manual; sin presencia digital, oportunidad alta para paquete completo; horario no publicado",BAJA,OpenStreetMap,osm:node/1000279,4.651053,-74.05837
GYX-46E68D6413,DEMO Celulares Chapinero 399,Tienda especializada,Comercio,Calle 43 Sur #96-40,,Chapinero,Bogota D.C.,8.5,,,,,,,,,,,,,,BAJA,0,Inventario | Dashboard BI | Catalogo digital | Pagina web | Gestion de redes,"Sin canal de contacto: requiere visita en campo o busqueda manual; sin presencia digital, oportunidad alta para paquete completo; horario no publicado",BAJA,OpenStreetMap,osm:node/1000399,4.662107,-74.033871
GYX-0CCC9F25BD,DEMO Consultorio Chapinero 009,Consultorio medico,Salud,Calle 157 Sur #73-50,,Santa Fe,Bogota D.C.,5.16,,,,,,,,,Mo-Sa 08:00-18:00,,,,,BAJA,0,Agenda online | CRM | Automatizacion de citas | Agente IA | Pagina web,"Sin canal de contacto: requiere visita en campo o busqueda manual; sin presencia digital, oportunidad alta para paquete completo",BAJA,OpenStreetMap,osm:node/1000009,4.635827,-74.048616
GYX-0BDC2E0698,DEMO Consultorio Chapinero 029,Consultorio medico,Salud,Calle 67 Sur #52-29,,Chapinero,Bogota D.C.,7.17,,,,,,,,,,,,,,BAJA,0,Agenda online | CRM | Automatizacion de citas | Agente IA | Pagina web,"Sin canal de contacto: requiere visita en campo o busqueda manual; sin presencia digital, oportunidad alta para paquete completo; horario no publicado",BAJA,OpenStreetMap,osm:node/1000029,4.64689,-74.033543
GYX-4A9F5BC6D2,DEMO Consultorio Chapinero 069,Consultorio medico,Salud,Calle 78 Sur #89-29,,Teusaquillo,Bogota D.C.,5.8,,,,,,,,,Mo-Sa 08:00-18:00,,,,,BAJA,0,Agenda online | CRM | Automatizacion de citas | Agente IA | Pagina web,"Sin canal de contacto: requiere visita en campo o busqueda manual; sin presencia digital, oportunidad alta para paquete completo",BAJA,OpenStreetMap,osm:node/1000069,4.649862,-74.069652
GYX-8680229754,DEMO Consultorio Chapinero 269,Consultorio medico,Salud,Calle 107 Sur #75-27,,Chapinero,Bogota D.C.,8.0,,,,,,,,,,,,DEMO Operador 18,,BAJA,0,Agenda online | CRM | Automatizacion de citas | Agente IA | Pagina web,"Sin canal de contacto: requiere visita en campo o busqueda manual; sin presencia digital, oportunidad alta para paquete completo; horario no publicado",BAJA,OpenStreetMap,osm:node/1000269,4.66452,-74.047985
GYX-3D8DD7ED65,DEMO Consultorio Chapinero 389,Consultorio medico,Salud,Calle 139 Sur #84-16,,Chapinero,Bogota D.C.,9.01,,,,,,,,,,,,,,BAJA,0,Agenda online | CRM | Automatizacion de citas | Agente IA | Pagina web,"Sin canal de contacto: requiere visita en campo o busqueda manual; sin presencia digital, oportunidad alta para paquete completo; horario no publicado",BAJA,OpenStreetMap,osm:node/1000389,4.668187,-74.035074
GYX-7F77D354CC,DEMO Floristeria Puente Aranda 256,Floristeria,Comercio,Calle 1 Sur #61-92,,Los Martires,Bogota D.C.,2.34,,,,,,,,,,,,,,BAJA,0,Inventario | Dashboard BI | Catalogo digital | Pagina web | Gestion de redes,"Sin canal de contacto: requiere visita en campo o busqueda manual; sin presencia digital, oportunidad alta para paquete completo; horario no publicado; posible cadena: la decision de compra suele ser centralizada",BAJA,OpenStreetMap,osm:way/1000256,4.612625,-74.091135
GYX-B090D6305C,DEMO Floristeria Puente Aranda 336,Floristeria,Comercio,Calle 111 Sur #8-33,,Los Martires,Bogota D.C.,3.01,,,,,,,,,,,,DEMO Operador 13,,BAJA,0,Inventario | Dashboard BI | Catalogo digital | Pagina web | Gestion de redes,"Sin canal de contacto: requiere visita en campo o busqueda manual; sin presencia digital, oportunidad alta para paquete completo; horario no publicado; posible cadena: la decision de compra suele ser centralizada",BAJA,OpenStreetMap,osm:way/1000336,4.601225,-74.102765
GYX-74EFE8E7FB,DEMO Minimercado Suba 017,Minimercado,Comercio,Calle 170 Sur #16-59,,Suba,Bogota D.C.,18.37,,,,,,,,,,,,,,BAJA,0,Inventario | Dashboard BI | Catalogo digital | Pagina web | Gestion de redes,"Sin canal de contacto: requiere visita en campo o busqueda manual; sin presencia digital, oportunidad alta para paquete completo; horario no publicado",BAJA,OpenStreetMap,osm:node/1000017,4.761986,-74.096609
GYX-94AE4B766B,DEMO Minimercado Suba 057,Minimercado,Comercio,Calle 33 Sur #30-82,,Suba,Bogota D.C.,18.32,,,,,,,,,,,,,,BAJA,0,Inventario | Dashboard BI | Catalogo digital | Pagina web | Gestion de redes,"Sin canal de contacto: requiere visita en campo o busqueda manual; sin presencia digital, oportunidad alta para paquete completo; horario no publicado",BAJA,OpenStreetMap,osm:node/1000057,4.761074,-74.099945
GYX-1CD8B275D5,DEMO Minimercado Suba 157,Minimercado,Comercio,Calle 172 Sur #28-81,,Suba,Bogota D.C.,19.17,,,,,,,,,,,,,,BAJA,0,Inventario | Dashboard BI | Catalogo digital | Pagina web | Gestion de redes,"Sin canal de contacto: requiere visita en campo o busqueda manual; sin presencia digital, oportunidad alta para paquete completo; horario no publicado",BAJA,OpenStreetMap,osm:node/1000157,4.769145,-74.097726
GYX-C11B0DDE4B,DEMO Minimercado Suba 177,Minimercado,Comercio,Calle 71 Sur #67-22,,Suba,Bogota D.C.,15.57,,,,,,,,,,,,,,BAJA,0,Inventario | Dashboard BI | Catalogo digital | Pagina web | Gestion de redes,"Sin canal de contacto: requiere visita en campo o busqueda manual; sin presencia digital, oportunidad alta para paquete completo; horario no publicado",BAJA,OpenStreetMap,osm:node/1000177,4.7381,-74.07557
GYX-361837FAF0,DEMO Minimercado Suba 217,Minimercado,Comercio,Calle 166 Sur #18-48,,Suba,Bogota D.C.,18.91,,,,,,,,,,,,,,BAJA,0,Inventario | Dashboard BI | Catalogo digital | Pagina web | Gestion de redes,"Sin canal de contacto: requiere visita en campo o busqueda manual; sin presencia digital, oportunidad alta para paquete completo; horario no publicado",BAJA,OpenStreetMap,osm:node/1000217,4.768112,-74.080771
GYX-0458813940,DEMO Minimercado Suba 237,Minimercado,Comercio,Calle 138 Sur #83-11,,Suba,Bogota D.C.,15.39,,,,,,,,,,,,,,BAJA,0,Inventario | Dashboard BI | Catalogo digital | Pagina web | Gestion de redes,"Sin canal de contacto: requiere visita en campo o busqueda manual; sin presencia digital, oportunidad alta para paquete completo; horario no publicado",BAJA,OpenStreetMap,osm:node/1000237,4.735467,-74.092473
GYX-3E3DC043C2,DEMO Minimercado Suba 257,Minimercado,Comercio,Calle 101 Sur #68-44,,Suba,Bogota D.C.,16.36,,,,,,,,,Mo-Sa 08:00-18:00,,,,,BAJA,0,Inventario | Dashboard BI | Catalogo digital | Pagina web | Gestion de redes,"Sin canal de contacto: requiere visita en campo o busqueda manual; sin presencia digital, oportunidad alta para paquete completo",BAJA,OpenStreetMap,osm:node/1000257,4.745153,-74.071513
GYX-2044179EE4,DEMO Minimercado Suba 337,Minimercado,Comercio,Calle 168 Sur #84-70,,Suba,Bogota D.C.,15.11,,,,,,,,,Mo-Sa 08:00-18:00,,,,,BAJA,0,Inventario | Dashboard BI | Catalogo digital | Pagina web | Gestion de redes,"Sin canal de contacto: requiere visita en campo o busqueda manual; sin presencia digital, oportunidad alta para paquete completo",BAJA,OpenStreetMap,osm:node/1000337,4.733789,-74.082285
GYX-2916E6FA81,DEMO Panaderia Usaquen 068,Panaderia,Alimentacion,Calle 60 Sur #14-70,,Usaquen,Bogota D.C.,15.86,,,,,,,,,,,,,,BAJA,0,Menu QR | Pedidos por WhatsApp | Chatbot IA | Pagina web,"Sin canal de contacto: requiere visita en campo o busqueda manual; sin presencia digital, oportunidad alta para paquete completo; horario no publicado",BAJA,OpenStreetMap,osm:way/1000068,4.73786,-74.047387
GYX-13AA681E86,DEMO Panaderia Usaquen 108,Panaderia,Alimentacion,Calle 126 Sur #90-81,,Usaquen,Bogota D.C.,16.72,,,,,,,,,,,,,,BAJA,0,Menu QR | Pedidos por WhatsApp | Chatbot IA | Pagina web,"Sin canal de contacto: requiere visita en campo o busqueda manual; sin presencia digital, oportunidad alta para paquete completo; horario no publicado",BAJA,OpenStreetMap,osm:way/1000108,4.737548,-74.019328
GYX-11803A78C6,DEMO Panaderia Usaquen 128,Panaderia,Alimentacion,Calle 2 Sur #21-51,,Chapinero,Bogota D.C.,13.26,,,,,,,,,,,,,,BAJA,0,Menu QR | Pedidos por WhatsApp | Chatbot IA | Pagina web,"Sin canal de contacto: requiere visita en campo o busqueda manual; sin presencia digital, oportunidad alta para paquete completo; horario no publicado",BAJA,OpenStreetMap,osm:way/1000128,4.706585,-74.026016
GYX-4FF96B2640,DEMO Panaderia Usaquen 148,Panaderia,Alimentacion,Calle 72 Sur #55-22,,Usaquen,Bogota D.C.,14.45,,,,,,,,,Mo-Sa 08:00-18:00,,,,,BAJA,0,Menu QR | Pedidos por WhatsApp | Chatbot IA | Pagina web,"Sin canal de contacto: requiere visita en campo o busqueda manual; sin presencia digital, oportunidad alta para paquete completo",BAJA,OpenStreetMap,osm:way/1000148,4.723468,-74.041457
GYX-4CBFAB6F78,DEMO Panaderia Usaquen 308,Panaderia,Alimentacion,Calle 11 Sur #69-99,,Chapinero,Bogota D.C.,13.98,,,,,,,,,Mo-Sa 08:00-18:00,,,,,BAJA,0,Menu QR | Pedidos por WhatsApp | Chatbot IA | Pagina web,"Sin canal de contacto: requiere visita en campo o busqueda manual; sin presencia digital, oportunidad alta para paquete completo",BAJA,OpenStreetMap,osm:way/1000308,4.710389,-74.019145
GYX-EFDEBAB52D,DEMO Restaurante Puente Aranda 266,Restaurante,Alimentacion,Calle 7 Sur #14-85,,Teusaquillo,Bogota D.C.,4.98,,,,,,,,,Mo-Sa 08:00-18:00,,,DEMO Operador 13,,BAJA,0,Menu QR | Pedidos por WhatsApp | Chatbot IA | Pagina web,"Sin canal de contacto: requiere visita en campo o busqueda manual; sin presencia digital, oportunidad alta para paquete completo; posible cadena: la decision de compra suele ser centralizada",BAJA,OpenStreetMap,osm:node/1000266,4.636053,-74.099719
GYX-02E112FF67,DEMO Restaurante Puente Aranda 306,Restaurante,Alimentacion,Calle 69 Sur #15-36,,Los Martires,Bogota D.C.,2.59,,,,,,,,,,,,DEMO Operador 9,,BAJA,0,Menu QR | Pedidos por WhatsApp | Chatbot IA | Pagina web,"Sin canal de contacto: requiere visita en campo o busqueda manual; sin presencia digital, oportunidad alta para paquete completo; horario no publicado; posible cadena: la decision de compra suele ser centralizada",BAJA,OpenStreetMap,osm:node/1000306,4.615421,-74.091456
GYX-36256C69CF,DEMO Ropa Usaquen 038,Tienda de ropa,Comercio,Calle 153 Sur #50-51,,Chapinero,Bogota D.C.,13.82,,,,,,,,,,,,,,BAJA,0,Inventario | Dashboard BI | Catalogo digital | Pagina web | Gestion de redes,"Sin canal de contacto: requiere visita en campo o busqueda manual; sin presencia digital, oportunidad alta para paquete completo; horario no publicado",BAJA,OpenStreetMap,osm:node/1000038,4.70621,-74.014288
GYX-E6E1624BB0,DEMO Ropa Usaquen 118,Tienda de ropa,Comercio,Calle 117 Sur #70-36,,Usaquen,Bogota D.C.,14.48,,,,,,,,,,,,,,BAJA,0,Inventario | Dashboard BI | Catalogo digital | Pagina web | Gestion de redes,"Sin canal de contacto: requiere visita en campo o busqueda manual; sin presencia digital, oportunidad alta para paquete completo; horario no publicado",BAJA,OpenStreetMap,osm:node/1000118,4.713928,-74.016114
GYX-37FD5B49DC,DEMO Ropa Usaquen 178,Tienda de ropa,Comercio,Calle 2 Sur #53-80,,Chapinero,Bogota D.C.,13.66,,,,,,,,,,,,,,BAJA,0,Inventario | Dashboard BI | Catalogo digital | Pagina web | Gestion de redes,"Sin canal de contacto: requiere visita en campo o busqueda manual; sin presencia digital, oportunidad alta para paquete completo; horario no publicado",BAJA,OpenStreetMap,osm:node/1000178,4.705091,-74.015167
GYX-F1300E317C,DEMO Ropa Usaquen 258,Tienda de ropa,Comercio,Calle 122 Sur #93-54,,Chapinero,Bogota D.C.,14.28,,,,,,,,,,,,,,BAJA,0,Inventario | Dashboard BI | Catalogo digital | Pagina web | Gestion de redes,"Sin canal de contacto: requiere visita en campo o busqueda manual; sin presencia digital, oportunidad alta para paquete completo; horario no publicado",BAJA,OpenStreetMap,osm:node/1000258,4.710597,-74.01365
GYX-28AE1C1B08,DEMO Ropa Usaquen 338,Tienda de ropa,Comercio,Calle 92 Sur #43-10,,Chapinero,Bogota D.C.,12.07,,,,,,,,,Mo-Sa 08:00-18:00,,,,,BAJA,0,Inventario | Dashboard BI | Catalogo digital | Pagina web | Gestion de redes,"Sin canal de contacto: requiere visita en campo o busqueda manual; sin presencia digital, oportunidad alta para paquete completo",BAJA,OpenStreetMap,osm:node/1000338,4.700837,-74.040769
GYX-0ABD24AD80,DEMO Ropa Usaquen 378,Tienda de ropa,Comercio,Calle 160 Sur #50-65,,Chapinero,Bogota D.C.,13.02,,,,,,,,,,,,,,BAJA,0,Inventario | Dashboard BI | Catalogo digital | Pagina web | Gestion de redes,"Sin canal de contacto: requiere visita en campo o busqueda manual; sin presencia digital, oportunidad alta para paquete completo; horario no publicado",BAJA,OpenStreetMap,osm:node/1000378,4.702998,-74.023642
