{"type": "FeatureCollection", "name": "Base_Clientes_GoryxIA", "crs": {"type": "name", "properties": {"name": "urn:ogc:def:crs:OGC:1.3:CRS84"}}, "features": [{"type": "Feature", "geometry": {"type": "Point", "coordinates": [-74.144171, 4.547138]}, "properties": {"ID": "GYX-8AE05B4FB0", "Nombre del negocio": "DEMO Abogados Ciudad Bolivar 092", "Categoria": "Abogados", "Grupo": "Servicios profesionales", "Direccion": "Calle 1 Sur #96-14", "Barrio": "", "Localidad": "Ciudad Bolivar", "Telefono": "+57 300 000 5767", "WhatsApp": "+57 300 000 5767", "Link WhatsApp": "https://wa.me/573000005767", "Correo electronico": "", "Sitio web": "", "Instagram": "", "Facebook": "", "Presencia digital": "BAJA", "Score Contacto": 100, "Prioridad": "ALTA", "Fuente": "OpenStreetMap", "Distancia aprox. (km)": 9.46}}, {"type": "Feature", "geometry": {"type": "Point", "coordinates": [-74.146744, 4.524771]}, "properties": {"ID": "GYX-2FB19C42A6", "Nombre del negocio": "DEMO Abogados Ciudad Bolivar 212", "Categoria": "Abogados", "Grupo": "Servicios profesionales", "Direccion": "Calle 62 Sur #8-15", "Barrio": "", "Localidad": "Ciudad Bolivar", "Telefono": "+57 300 000 7606", "WhatsApp": "+57 300 000 7606", "Link WhatsApp": "https://wa.me/573000007606", "Correo electronico": "", "Sitio web": "", "Instagram": "", "Facebook": "", "Presencia digital": "BAJA", "Score Contacto": 100, "Prioridad": "ALTA", "Fuente": "OpenStreetMap", "Distancia aprox. (km)": 11.33}}, {"type": "Feature", "geometry": {"type": "Point", "coordinates": [-74.148592, 4.53915]}, "properties": {"ID": "GYX-0EA2B94757", "Nombre del negocio": "DEMO Abogados Ciudad Bolivar 312", "Categoria": "Abogados", "Grupo": "Servicios profesionales", "Direccion": "Calle 174 Sur #17-29", "Barrio": "", "Localidad": "Ciudad Bolivar", "Telefono": "+57 300 000 4911", "WhatsApp": "+57 300 000 4911", "Link WhatsApp": "https://wa.me/573000004911", "Correo electronico": "", "Sitio web": "", "Instagram": "", "Facebook": "", "Presencia digital": "BAJA", "Score Contacto": 100, "Prioridad": "ALTA", "Fuente": "OpenStreetMap", "Distancia aprox. (km)": 10.4}}, {"type": "Feature", "geometry": {"type": "Point", "coordinates": [-74.137588, 4.554244]}, "properties": {"ID": "GYX-39D9BE944B", "Nombre del negocio": "DEMO Barberia Tunjuelito 023", "Categoria": "Barberia", "Grupo": "Belleza", "Direccion": "Calle 64 Sur #25-45", "Barrio": "", "Localidad": "Ciudad Bolivar", "Telefono": "+57 300 000 2601", "WhatsApp": "+57 300 000 2601", "Link WhatsApp": "https://wa.me/573000002601", "Correo electronico": "", "Sitio web": "", "Instagram": "", "Facebook": "", "Presencia digital": "BAJA", "Score Contacto": 100, "Prioridad": "ALTA", "Fuente": "OpenStreetMap", "Distancia aprox. (km)": 8.41}}, {"type": "Feature", "geometry": {"type": "Point", "coordinates": [-74.145623, 4.57937]}, "properties": {"ID": "GYX-272D2C9101", "Nombre del negocio": "DEMO Barberia Tunjuelito 283", "Categoria": "Barberia", "Grupo": "Belleza", "Direccion": "Calle 170 Sur #12-52", "Barrio": "", "Localidad": "Tunjuelito", "Telefono": "+57 300 000 8868", "WhatsApp": "+57 300 000 8868", "Link WhatsApp": "https://wa.me/573000008868", "Correo electronico": "", "Sitio web": "", "Instagram": "", "Facebook": "", "Presencia digital": "BAJA", "Score Contacto": 100, "Prioridad": "ALTA", "Fuente": "OpenStreetMap", "Distancia aprox. (km)": 8.01}}, {"type": "Feature", "geometry": {"type": "Point", "coordinates": [-74.132933, 4.622123]}, "properties": {"ID": "GYX-E4EB2F8938", "Nombre del negocio": "DEMO Contaduria Kennedy 031", "Categoria": "Contaduria", "Grupo": "Servicios profesionales", "Direccion": "Calle 69 Sur #80-26", "Barrio": "", "Localidad": "Kennedy", "Telefono": "+57 300 000 4906", "WhatsApp": "+57 300 000 4906", "Link WhatsApp": "https://wa.me/573000004906", "Correo electronico": "", "Sitio web": "", "Instagram": "", "Facebook": "", "Presencia digital": "BAJA", "Score Contacto": 100, "Prioridad": "ALTA", "Fuente": "OpenStreetMap", "Distancia aprox. (km)": 6.87}}, {"type": "Feature", "geometry": {"type": "Point", "coordinates": [-74.156253, 4.618887]}, "properties": {"ID": "GYX-9BDA2DA796", "Nombre del negocio": "DEMO Contaduria Kennedy 051", "Categoria": "Contaduria", "Grupo": "Servicios profesionales", "Direccion": "Calle 77 Sur #33-93", "Barrio": "", "Localidad": "Kennedy", "Telefono": "+57 300 000 4910", "WhatsApp": "+57 300 000 4910", "Link WhatsApp": "https://wa.me/573000004910", "Correo electronico": "", "Sitio web": "", "Instagram": "", "Facebook": "", "Presencia digital": "BAJA", "Score Contacto": 100, "Prioridad": "ALTA", "Fuente": "OpenStreetMap", "Distancia aprox. (km)": 9.21}}, {"type": "Feature", "geometry": {"type": "Point", "coordinates": [-74.153158, 4.608334]}, "properties": {"ID": "GYX-B625FE3F21", "Nombre del negocio": "DEMO Contaduria Kennedy 071", "Categoria": "Contaduria", "Grupo": "Servicios profesionales", "Direccion": "Calle 115 Sur #23-39", "Barrio": "", "Localidad": "Kennedy", "Telefono": "+57 300 000 8551", "WhatsApp": "+57 300 000 8551", "Link WhatsApp": "https://wa.me/573000008551", "Correo electronico": "", "Sitio web": "", "Instagram": "", "Facebook": "", "Presencia digital": "BAJA", "Score Contacto": 100, "Prioridad": "ALTA", "Fuente": "OpenStreetMap", "Distancia aprox. (km)": 8.65}}, {"type": "Feature", "geometry": {"type": "Point", "coordinates": [-74.151519, 4.605042]}, "properties": {"ID": "GYX-07A9996CFD", "Nombre del negocio": "DEMO Contaduria Kennedy 111", "Categoria": "Contaduria", "Grupo": "Servicios profesionales", "Direccion": "Calle 179 Sur #31-74", "Barrio": "", "Localidad": "Kennedy", "Telefono": "+57 300 000 5939", "WhatsApp": "+57 300 000 5939", "Link WhatsApp": "https://wa.me/573000005939", "Correo electronico": "", "Sitio web": "", "Instagram": "", "Facebook": "", "Presencia digital": "BAJA", "Score Contacto": 100, "Prioridad": "ALTA", "Fuente": "OpenStreetMap", "Distancia aprox. (km)": 8.43}}, {"type": "Feature", "geometry": {"type": "Point", "coordinates": [-74.159063, 4.627138]}, "properties": {"ID": "GYX-6059C868D8", "Nombre del negocio": "DEMO Contaduria Kennedy 171", "Categoria": "Contaduria", "Grupo": "Servicios profesionales", "Direccion": "Calle 139 Sur #5-89", "Barrio": "", "Localidad": "Kennedy", "Telefono": "+57 300 000 2993", "WhatsApp": "+57 300 000 2993", "Link WhatsApp": "https://wa.me/573000002993", "Correo electronico": "", "Sitio web": "", "Instagram": "", "Facebook": "", "Presencia digital": "BAJA", "Score Contacto": 100, "Prioridad": "ALTA", "Fuente": "OpenStreetMap", "Distancia aprox. (km)": 9.78}}, {"type": "Feature", "geometry": {"type": "Point", "coordinates": [-74.153265, 4.618218]}, "properties": {"ID": "GYX-C6361B1D2C", "Nombre del negocio": "DEMO Contaduria Kennedy 191", "Categoria": "Contaduria", "Grupo": "Servicios profesionales", "Direccion": "Calle 65 Sur #64-18", "Barrio": "", "Localidad": "Kennedy", "Telefono": "+57 300 000 7386", "WhatsApp": "+57 300 000 7386", "Link WhatsApp": "https://wa.me/573000007386", "Correo electronico": "", "Sitio web": "", "Instagram": "", "Facebook": "", "Presencia digital": "BAJA", "Score Contacto": 100, "Prioridad": "ALTA", "Fuente": "OpenStreetMap", "Distancia aprox. (km)": 8.87}}, {"type": "Feature", "geometry": {"type": "Point", "coordinates": [-74.169115, 4.661849]}, "properties": {"ID": "GYX-21F7A17F48", "Nombre del negocio": "DEMO Drogueria Fontibon 114", "Categoria": "Drogueria", "Grupo": "Salud", "Direccion": "Calle 66 Sur #78-61", "Barrio": "", "Localidad": "Fontibon", "Telefono": "+57 300 000 4969", "WhatsApp": "+57 300 000 4969", "Link WhatsApp": "https://wa.me/573000004969", "Correo electronico": "", "Sitio web": "", "Instagram": "", "Facebook": "", "Presencia digital": "BAJA", "Score Contacto": 100, "Prioridad": "ALTA", "Fuente": "OpenStreetMap", "Distancia aprox. (km)": 12.54}}, {"type": "Feature", "geometry": {"type": "Point", "coordinates": [-74.138523, 4.684213]}, "properties": {"ID": "GYX-DCD2FE5000", "Nombre del negocio": "DEMO Drogueria Fontibon 214", "Categoria": "Drogueria", "Grupo": "Salud", "Direccion": "Calle 109 Sur #19-46", "Barrio": "", "Localidad": "Fontibon", "Telefono": "+57 300 000 1906", "WhatsApp": "+57 300 000 1906", "Link WhatsApp": "https://wa.me/573000001906", "Correo electronico": "", "Sitio web": "", "Instagram": "", "Facebook": "", "Presencia digital": "BAJA", "Score Contacto": 100, "Prioridad": "ALTA", "Fuente": "OpenStreetMap", "Distancia aprox. (km)": 11.83}}, {"type": "Feature", "geometry": {"type": "Point", "coordinates": [-74.135495, 4.651959]}, "properties": {"ID": "GYX-F4083D30AA", "Nombre del negocio": "DEMO Drogueria Fontibon 274", "Categoria": "Drogueria", "Grupo": "Salud", "Direccion": "Calle 19 Sur #77-73", "Barrio": "", "Localidad": "Fontibon", "Telefono": "+57 300 000 3689", "WhatsApp": "+57 300 000 3689", "Link WhatsApp": "https://wa.me/573000003689", "Correo electronico": "", "Sitio web": "", "Instagram": "", "Facebook": "", "Presencia digital": "BAJA", "Score Contacto": 100, "Prioridad": "ALTA", "Fuente": "OpenStreetMap", "Distancia aprox. (km)": 8.92}}, {"type": "Feature", "geometry": {"type": "Point", "coordinates": [-74.144739, 4.683002]}, "properties": {"ID": "GYX-53C5BC620F", "Nombre del negocio": "DEMO Estetica Fontibon 104", "Categoria": "Centro estetico", "Grupo": "Belleza", "Direccion": "Calle 74 Sur #62-22", "Barrio": "", "Localidad": "Fontibon", "Telefono": "+57 300 000 4358", "WhatsApp": "+57 300 000 4358", "Link WhatsApp": "https://wa.me/573000004358", "Correo electronico": "", "Sitio web": "", "Instagram": "", "Facebook": "", "Presencia digital": "BAJA", "Score Contacto": 100, "Prioridad": "ALTA", "Fuente": "OpenStreetMap", "Distancia aprox. (km)": 12.15}}, {"type": "Feature", "geometry": {"type": "Point", "coordinates": [-74.15473, 4.66939]}, "properties": {"ID": "GYX-11D90417C0", "Nombre del negocio": "DEMO Estetica Fontibon 144", "Categoria": "Centro estetico", "Grupo": "Belleza", "Direccion": "Calle 60 Sur #40-87", "Barrio": "", "Localidad": "Fontibon", "Telefono": "+57 300 000 7479", "WhatsApp": "+57 300 000 7479", "Link WhatsApp": "https://wa.me/573000007479", "Correo electronico": "", "Sitio web": "", "Instagram": "", "Facebook": "", "Presencia digital": "BAJA", "Score Contacto": 100, "Prioridad": "ALTA", "Fuente": "OpenStreetMap", "Distancia aprox. (km)": 11.81}}, {"type": "Feature", "geometry": {"type": "Point", "coordinates": [-74.144157, 4.563054]}, "properties": {"ID": "GYX-5C0C881A21", "Nombre del negocio": "DEMO Ferreteria Tunjuelito 073", "Categoria": "Ferreteria", "Grupo": "Comercio", "Direccion": "Calle 63 Sur #65-77", "Barrio": "", "Localidad": "Tunjuelito", "Telefono": "+57 300 000 2647", "WhatsApp": "+57 300 000 2647", "Link WhatsApp": "https://wa.me/573000002647", "Correo electronico": "", "Sitio web": "", "Instagram": "", "Facebook": "", "Presencia digital": "BAJA", "Score Contacto": 100, "Prioridad": "ALTA", "Fuente": "OpenStreetMap", "Distancia aprox. (km)": 8.52}}, {"type": "Feature", "geometry": {"type": "Point", "coordinates": [-74.150264, 4.561532]}, "properties": {"ID": "GYX-EC26182539", "Nombre del negocio": "DEMO Ferreteria Tunjuelito 173", "Categoria": "Ferreteria", "Grupo": "Comercio", "Direccion": "Calle 23 Sur #95-79", "Barrio": "", "Localidad": "Tunjuelito", "Telefono": "+57 300 000 8440", "WhatsApp": "+57 300 000 8440", "Link WhatsApp": "https://wa.me/573000008440", "Correo electronico": "", "Sitio web": "", "Instagram": "", "Facebook": "", "Presencia digital": "BAJA", "Score Contacto": 100, "Prioridad": "ALTA", "Fuente": "OpenStreetMap", "Distancia aprox. (km)": 9.2}}, {"type": "Feature", "geometry": {"type": "Point", "coordinates": [-74.09773, 4.680617]}, "properties": {"ID": "GYX-F4C9D19069", "Nombre del negocio": "DEMO Gimnasio Engativa 245", "Categoria": "Gimnasio", "Grupo": "Bienestar", "Direccion": "Calle 103 Sur #87-54", "Barrio": "", "Localidad": "Engativa", "Telefono": "+57 300 000 7160", "WhatsApp": "+57 300 000 7160", "Link WhatsApp": "https://wa.me/573000007160", "Correo electronico": "", "Sitio web": "", "Instagram": "", "Facebook": "", "Presencia digital": "BAJA", "Score Contacto": 100, "Prioridad": "ALTA", "Fuente": "OpenStreetMap", "Distancia aprox. (km)": 9.49}}, {"type": "Feature", "geometry": {"type": "Point", "coordinates": [-74.095139, 4.689595]}, "properties": {"ID": "GYX-0F168785F5", "Nombre del negocio": "DEMO Gimnasio Engativa 285", "Categoria": "Gimnasio", "Grupo": "Bienestar", "Direccion": "Calle 129 Sur #31-22", "Barrio": "", "Localidad": "Engativa", "Telefono": "+57 300 000 1879", "WhatsApp": "+57 300 000 1879", "Link WhatsApp": "https://wa.me/573000001879", "Correo electronico": "", "Sitio web": "", "Instagram": "", "Facebook": "", "Presencia digital": "BAJA", "Score Contacto": 100, "Prioridad": "ALTA", "Fuente": "OpenStreetMap", "Distancia aprox. (km)": 10.4}}, {"type": "Feature", "geometry": {"type": "Point", "coordinates": [-74.17513, 4.597352]}, "properties": {"ID": "GYX-2CB7B43D32", "Nombre del negocio": "DEMO Odontologia Bosa 020", "Categoria": "Odontologia", "Grupo": "Salud", "Direccion": "Calle 55 Sur #4-42", "Barrio": "", "Localidad": "Bosa", "Telefono": "+57 300 000 9211", "WhatsApp": "+57 300 000 9211", "Link WhatsApp": "https://wa.me/573000009211", "Correo electronico": "", "Sitio web": "", "Instagram": "", "Facebook": "", "Presencia digital": "BAJA", "Score Contacto": 100, "Prioridad": "ALTA", "Fuente": "OpenStreetMap", "Distancia aprox. (km)": 11.01}}, {"type": "Feature", "geometry": {"type": "Point", "coordinates": [-74.171757, 4.608447]}, "properties": {"ID": "GYX-9904F1AD65", "Nombre del negocio": "DEMO Odontologia Bosa 040", "Categoria": "Odontologia", "Grupo": "Salud", "Direccion": "Calle 165 Sur #30-20", "Barrio": "", "Localidad": "Bosa", "Telefono": "+57 300 000 3180", "WhatsApp": "+57 300 000 3180", "Link WhatsApp": "https://wa.me/573000003180", "Correo electronico": "", "Sitio web": "", "Instagram": "", "Facebook": "", "Presencia digital": "BAJA", "Score Contacto": 100, "Prioridad": "ALTA", "Fuente": "OpenStreetMap", "Distancia aprox. (km)": 10.7}}, {"type": "Feature", "geometry": {"type": "Point", "coordinates": [-74.198668, 4.585835]}, "properties": {"ID": "GYX-E9EBC7469D", "Nombre del negocio": "DEMO Odontologia Bosa 080", "Categoria": "Odontologia", "Grupo": "Salud", "Direccion": "Calle 134 Sur #22-18", "Barrio": "", "Localidad": "Bosa", "Telefono": "+57 300 000 9036", "WhatsApp": "+57 300 000 9036", "Link WhatsApp": "https://wa.me/573000009036", "Correo electronico": "", "Sitio web": "", "Instagram": "", "Facebook": "", "Presencia digital": "BAJA", "Score Contacto": 100, "Prioridad": "ALTA", "Fuente": "OpenStreetMap", "Distancia aprox. (km)": 13.69}}, {"type": "Feature", "geometry": {"type": "Point", "coordinates": [-74.183005, 4.605143]}, "properties": {"ID": "GYX-CFD21A9C42", "Nombre del negocio": "DEMO Odontologia Bosa 120", "Categoria": "Odontologia", "Grupo": "Salud", "Direccion": "Calle 149 Sur #34-23", "Barrio": "", "Localidad": "Bosa", "Telefono": "+57 300 000 7561", "WhatsApp": "+57 300 000 7561", "Link WhatsApp": "https://wa.me/573000007561", "Correo electronico": "", "Sitio web": "", "Instagram": "", "Facebook": "", "Presencia digital": "BAJA", "Score Contacto": 100, "Prioridad": "ALTA", "Fuente": "OpenStreetMap", "Distancia aprox. (km)": 11.91}}, {"type": "Feature", "geometry": {"type": "Point", "coordinates": [-74.175455, 4.594471]}, "properties": {"ID": "GYX-E2E19441F1", "Nombre del negocio": "DEMO Odontologia Bosa 260", "Categoria": "Odontologia", "Grupo": "Salud", "Direccion": "Calle 110 Sur #16-62", "Barrio": "", "Localidad": "Bosa", "Telefono": "+57 300 000 5120", "WhatsApp": "+57 300 000 5120", "Link WhatsApp": "https://wa.me/573000005120", "Correo electronico": "", "Sitio web": "", "Instagram": "", "Facebook": "", "Presencia digital": "BAJA", "Score Contacto": 100, "Prioridad": "ALTA", "Fuente": "OpenStreetMap", "Distancia aprox. (km)": 11.05}}, {"type": "Feature", "geometry": {"type": "Point", "coordinates": [-74.191182, 4.588053]}, "properties": {"ID": "GYX-15C5F26C15", "Nombre del negocio": "DEMO Odontologia Bosa 280", "Categoria": "Odontologia", "Grupo": "Salud", "Direccion": "Calle 59 Sur #75-48", "Barrio": "", "Localidad": "Bosa", "Telefono": "+57 300 000 2649", "WhatsApp": "+57 300 000 2649", "Link WhatsApp": "https://wa.me/573000002649", "Correo electronico": "", "Sitio web": "", "Instagram": "", "Facebook": "", "Presencia digital": "BAJA", "Score Contacto": 100, "Prioridad": "ALTA", "Fuente": "OpenStreetMap", "Distancia aprox. (km)": 12.84}}, {"type": "Feature", "geometry": {"type": "Point", "coordinates": [-74.182408, 4.616551]}, "properties": {"ID": "GYX-94C3BD78FF", "Nombre del negocio": "DEMO Odontologia Bosa 340", "Categoria": "Odontologia", "Grupo": "Salud", "Direccion": "Calle 162 Sur #12-92", "Barrio": "", "Localidad": "Bosa", "Telefono": "+57 300 000 5708", "WhatsApp": "+57 300 000 5708", "Link WhatsApp": "https://wa.me/573000005708", "Correo electronico": "", "Sitio web": "", "Instagram": "", "Facebook": "", "Presencia digital": "BAJA", "Score Contacto": 100, "Prioridad": "ALTA", "Fuente": "OpenStreetMap", "Distancia aprox. (km)": 11.99}}, {"type": "Feature", "geometry": {"type": "Point", "coordinates": [-74.204842, 4.616386]}, "properties": {"ID": "GYX-CC95E97B5F", "Nombre del negocio": "DEMO Odontologia Bosa 380", "Categoria": "Odontologia", "Grupo": "Salud", "Direccion": "Calle 120 Sur #88-89", "Barrio": "", "Localidad": "Bosa", "Telefono": "+57 300 000 2122", "WhatsApp": "+57 300 000 2122", "Link WhatsApp": "https://wa.me/573000002122", "Correo electronico": "", "Sitio web": "", "Instagram": "", "Facebook": "", "Presencia digital": "BAJA", "Score Contacto": 100, "Prioridad": "ALTA", "Fuente": "OpenStreetMap", "Distancia aprox. (km)": 14.45}}, {"type": "Feature", "geometry": {"type": "Point", "coordinates": [-74.120645, 4.692903]}, "properties": {"ID": "GYX-7635946C6A", "Nombre del negocio": "DEMO Papeleria Engativa 155", "Categoria": "Papeleria", "Grupo": "Comercio", "Direccion": "Calle 30 Sur #81-56", "Barrio": "", "Localidad": "Engativa", "Telefono": "+57 300 000 4631", "WhatsApp": "+57 300 000 4631", "Link WhatsApp": "https://wa.me/573000004631", "Correo electronico": "", "Sitio web": "", "Instagram": "", "Facebook": "", "Presencia digital": "BAJA", "Score Contacto": 100, "Prioridad": "ALTA", "Fuente": "OpenStreetMap", "Distancia aprox. (km)": 11.65}}, {"type": "Feature", "geometry": {"type": "Point", "coordinates": [-74.117042, 4.718083]}, "properties": {"ID": "GYX-3C05FFD6FF", "Nombre del negocio": "DEMO Papeleria Engativa 175", "Categoria": "Papeleria", "Grupo": "Comercio", "Direccion": "Calle 84 Sur #63-44", "Barrio": "", "Localidad": "Engativa", "Telefono": "+57 300 000 4541", "WhatsApp": "+57 300 000 4541", "Link WhatsApp": "https://wa.me/573000004541", "Correo electronico": "contacto@demo-papeleria-175.example.com", "Sitio web": "", "Instagram": "", "Facebook": "", "Presencia digital": "BAJA", "Score Contacto": 100, "Prioridad": "ALTA", "Fuente": "OpenStreetMap", "Distancia aprox. (km)": 14.1}}, {"type": "Feature", "geometry": {"type": "Point", "coordinates": [-74.093122, 4.708848]}, "properties": {"ID": "GYX-1F9D762730", "Nombre del negocio": "DEMO Papeleria Engativa 235", "Categoria": "Papeleria", "Grupo": "Comercio", "Direccion": "Calle 125 Sur #41-32", "Barrio": "", "Localidad": "Engativa", "Telefono": "+57 300 000 5219", "WhatsApp": "+57 300 000 5219", "Link WhatsApp": "https://wa.me/573000005219", "Correo electronico": "", "Sitio web": "", "Instagram": "", "Facebook": "", "Presencia digital": "BAJA", "Score Contacto": 100, "Prioridad": "ALTA", "Fuente": "OpenStreetMap", "Distancia aprox. (km)": 12.46}}, {"type": "Feature", "geometry": {"type": "Point", "coordinates": [-74.174673, 4.532267]}, "properties": {"ID": "GYX-A9E18F55D7", "Nombre del negocio": "DEMO Peluqueria Ciudad Bolivar 002", "Categoria": "Peluqueria", "Grupo": "Belleza", "Direccion": "Calle 108 Sur #19-79", "Barrio": "", "Localidad": "Ciudad Bolivar", "Telefono": "+57 300 000 6054", "WhatsApp": "+57 300 000 6054", "Link WhatsApp": "https://wa.me/573000006054", "Correo electronico": "", "Sitio web": "", "Instagram": "", "Facebook": "", "Presencia digital": "BAJA", "Score Contacto": 100, "Prioridad": "ALTA", "Fuente": "OpenStreetMap", "Distancia aprox. (km)": 13.18}}, {"type": "Feature", "geometry": {"type": "Point", "coordinates": [-74.144155, 4.534071]}, "properties": {"ID": "GYX-E68398901B", "Nombre del negocio": "DEMO Peluqueria Ciudad Bolivar 142", "Categoria": "Peluqueria", "Grupo": "Belleza", "Direccion": "Calle 116 Sur #37-98", "Barrio": "", "Localidad": "Ciudad Bolivar", "Telefono": "+57 300 000 5309", "WhatsApp": "+57 300 000 5309", "Link WhatsApp": "https://wa.me/573000005309", "Correo electronico": "", "Sitio web": "", "Instagram": "", "Facebook": "", "Presencia digital": "BAJA", "Score Contacto": 100, "Prioridad": "ALTA", "Fuente": "OpenStreetMap", "Distancia aprox. (km)": 10.4}}, {"type": "Feature", "geometry": {"type": "Point", "coordinates": [-74.150172, 4.602697]}, "properties": {"ID": "GYX-5A5538D240", "Nombre del negocio": "DEMO Veterinaria Kennedy 061", "Categoria": "Veterinaria", "Grupo": "Salud", "Direccion": "Calle 52 Sur #40-34", "Barrio": "", "Localidad": "Kennedy", "Telefono": "+57 300 000 4628", "WhatsApp": "+57 300 000 4628", "Link WhatsApp": "https://wa.me/573000004628", "Correo electronico": "", "Sitio web": "", "Instagram": "", "Facebook": "", "Presencia digital": "BAJA", "Score Contacto": 100, "Prioridad": "ALTA", "Fuente": "OpenStreetMap", "Distancia aprox. (km)": 8.26}}, {"type": "Feature", "geometry": {"type": "Point", "coordinates": [-74.14056, 4.628635]}, "properties": {"ID": "GYX-B9389A32DB", "Nombre del negocio": "DEMO Veterinaria Kennedy 381", "Categoria": "Veterinaria", "Grupo": "Salud", "Direccion": "Calle 9 Sur #37-95", "Barrio": "", "Localidad": "Kennedy", "Telefono": "+57 300 000 2745", "WhatsApp": "+57 300 000 2745", "Link WhatsApp": "https://wa.me/573000002745", "Correo electronico": "", "Sitio web": "", "Instagram": "", "Facebook": "", "Presencia digital": "BAJA", "Score Contacto": 100, "Prioridad": "ALTA", "Fuente": "OpenStreetMap", "Distancia aprox. (km)": 7.94}}, {"type": "Feature", "geometry": {"type": "Point", "coordinates": [-74.171765, 4.531243]}, "properties": {"ID": "GYX-65E69468AF", "Nombre del negocio": "DEMO Abogados Ciudad Bolivar 032", "Categoria": "Abogados", "Grupo": "Servicios profesionales", "Direccion": "Calle 115 Sur #65-96", "Barrio": "", "Localidad": "Ciudad Bolivar", "Telefono": "+57 300 000 6685", "WhatsApp": "+57 300 000 6685", "Link WhatsApp": "https://wa.me/573000006685", "Correo electronico": "contacto@demo-abogados-32.example.com", "Sitio web": "", "Instagram": "", "Facebook": "https://facebook.com/demoabogados32", "Presencia digital": "MEDIA", "Score Contacto": 100, "Prioridad": "ALTA", "Fuente": "OpenStreetMap", "Distancia aprox. (km)": 12.98}}, {"type": "Feature", "geometry": {"type": "Point", "coordinates": [-74.168249, 4.543635]}, "properties": {"ID": "GYX-EF0EFB108C", "Nombre del negocio": "DEMO Abogados Ciudad Bolivar 072", "Categoria": "Abogados", "Grupo": "Servicios profesionales", "Direccion": "Calle 146 Sur #35-57", "Barrio": "", "Localidad": "Ciudad Bolivar", "Telefono": "+57 300 000 5265", "WhatsApp": "+57 300 000 5265", "Link WhatsApp": "https://wa.me/573000005265", "Correo electronico": "", "Sitio web": "https://demo-abogados-72.example.com", "Instagram": "", "Facebook": "", "Presencia digital": "MEDIA", "Score Contacto": 100, "Prioridad": "ALTA", "Fuente": "OpenStreetMap", "Distancia aprox. (km)": 11.9}}, {"type": "Feature", "geometry": {"type": "Point", "coordinates": [-74.166055, 4.534116]}, "properties": {"ID": "GYX-A488B1C4D1", "Nombre del negocio": "DEMO Abogados Ciudad Bolivar 112", "Categoria": "Abogados", "Grupo": "Servicios profesionales", "Direccion": "Calle 61 Sur #42-34", "Barrio": "", "Localidad": "Ciudad Bolivar", "Telefono": "+57 300 000 2667", "WhatsApp": "+57 300 000 2667", "Link WhatsApp": "https://wa.me/573000002667", "Correo electronico": "", "Sitio web": "https://demo-abogados-112.example.com", "Instagram": "", "Facebook": "", "Presencia digital": "MEDIA", "Score Contacto": 100, "Prioridad": "ALTA", "Fuente": "OpenStreetMap", "Distancia aprox. (km)": 12.28}}, {"type": "Feature", "geometry": {"type": "Point", "coordinates": [-74.154867, 4.582876]}, "properties": {"ID": "GYX-3FD2BE886E", "Nombre del negocio": "DEMO Barberia Tunjuelito 323", "Categoria": "Barberia", "Grupo": "Belleza", "Direccion": "Calle 28 Sur #68-82", "Barrio": "", "Localidad": "Tunjuelito", "Telefono": "+57 300 000 7371", "WhatsApp": "+57 300 000 7371", "Link WhatsApp": "https://wa.me/573000007371", "Correo electronico": "", "Sitio web": "https://demo-barberia-323.example.com", "Instagram": "", "Facebook": "https://facebook.com/demobarberia323", "Presencia digital": "MEDIA", "Score Contacto": 100, "Prioridad": "ALTA", "Fuente": "OpenStreetMap", "Distancia aprox. (km)": 8.93}}, {"type": "Feature", "geometry": {"type": "Point", "coordinates": [-74.152556, 4.615209]}, "properties": {"ID": "GYX-938FC730A4", "Nombre del negocio": "DEMO Contaduria Kennedy 271", "Categoria": "Contaduria", "Grupo": "Servicios profesionales", "Direccion": "Calle 139 Sur #33-49", "Barrio": "", "Localidad": "Kennedy", "Telefono": "+57 300 000 1853", "WhatsApp": "+57 300 000 1853", "Link WhatsApp": "https://wa.me/573000001853", "Correo electronico": "", "Sitio web": "https://demo-contaduria-271.example.com", "Instagram": "", "Facebook": "", "Presencia digital": "MEDIA", "Score Contacto": 100, "Prioridad": "ALTA", "Fuente": "OpenStreetMap", "Distancia aprox. (km)": 8.72}}, {"type": "Feature", "geometry": {"type": "Point", "coordinates": [-74.15845, 4.63709]}, "properties": {"ID": "GYX-2A2A155832", "Nombre del negocio": "DEMO Contaduria Kennedy 311", "Categoria": "Contaduria", "Grupo": "Servicios profesionales", "Direccion": "Calle 55 Sur #44-97", "Barrio": "", "Localidad": "Kennedy", "Telefono": "+57 300 000 7769", "WhatsApp": "+57 300 000 7769", "Link WhatsApp": "https://wa.me/573000007769", "Correo electronico": "", "Sitio web": "https://demo-contaduria-311.example.com", "Instagram": "https://instagram.com/democontaduria311", "Facebook": "", "Presencia digital": "MEDIA", "Score Contacto": 100, "Prioridad": "ALTA", "Fuente": "OpenStreetMap", "Distancia aprox. (km)": 10.13}}, {"type": "Feature", "geometry": {"type": "Point", "coordinates": [-74.168386, 4.686575]}, "properties": {"ID": "GYX-E3AF3D9FF4", "Nombre del negocio": "DEMO Drogueria Fontibon 074", "Categoria": "Drogueria", "Grupo": "Salud", "Direccion": "Calle 76 Sur #30-25", "Barrio": "", "Localidad": "Fontibon", "Telefono": "+57 300 000 4181", "WhatsApp": "+57 300 000 4181", "Link WhatsApp": "https://wa.me/573000004181", "Correo electronico": "", "Sitio web": "https://demo-celulares-319.example.com", "Instagram": "", "Facebook": "https://facebook.com/democelulares319", "Presencia digital": "MEDIA", "Score Contacto": 100, "Prioridad": "ALTA", "Fuente": "OpenStreetMap", "Distancia aprox. (km)": 14.22}}, {"type": "Feature", "geometry": {"type": "Point", "coordinates": [-74.145488, 4.671921]}, "properties": {"ID": "GYX-DBBF4CC974", "Nombre del negocio": "DEMO Drogueria Fontibon 174", "Categoria": "Drogueria", "Grupo": "Salud", "Direccion": "Calle 121 Sur #40-13", "Barrio": "", "Localidad": "Fontibon", "Telefono": "+57 300 000 4630", "WhatsApp": "+57 300 000 4630", "Link WhatsApp": "https://wa.me/573000004630", "Correo electronico": "", "Sitio web": "https://demo-drogueria-174.example.com", "Instagram": "", "Facebook": "", "Presencia digital": "MEDIA", "Score Contacto": 100, "Prioridad": "ALTA", "Fuente": "OpenStreetMap", "Distancia aprox. (km)": 11.27}}, {"type": "Feature", "geometry": {"type": "Point", "coordinates": [-74.161292, 4.653981]}, "properties": {"ID": "GYX-A42715DAA7", "Nombre del negocio": "DEMO Estetica Fontibon 044", "Categoria": "Centro estetico", "Grupo": "Belleza", "Direccion": "Calle 126 Sur #38-76", "Barrio": "", "Localidad": "Fontibon", "Telefono": "+57 300 000 8633", "WhatsApp": "+57 300 000 8633", "Link WhatsApp": "https://wa.me/573000008633", "Correo electronico": "", "Sitio web": "", "Instagram": "https://instagram.com/demoestetica44", "Facebook": "", "Presencia digital": "MEDIA", "Score Contacto": 100, "Prioridad": "ALTA", "Fuente": "OpenStreetMap", "Distancia aprox. (km)": 11.33}}, {"type": "Feature", "geometry": {"type": "Point", "coordinates": [-74.130601, 4.683565]}, "properties": {"ID": "GYX-087518D782", "Nombre del negocio": "DEMO Estetica Fontibon 064", "Categoria": "Centro estetico", "Grupo": "Belleza", "Direccion": "Calle 114 Sur #22-23", "Barrio": "", "Localidad": "Fontibon", "Telefono": "+57 300 000 5584", "WhatsApp": "+57 300 000 5584", "Link WhatsApp": "https://wa.me/573000005584", "Correo electronico": "", "Sitio web": "https://demo-estetica-64.example.com", "Instagram": "", "Facebook": "", "Presencia digital": "MEDIA", "Score Contacto": 100, "Prioridad": "ALTA", "Fuente": "OpenStreetMap", "Distancia aprox. (km)": 11.28}}, {"type": "Feature", "geometry": {"type": "Point", "coordinates": [-74.149525, 4.667134]}, "properties": {"ID": "GYX-AED0144DF8", "Nombre del negocio": "DEMO Estetica Fontibon 204", "Categoria": "Centro estetico", "Grupo": "Belleza", "Direccion": "Calle 33 Sur #63-34", "Barrio": "", "Localidad": "Fontibon", "Telefono": "+57 300 000 5279", "WhatsApp": "+57 300 000 5279", "Link WhatsApp": "https://wa.me/573000005279", "Correo electronico": "", "Sitio web": "https://demo-estetica-204.example.com", "Instagram": "", "Facebook": "", "Presencia digital": "MEDIA", "Score Contacto": 100, "Prioridad": "ALTA", "Fuente": "OpenStreetMap", "Distancia aprox. (km)": 11.21}}, {"type": "Feature", "geometry": {"type": "Point", "coordinates": [-74.15253, 4.689222]}, "properties": {"ID": "GYX-18F7076EDE", "Nombre del negocio": "DEMO Estetica Fontibon 324", "Categoria": "Centro estetico", "Grupo": "Belleza", "Direccion": "Calle 99 Sur #21-65", "Barrio": "", "Localidad": "Fontibon", "Telefono": "+57 300 000 1210", "WhatsApp": "+57 300 000 1210", "Link WhatsApp": "https://wa.me/573000001210", "Correo electronico": "contacto@demo-estetica-324.example.com", "Sitio web": "https://demo-estetica-324.example.com", "Instagram": "", "Facebook": "", "Presencia digital": "MEDIA", "Score Contacto": 100, "Prioridad": "ALTA", "Fuente": "OpenStreetMap", "Distancia aprox. (km)": 13.23}}, {"type": "Feature", "geometry": {"type": "Point", "coordinates": [-74.149047, 4.561896]}, "properties": {"ID": "GYX-E751CB15C6", "Nombre del negocio": "DEMO Ferreteria Tunjuelito 113", "Categoria": "Ferreteria", "Grupo": "Comercio", "Direccion": "Calle 28 Sur #82-23", "Barrio": "", "Localidad": "Tunjuelito", "Telefono": "+57 300 000 7362", "WhatsApp": "+57 300 000 7362", "Link WhatsApp": "https://wa.me/573000007362", "Correo electronico": "", "Sitio web": "", "Instagram": "https://instagram.com/demoferreteria113", "Facebook": "", "Presencia digital": "MEDIA", "Score Contacto": 100, "Prioridad": "ALTA", "Fuente": "OpenStreetMap", "Distancia aprox. (km)": 9.06}}, {"type": "Feature", "geometry": {"type": "Point", "coordinates": [-74.156791, 4.573245]}, "properties": {"ID": "GYX-74C5278D5D", "Nombre del negocio": "DEMO Ferreteria Tunjuelito 213", "Categoria": "Ferreteria", "Grupo": "Comercio", "Direccion": "Calle 177 Sur #30-30", "Barrio": "", "Localidad": "Tunjuelito", "Telefono": "+57 300 000 7576", "WhatsApp": "+57 300 000 7576", "Link WhatsApp": "https://wa.me/573000007576", "Correo electronico": "", "Sitio web": "https://demo-ferreteria-213.example.com", "Instagram": "https://instagram.com/demoferreteria213", "Facebook": "", "Presencia digital": "MEDIA", "Score Contacto": 100, "Prioridad": "ALTA", "Fuente": "OpenStreetMap", "Distancia aprox. (km)": 9.39}}, {"type": "Feature", "geometry": {"type": "Point", "coordinates": [-74.096538, 4.712759]}, "properties": {"ID": "GYX-519DF14010", "Nombre del negocio": "DEMO Gimnasio Engativa 085", "Categoria": "Gimnasio", "Grupo": "Bienestar", "Direccion": "Calle 122 Sur #52-23", "Barrio": "", "Localidad": "Engativa", "Telefono": "+57 300 000 6874", "WhatsApp": "+57 300 000 6874", "Link WhatsApp": "https://wa.me/573000006874", "Correo electronico": "", "Sitio web": "", "Instagram": "https://instagram.com/demogimnasio85", "Facebook": "", "Presencia digital": "MEDIA", "Score Contacto": 100, "Prioridad": "ALTA", "Fuente": "OpenStreetMap", "Distancia aprox. (km)": 12.96}}, {"type": "Feature", "geometry": {"type": "Point", "coordinates": [-74.098917, 4.718859]}, "properties": {"ID": "GYX-5CAD250572", "Nombre del negocio": "DEMO Gimnasio Engativa 305", "Categoria": "Gimnasio", "Grupo": "Bienestar", "Direccion": "Calle 93 Sur #89-33", "Barrio": "", "Localidad": "Engativa", "Telefono": "+57 300 000 8778", "WhatsApp": "+57 300 000 8778", "Link WhatsApp": "https://wa.me/573000008778", "Correo electronico": "contacto@demo-gimnasio-305.example.com", "Sitio web": "https://demo-gimnasio-305.example.com", "Instagram": "", "Facebook": "", "Presencia digital": "MEDIA", "Score Contacto": 100, "Prioridad": "ALTA", "Fuente": "OpenStreetMap", "Distancia aprox. (km)": 13.67}}, {"type": "Feature", "geometry": {"type": "Point", "coordinates": [-74.184723, 4.606447]}, "properties": {"ID": "GYX-23D38999F2", "Nombre del negocio": "DEMO Odontologia Bosa 300", "Categoria": "Odontologia", "Grupo": "Salud", "Direccion": "Calle 97 Sur #67-96", "Barrio": "", "Localidad": "Bosa", "Telefono": "+57 300 000 9161", "WhatsApp": "+57 300 000 9161", "Link WhatsApp": "https://wa.me/573000009161", "Correo electronico": "", "Sitio web": "", "Instagram": "", "Facebook": "https://facebook.com/demoodontologia300", "Presencia digital": "MEDIA", "Score Contacto": 100, "Prioridad": "ALTA", "Fuente": "OpenStreetMap", "Distancia aprox. (km)": 12.11}}, {"type": "Feature", "geometry": {"type": "Point", "coordinates": [-74.1008, 4.707747]}, "properties": {"ID": "GYX-9A7DF687F3", "Nombre del negocio": "DEMO Papeleria Engativa 255", "Categoria": "Papeleria", "Grupo": "Comercio", "Direccion": "Calle 62 Sur #26-94", "Barrio": "", "Localidad": "Engativa", "Telefono": "+57 300 000 1551", "WhatsApp": "+57 300 000 1551", "Link WhatsApp": "https://wa.me/573000001551", "Correo electronico": "", "Sitio web": "", "Instagram": "https://instagram.com/demopapeleria255", "Facebook": "", "Presencia digital": "MEDIA", "Score Contacto": 100, "Prioridad": "ALTA", "Fuente": "OpenStreetMap", "Distancia aprox. (km)": 12.5}}, {"type": "Feature", "geometry": {"type": "Point", "coordinates": [-74.146832, 4.543854]}, "properties": {"ID": "GYX-70DCC88E84", "Nombre del negocio": "DEMO Peluqueria Ciudad Bolivar 082", "Categoria": "Peluqueria", "Grupo": "Belleza", "Direccion": "Calle 47 Sur #73-37", "Barrio": "", "Localidad": "Ciudad Bolivar", "Telefono": "+57 300 000 9485", "WhatsApp": "+57 300 000 9485", "Link WhatsApp": "https://wa.me/573000009485", "Correo electronico": "", "Sitio web": "https://demo-peluqueria-82.example.com", "Instagram": "", "Facebook": "", "Presencia digital": "MEDIA", "Score Contacto": 100, "Prioridad": "ALTA", "Fuente": "OpenStreetMap", "Distancia aprox. (km)": 9.92}}, {"type": "Feature", "geometry": {"type": "Point", "coordinates": [-74.174669, 4.540519]}, "properties": {"ID": "GYX-F204999062", "Nombre del negocio": "DEMO Peluqueria Ciudad Bolivar 162", "Categoria": "Peluqueria", "Grupo": "Belleza", "Direccion": "Calle 171 Sur #35-41", "Barrio": "", "Localidad": "Ciudad Bolivar", "Telefono": "+57 300 000 7014", "WhatsApp": "+57 300 000 7014", "Link WhatsApp": "https://wa.me/573000007014", "Correo electronico": "", "Sitio web": "https://demo-peluqueria-162.example.com", "Instagram": "", "Facebook": "", "Presencia digital": "MEDIA", "Score Contacto": 100, "Prioridad": "ALTA", "Fuente": "OpenStreetMap", "Distancia aprox. (km)": 12.69}}, {"type": "Feature", "geometry": {"type": "Point", "coordinates": [-74.170222, 4.511894]}, "properties": {"ID": "GYX-B4A341103B", "Nombre del negocio": "DEMO Peluqueria Ciudad Bolivar 202", "Categoria": "Peluqueria", "Grupo": "Belleza", "Direccion": "Calle 29 Sur #5-50", "Barrio": "", "Localidad": "Ciudad Bolivar", "Telefono": "+57 300 000 6663", "WhatsApp": "+57 300 000 6663", "Link WhatsApp": "https://wa.me/573000006663", "Correo electronico": "", "Sitio web": "", "Instagram": "https://instagram.com/demopeluqueria202", "Facebook": "", "Presencia digital": "MEDIA", "Score Contacto": 100, "Prioridad": "ALTA", "Fuente": "OpenStreetMap", "Distancia aprox. (km)": 14.19}}, {"type": "Feature", "geometry": {"type": "Point", "coordinates": [-74.154268, 4.548573]}, "properties": {"ID": "GYX-1CCC16EE77", "Nombre del negocio": "DEMO Peluqueria Ciudad Bolivar 342", "Categoria": "Peluqueria", "Grupo": "Belleza", "Direccion": "Calle 152 Sur #19-93", "Barrio": "", "Localidad": "Ciudad Bolivar", "Telefono": "+57 300 000 2112", "WhatsApp": "+57 300 000 2112", "Link WhatsApp": "https://wa.me/573000002112", "Correo electronico": "contacto@demo-peluqueria-342.example.com", "Sitio web": "", "Instagram": "", "Facebook": "https://facebook.com/demopeluqueria342", "Presencia digital": "MEDIA", "Score Contacto": 100, "Prioridad": "ALTA", "Fuente": "OpenStreetMap", "Distancia aprox. (km)": 10.29}}, {"type": "Feature", "geometry": {"type": "Point", "coordinates": [-74.07, 4.71]}, "properties": {"ID": "GYX-92A5AECE6D", "Nombre del negocio": "DEMO Cafeteria Otra Sede", "Categoria": "Cafeteria", "Grupo": "Alimentacion", "Direccion": "", "Barrio": "", "Localidad": "Chapinero", "Telefono": "+57 300 000 1234", "WhatsApp": "+57 300 000 1234", "Link WhatsApp": "https://wa.me/573000001234", "Correo electronico": "sedes@demo.example.com", "Sitio web": "", "Instagram": "", "Facebook": "", "Presencia digital": "BAJA", "Score Contacto": 100, "Prioridad": "ALTA", "Fuente": "OpenStreetMap", "Distancia aprox. (km)": 12.46}}, {"type": "Feature", "geometry": {"type": "Point", "coordinates": [-74.089309, 4.764771]}, "properties": {"ID": "GYX-C4E2AA38C1", "Nombre del negocio": "DEMO Cafeteria Suba 247", "Categoria": "Cafeteria", "Grupo": "Alimentacion", "Direccion": "Calle 35 Sur #39-46", "Barrio": "", "Localidad": "Suba", "Telefono": "+57 300 000 1064", "WhatsApp": "+57 300 000 1064", "Link WhatsApp": "https://wa.me/573000001064", "Correo electronico": "", "Sitio web": "", "Instagram": "", "Facebook": "", "Presencia digital": "BAJA", "Score Contacto": 100, "Prioridad": "ALTA", "Fuente": "OpenStreetMap", "Distancia aprox. (km)": 18.59}}, {"type": "Feature", "geometry": {"type": "Point", "coordinates": [-74.085225, 4.737053]}, "properties": {"ID": "GYX-1215B2DE22", "Nombre del negocio": "DEMO Cafeteria Suba 347", "Categoria": "Cafeteria", "Grupo": "Alimentacion", "Direccion": "Calle 65 Sur #48-56", "Barrio": "", "Localidad": "Suba", "Telefono": "+57 300 000 2826", "WhatsApp": "+57 300 000 2826", "Link WhatsApp": "https://wa.me/573000002826", "Correo electronico": "", "Sitio web": "", "Instagram": "", "Facebook": "", "Presencia digital": "BAJA", "Score Contacto": 100, "Prioridad": "ALTA", "Fuente": "OpenStreetMap", "Distancia aprox. (km)": 15.49}}, {"type": "Feature", "geometry": {"type": "Point", "coordinates": [-74.054818, 4.654293]}, "properties": {"ID": "GYX-DE2004ED8C", "Nombre del negocio": "DEMO Celulares Chapinero 179", "Categoria": "Tienda especializada", "Grupo": "Comercio", "Direccion": "Calle 116 Sur #89-68", "Barrio": "", "Localidad": "Chapinero", "Telefono": "+57 300 000 6777", "WhatsApp": "+57 300 000 6777", "Link WhatsApp": "https://wa.me/573000006777", "Correo electronico": "", "Sitio web": "", "Instagram": "", "Facebook": "", "Presencia digital": "BAJA", "Score Contacto": 100, "Prioridad": "ALTA", "Fuente": "OpenStreetMap", "Distancia aprox. (km)": 6.67}}, {"type": "Feature", "geometry": {"type": "Point", "coordinates": [-74.044518, 4.633016]}, "properties": {"ID": "GYX-A879A7126A", "Nombre del negocio": "DEMO Consultorio Chapinero 129", "Categoria": "Consultorio medico", "Grupo": "Salud", "Direccion": "Calle 163 Sur #83-13", "Barrio": "", "Localidad": "Santa Fe", "Telefono": "+57 300 000 1751", "WhatsApp": "+57 300 000 1751", "Link WhatsApp": "https://wa.me/573000001751", "Correo electronico": "", "Sitio web": "", "Instagram": "", "Facebook": "", "Presencia digital": "BAJA", "Score Contacto": 100, "Prioridad": "ALTA", "Fuente": "OpenStreetMap", "Distancia aprox. (km)": 5.21}}, {"type": "Feature", "geometry": {"type": "Point", "coordinates": [-74.06981, 4.632802]}, "properties": {"ID": "GYX-213400C211", "Nombre del negocio": "DEMO Consultorio Chapinero 369", "Categoria": "Consultorio medico", "Grupo": "Salud", "Direccion": "Calle 45 Sur #11-99", "Barrio": "", "Localidad": "Teusaquillo", "Telefono": "+57 300 000 3844", "WhatsApp": "+57 300 000 3844", "Link WhatsApp": "https://wa.me/573000003844", "Correo electronico": "", "Sitio web": "", "Instagram": "", "Facebook": "", "Presencia digital": "BAJA", "Score Contacto": 100, "Prioridad": "ALTA", "Fuente": "OpenStreetMap", "Distancia aprox. (km)": 3.92}}, {"type": "Feature", "geometry": {"type": "Point", "coordinates": [-74.092669, 4.693682]}, "properties": {"ID": "GYX-193B54A0FF", "Nombre del negocio": "DEMO Gimnasio Engativa 005", "Categoria": "Gimnasio", "Grupo": "Bienestar", "Direccion": "Calle 108 Sur #6-95", "Barrio": "", "Localidad": "Barrios Unidos", "Telefono": "+57 300 000 6140", "WhatsApp": "+57 300 000 6140", "Link WhatsApp": "https://wa.me/573000006140", "Correo electronico": "", "Sitio web": "", "Instagram": "", "Facebook": "", "Presencia digital": "BAJA", "Score Contacto": 100, "Prioridad": "ALTA", "Fuente": "OpenStreetMap", "Distancia aprox. (km)": 10.79}}, {"type": "Feature", "geometry": {"type": "Point", "coordinates": [-74.06895, 4.739927]}, "properties": {"ID": "GYX-E75DB18526", "Nombre del negocio": "DEMO Minimercado Suba 037", "Categoria": "Minimercado", "Grupo": "Comercio", "Direccion": "Calle 24 Sur #34-21", "Barrio": "", "Localidad": "Suba", "Telefono": "+57 300 000 1682", "WhatsApp": "+57 300 000 1682", "Link WhatsApp": "https://wa.me/573000001682", "Correo electronico": "contacto@demo-minimercado-37.example.com", "Sitio web": "", "Instagram": "", "Facebook": "", "Presencia digital": "BAJA", "Score Contacto": 100, "Prioridad": "ALTA", "Fuente": "OpenStreetMap", "Distancia aprox. (km)": 15.79}}, {"type": "Feature", "geometry": {"type": "Point", "coordinates": [-74.093818, 4.756561]}, "properties": {"ID": "GYX-9D1E9B82C3", "Nombre del negocio": "DEMO Minimercado Suba 077", "Categoria": "Minimercado", "Grupo": "Comercio", "Direccion": "Calle 137 Sur #12-93", "Barrio": "", "Localidad": "Suba", "Telefono": "+57 300 000 5442", "WhatsApp": "+57 300 000 5442", "Link WhatsApp": "https://wa.me/573000005442", "Correo electronico": "", "Sitio web": "", "Instagram": "", "Facebook": "", "Presencia digital": "BAJA", "Score Contacto": 100, "Prioridad": "ALTA", "Fuente": "OpenStreetMap", "Distancia aprox. (km)": 17.73}}, {"type": "Feature", "geometry": {"type": "Point", "coordinates": [-74.073225, 4.730373]}, "properties": {"ID": "GYX-E688420A10", "Nombre del negocio": "DEMO Minimercado Suba 137", "Categoria": "Minimercado", "Grupo": "Comercio", "Direccion": "Calle 23 Sur #28-25", "Barrio": "", "Localidad": "Suba", "Telefono": "+57 300 000 1291", "WhatsApp": "+57 300 000 1291", "Link WhatsApp": "https://wa.me/573000001291", "Correo electronico": "", "Sitio web": "", "Instagram": "", "Facebook": "", "Presencia digital": "BAJA", "Score Contacto": 100, "Prioridad": "ALTA", "Fuente": "OpenStreetMap", "Distancia aprox. (km)": 14.71}}, {"type": "Feature", "geometry": {"type": "Point", "coordinates": [-74.074822, 4.737011]}, "properties": {"ID": "GYX-76EFE085B8", "Nombre del negocio": "DEMO Minimercado Suba 377", "Categoria": "Minimercado", "Grupo": "Comercio", "Direccion": "Calle 63 Sur #60-13", "Barrio": "", "Localidad": "Suba", "Telefono": "+57 300 000 2959", "WhatsApp": "+57 300 000 2959", "Link WhatsApp": "https://wa.me/573000002959", "Correo electronico": "", "Sitio web": "", "Instagram": "", "Facebook": "", "Presencia digital": "BAJA", "Score Contacto": 100, "Prioridad": "ALTA", "Fuente": "OpenStreetMap", "Distancia aprox. (km)": 15.45}}, {"type": "Feature", "geometry": {"type": "Point", "coordinates": [-74.085532, 4.764739]}, "properties": {"ID": "GYX-06B8F1418A", "Nombre del negocio": "DEMO Minimercado Suba 397", "Categoria": "Minimercado", "Grupo": "Comercio", "Direccion": "Calle 15 Sur #27-74", "Barrio": "", "Localidad": "Suba", "Telefono": "+57 300 000 9231", "WhatsApp": "+57 300 000 9231", "Link WhatsApp": "https://wa.me/573000009231", "Correo electronico": "", "Sitio web": "", "Instagram": "", "Facebook": "", "Presencia digital": "BAJA", "Score Contacto": 100, "Prioridad": "ALTA", "Fuente": "OpenStreetMap", "Distancia aprox. (km)": 18.56}}, {"type": "Feature", "geometry": {"type": "Point", "coordinates": [-74.043649, 4.730247]}, "properties": {"ID": "GYX-8CF360CD65", "Nombre del negocio": "DEMO Panaderia Usaquen 088", "Categoria": "Panaderia", "Grupo": "Alimentacion", "Direccion": "Calle 158 Sur #36-68", "Barrio": "", "Localidad": "Usaquen", "Telefono": "+57 300 000 9228", "WhatsApp": "+57 300 000 9228", "Link WhatsApp": "https://wa.me/573000009228", "Correo electronico": "", "Sitio web": "", "Instagram": "", "Facebook": "", "Presencia digital": "BAJA", "Score Contacto": 100, "Prioridad": "ALTA", "Fuente": "OpenStreetMap", "Distancia aprox. (km)": 15.12}}, {"type": "Feature", "geometry": {"type": "Point", "coordinates": [-74.029263, 4.705814]}, "properties": {"ID": "GYX-90D62A44F2", "Nombre del negocio": "DEMO Panaderia Usaquen 188", "Categoria": "Panaderia", "Grupo": "Alimentacion", "Direccion": "Calle 131 Sur #14-13", "Barrio": "", "Localidad": "Chapinero", "Telefono": "+57 300 000 3794", "WhatsApp": "+57 300 000 3794", "Link WhatsApp": "https://wa.me/573000003794", "Correo electronico": "", "Sitio web": "", "Instagram": "", "Facebook": "", "Presencia digital": "BAJA", "Score Contacto": 100, "Prioridad": "ALTA", "Fuente": "OpenStreetMap", "Distancia aprox. (km)": 13.04}}, {"type": "Feature", "geometry": {"type": "Point", "coordinates": [-74.041172, 4.704725]}, "properties": {"ID": "GYX-F5AF915730", "Nombre del negocio": "DEMO Panaderia Usaquen 268", "Categoria": "Panaderia", "Grupo": "Alimentacion", "Direccion": "Calle 20 Sur #74-11", "Barrio": "", "Localidad": "Chapinero", "Telefono": "+57 300 000 2445", "WhatsApp": "+57 300 000 2445", "Link WhatsApp": "https://wa.me/573000002445", "Correo electronico": "", "Sitio web": "", "Instagram": "", "Facebook": "", "Presencia digital": "BAJA", "Score Contacto": 100, "Prioridad": "ALTA", "Fuente": "OpenStreetMap", "Distancia aprox. (km)": 12.46}}, {"type": "Feature", "geometry": {"type": "Point", "coordinates": [-74.022206, 4.72989]}, "properties": {"ID": "GYX-94DF99EBC4", "Nombre del negocio": "DEMO Ropa Usaquen 138", "Categoria": "Tienda de ropa", "Grupo": "Comercio", "Direccion": "Calle 38 Sur #94-20", "Barrio": "", "Localidad": "Usaquen", "Telefono": "+57 300 000 9160", "WhatsApp": "+57 300 000 9160", "Link WhatsApp": "https://wa.me/573000009160", "Correo electronico": "", "Sitio web": "", "Instagram": "", "Facebook": "", "Presencia digital": "BAJA", "Score Contacto": 100, "Prioridad": "ALTA", "Fuente": "OpenStreetMap", "Distancia aprox. (km)": 15.81}}, {"type": "Feature", "geometry": {"type": "Point", "coordinates": [-74.036489, 4.727159]}, "properties": {"ID": "GYX-2B52C04C7C", "Nombre del negocio": "DEMO Ropa Usaquen 238", "Categoria": "Tienda de ropa", "Grupo": "Comercio", "Direccion": "Calle 15 Sur #54-15", "Barrio": "", "Localidad": "Usaquen", "Telefono": "+57 300 000 6480", "WhatsApp": "+57 300 000 6480", "Link WhatsApp": "https://wa.me/573000006480", "Correo electronico": "", "Sitio web": "", "Instagram": "", "Facebook": "", "Presencia digital": "BAJA", "Score Contacto": 100, "Prioridad": "ALTA", "Fuente": "OpenStreetMap", "Distancia aprox. (km)": 15.0}}, {"type": "Feature", "geometry": {"type": "Point", "coordinates": [-74.043872, 4.708535]}, "properties": {"ID": "GYX-0F2BBC24BA", "Nombre del negocio": "DEMO Ropa Usaquen 398", "Categoria": "Tienda de ropa", "Grupo": "Comercio", "Direccion": "Calle 113 Sur #4-64", "Barrio": "", "Localidad": "Chapinero", "Telefono": "+57 300 000 5245", "WhatsApp": "+57 300 000 5245", "Link WhatsApp": "https://wa.me/573000005245", "Correo electronico": "", "Sitio web": "", "Instagram": "", "Facebook": "", "Presencia digital": "BAJA", "Score Contacto": 100, "Prioridad": "ALTA", "Fuente": "OpenStreetMap", "Distancia aprox. (km)": 12.78}}, {"type": "Feature", "geometry": {"type": "Point", "coordinates": [-74.086242, 4.735628]}, "properties": {"ID": "GYX-53469D3D79", "Nombre del negocio": "DEMO Cafeteria Suba 047", "Categoria": "Cafeteria", "Grupo": "Alimentacion", "Direccion": "Calle 81 Sur #16-52", "Barrio": "", "Localidad": "Suba", "Telefono": "+57 300 000 6542", "WhatsApp": "+57 300 000 6542", "Link WhatsApp": "https://wa.me/573000006542", "Correo electronico": "", "Sitio web": "", "Instagram": "https://instagram.com/democafeteria47", "Facebook": "", "Presencia digital": "MEDIA", "Score Contacto": 100, "Prioridad": "ALTA", "Fuente": "OpenStreetMap", "Distancia aprox. (km)": 15.34}}, {"type": "Feature", "geometry": {"type": "Point", "coordinates": [-74.066753, 4.760646]}, "properties": {"ID": "GYX-0D8B4D0942", "Nombre del negocio": "DEMO Cafeteria Suba 207", "Categoria": "Cafeteria", "Grupo": "Alimentacion", "Direccion": "Calle 30 Sur #89-47", "Barrio": "", "Localidad": "Suba", "Telefono": "+57 300 000 8972", "WhatsApp": "+57 300 000 8972", "Link WhatsApp": "https://wa.me/573000008972", "Correo electronico": "", "Sitio web": "https://demo-cafeteria-207.example.com", "Instagram": "https://instagram.com/democafeteria207", "Facebook": "", "Presencia digital": "MEDIA", "Score Contacto": 100, "Prioridad": "ALTA", "Fuente": "OpenStreetMap", "Distancia aprox. (km)": 18.1}}, {"type": "Feature", "geometry": {"type": "Point", "coordinates": [-74.037466, 4.651099]}, "properties": {"ID": "GYX-FA4886F718", "Nombre del negocio": "DEMO Celulares Chapinero 259", "Categoria": "Tienda especializada", "Grupo": "Comercio", "Direccion": "Calle 62 Sur #87-32", "Barrio": "", "Localidad": "Chapinero", "Telefono": "+57 300 000 8541", "WhatsApp": "+57 300 000 8541", "Link WhatsApp": "https://wa.me/573000008541", "Correo electronico": "", "Sitio web": "https://demo-celulares-259.example.com", "Instagram": "", "Facebook": "", "Presencia digital": "MEDIA", "Score Contacto": 100, "Prioridad": "ALTA", "Fuente": "OpenStreetMap", "Distancia aprox. (km)": 7.27}}, {"type": "Feature", "geometry": {"type": "Point", "coordinates": [-74.030619, 4.65705]}, "properties": {"ID": "GYX-61956F0A64", "Nombre del negocio": "DEMO Celulares Chapinero 299", "Categoria": "Tienda especializada", "Grupo": "Comercio", "Direccion": "Calle 132 Sur #86-58", "Barrio": "", "Localidad": "Chapinero", "Telefono": "+57 300 000 5150", "WhatsApp": "+57 300 000 5150", "Link WhatsApp": "https://wa.me/573000005150", "Correo electronico": "", "Sitio web": "", "Instagram": "https://instagram.com/democelulares299", "Facebook": "", "Presencia digital": "MEDIA", "Score Contacto": 100, "Prioridad": "ALTA", "Fuente": "OpenStreetMap", "Distancia aprox. (km)": 8.25}}, {"type": "Feature", "geometry": {"type": "Point", "coordinates": [-74.044921, 4.642547]}, "properties": {"ID": "GYX-3DD6143299", "Nombre del negocio": "DEMO Celulares Chapinero 339", "Categoria": "Tienda especializada", "Grupo": "Comercio", "Direccion": "Calle 94 Sur #9-78", "Barrio": "", "Localidad": "Chapinero", "Telefono": "+57 300 000 8504", "WhatsApp": "+57 300 000 8504", "Link WhatsApp": "https://wa.me/573000008504", "Correo electronico": "", "Sitio web": "https://demo-celulares-339.example.com", "Instagram": "", "Facebook": "", "Presencia digital": "MEDIA", "Score Contacto": 100, "Prioridad": "ALTA", "Fuente": "OpenStreetMap", "Distancia aprox. (km)": 6.01}}, {"type": "Feature", "geometry": {"type": "Point", "coordinates": [-74.031158, 4.635957]}, "properties": {"ID": "GYX-8F0BB22E15", "Nombre del negocio": "DEMO Consultorio Chapinero 049", "Categoria": "Consultorio medico", "Grupo": "Salud", "Direccion": "Calle 112 Sur #66-50", "Barrio": "", "Localidad": "Santa Fe", "Telefono": "+57 300 000 7116", "WhatsApp": "+57 300 000 7116", "Link WhatsApp": "https://wa.me/573000007116", "Correo electronico": "", "Sitio web": "", "Instagram": "", "Facebook": "https://facebook.com/democonsultorio49", "Presencia digital": "MEDIA", "Score Contacto": 100, "Prioridad": "ALTA", "Fuente": "OpenStreetMap", "Distancia aprox. (km)": 6.5}}, {"type": "Feature", "geometry": {"type": "Point", "coordinates": [-74.061552, 4.739051]}, "properties": {"ID": "GYX-634030A23F", "Nombre del negocio": "DEMO Minimercado Suba 357", "Categoria": "Minimercado", "Grupo": "Comercio", "Direccion": "Calle 83 Sur #5-62", "Barrio": "", "Localidad": "Usaquen", "Telefono": "+57 300 000 7767", "WhatsApp": "+57 300 000 7767", "Link WhatsApp": "https://wa.me/573000007767", "Correo electronico": "", "Sitio web": "", "Instagram": "https://instagram.com/demominimercado357", "Facebook": "", "Presencia digital": "MEDIA", "Score Contacto": 100, "Prioridad": "ALTA", "Fuente": "OpenStreetMap", "Distancia aprox. (km)": 15.75}}, {"type": "Feature", "geometry": {"type": "Point", "coordinates": [-74.010541, 4.728256]}, "properties": {"ID": "GYX-EA02374E55", "Nombre del negocio": "DEMO Panaderia Usaquen 008", "Categoria": "Panaderia", "Grupo": "Alimentacion", "Direccion": "Calle 175 Sur #49-39", "Barrio": "", "Localidad": "Usaquen", "Telefono": "+57 300 000 3887", "WhatsApp": "+57 300 000 3887", "Link WhatsApp": "https://wa.me/573000003887", "Correo electronico": "", "Sitio web": "https://demo-panaderia-8.example.com", "Instagram": "", "Facebook": "https://facebook.com/demopanaderia8", "Presencia digital": "MEDIA", "Score Contacto": 100, "Prioridad": "ALTA", "Fuente": "OpenStreetMap", "Distancia aprox. (km)": 16.18}}, {"type": "Feature", "geometry": {"type": "Point", "coordinates": [-74.037021, 4.70452]}, "properties": {"ID": "GYX-A77B05C25D", "Nombre del negocio": "DEMO Panaderia Usaquen 208", "Categoria": "Panaderia", "Grupo": "Alimentacion", "Direccion": "Calle 120 Sur #73-56", "Barrio": "", "Localidad": "Chapinero", "Telefono": "+57 300 000 2176", "WhatsApp": "+57 300 000 2176", "Link WhatsApp": "https://wa.me/573000002176", "Correo electronico": "", "Sitio web": "https://demo-panaderia-208.example.com", "Instagram": "", "Facebook": "", "Presencia digital": "MEDIA", "Score Contacto": 100, "Prioridad": "ALTA", "Fuente": "OpenStreetMap", "Distancia aprox. (km)": 12.59}}, {"type": "Feature", "geometry": {"type": "Point", "coordinates": [-74.014686, 4.723169]}, "properties": {"ID": "GYX-64D19296F2", "Nombre del negocio": "DEMO Panaderia Usaquen 248", "Categoria": "Panaderia", "Grupo": "Alimentacion", "Direccion": "Calle 54 Sur #95-56", "Barrio": "", "Localidad": "Usaquen", "Telefono": "+57 300 000 8193", "WhatsApp": "+57 300 000 8193", "Link WhatsApp": "https://wa.me/573000008193", "Correo electronico": "", "Sitio web": "https://demo-panaderia-248.example.com", "Instagram": "", "Facebook": "", "Presencia digital": "MEDIA", "Score Contacto": 100, "Prioridad": "ALTA", "Fuente": "OpenStreetMap", "Distancia aprox. (km)": 15.47}}, {"type": "Feature", "geometry": {"type": "Point", "coordinates": [-74.046097, 4.737003]}, "properties": {"ID": "GYX-8559932725", "Nombre del negocio": "DEMO Ropa Usaquen 158", "Categoria": "Tienda de ropa", "Grupo": "Comercio", "Direccion": "Calle 75 Sur #54-30", "Barrio": "", "Localidad": "Usaquen", "Telefono": "+57 300 000 5809", "WhatsApp": "+57 300 000 5809", "Link WhatsApp": "https://wa.me/573000005809", "Correo electronico": "", "Sitio web": "https://demo-ropa-158.example.com", "Instagram": "", "Facebook": "", "Presencia digital": "MEDIA", "Score Contacto": 100, "Prioridad": "ALTA", "Fuente": "OpenStreetMap", "Distancia aprox. (km)": 15.79}}, {"type": "Feature", "geometry": {"type": "Point", "coordinates": [-74.113017, 4.617696]}, "properties": {"ID": "GYX-D57C1BE56D", "Nombre del negocio": "DEMO Floristeria Puente Aranda 276", "Categoria": "Floristeria", "Grupo": "Comercio", "Direccion": "Calle 15 Sur #90-27", "Barrio": "", "Localidad": "Puente Aranda", "Telefono": "+57 300 000 8312", "WhatsApp": "+57 300 000 8312", "Link WhatsApp": "https://wa.me/573000008312", "Correo electronico": "", "Sitio web": "", "Instagram": "", "Facebook": "", "Presencia digital": "BAJA", "Score Contacto": 100, "Prioridad": "BAJA", "Fuente": "OpenStreetMap", "Distancia aprox. (km)": 4.67}}, {"type": "Feature", "geometry": {"type": "Point", "coordinates": [-74.199712, 4.618372]}, "properties": {"ID": "GYX-039293DB46", "Nombre del negocio": "DEMO Inmobiliaria Bosa 150", "Categoria": "Inmobiliaria", "Grupo": "Servicios profesionales", "Direccion": "Calle 145 Sur #30-92", "Barrio": "", "Localidad": "Bosa", "Telefono": "+57 300 000 9298", "WhatsApp": "+57 300 000 9298", "Link WhatsApp": "https://wa.me/573000009298", "Correo electronico": "", "Sitio web": "", "Instagram": "", "Facebook": "", "Presencia digital": "BAJA", "Score Contacto": 100, "Prioridad": "BAJA", "Fuente": "OpenStreetMap", "Distancia aprox. (km)": 13.92}}, {"type": "Feature", "geometry": {"type": "Point", "coordinates": [-74.171202, 4.617384]}, "properties": {"ID": "GYX-E0448E0F33", "Nombre del negocio": "DEMO Inmobiliaria Bosa 370", "Categoria": "Inmobiliaria", "Grupo": "Servicios profesionales", "Direccion": "Calle 39 Sur #61-52", "Barrio": "", "Localidad": "Kennedy", "Telefono": "+57 300 000 6716", "WhatsApp": "+57 300 000 6716", "Link WhatsApp": "https://wa.me/573000006716", "Correo electronico": "", "Sitio web": "", "Instagram": "", "Facebook": "", "Presencia digital": "BAJA", "Score Contacto": 100, "Prioridad": "BAJA", "Fuente": "OpenStreetMap", "Distancia aprox. (km)": 10.79}}, {"type": "Feature", "geometry": {"type": "Point", "coordinates": [-74.126244, 4.614028]}, "properties": {"ID": "GYX-229AD53794", "Nombre del negocio": "DEMO Restaurante Puente Aranda 166", "Categoria": "Restaurante", "Grupo": "Alimentacion", "Direccion": "Calle 46 Sur #6-44", "Barrio": "", "Localidad": "Puente Aranda", "Telefono": "+57 300 000 9087", "WhatsApp": "+57 300 000 9087", "Link WhatsApp": "https://wa.me/573000009087", "Correo electronico": "", "Sitio web": "", "Instagram": "", "Facebook": "", "Presencia digital": "BAJA", "Score Contacto": 100, "Prioridad": "BAJA", "Fuente": "OpenStreetMap", "Distancia aprox. (km)": 5.86}}, {"type": "Feature", "geometry": {"type": "Point", "coordinates": [-74.118025, 4.614058]}, "properties": {"ID": "GYX-8CF09519E4", "Nombre del negocio": "DEMO Restaurante Puente Aranda 206", "Categoria": "Restaurante", "Grupo": "Alimentacion", "Direccion": "Calle 37 Sur #76-82", "Barrio": "", "Localidad": "Puente Aranda", "Telefono": "+57 300 000 2932", "WhatsApp": "+57 300 000 2932", "Link WhatsApp": "https://wa.me/573000002932", "Correo electronico": "", "Sitio web": "", "Instagram": "", "Facebook": "", "Presencia digital": "BAJA", "Score Contacto": 100, "Prioridad": "BAJA", "Fuente": "OpenStreetMap", "Distancia aprox. (km)": 5.01}}, {"type": "Feature", "geometry": {"type": "Point", "coordinates": [-74.121822, 4.600293]}, "properties": {"ID": "GYX-71BF31F5FF", "Nombre del negocio": "DEMO Restaurante Puente Aranda 326", "Categoria": "Restaurante", "Grupo": "Alimentacion", "Direccion": "Calle 91 Sur #49-23", "Barrio": "", "Localidad": "Puente Aranda", "Telefono": "+57 300 000 3068", "WhatsApp": "+57 300 000 3068", "Link WhatsApp": "https://wa.me/573000003068", "Correo electronico": "", "Sitio web": "", "Instagram": "", "Facebook": "", "Presencia digital": "BAJA", "Score Contacto": 100, "Prioridad": "BAJA", "Fuente": "OpenStreetMap", "Distancia aprox. (km)": 5.11}}, {"type": "Feature", "geometry": {"type": "Point", "coordinates": [-74.119842, 4.602289]}, "properties": {"ID": "GYX-A983CF855C", "Nombre del negocio": "DEMO Restaurante Puente Aranda 346", "Categoria": "Restaurante", "Grupo": "Alimentacion", "Direccion": "Calle 23 Sur #73-84", "Barrio": "", "Localidad": "Puente Aranda", "Telefono": "+57 300 000 2061", "WhatsApp": "+57 300 000 2061", "Link WhatsApp": "https://wa.me/573000002061", "Correo electronico": "", "Sitio web": "", "Instagram": "", "Facebook": "", "Presencia digital": "BAJA", "Score Contacto": 100, "Prioridad": "BAJA", "Fuente": "OpenStreetMap", "Distancia aprox. (km)": 4.9}}, {"type": "Feature", "geometry": {"type": "Point", "coordinates": [-74.124979, 4.620408]}, "properties": {"ID": "GYX-C90B08E2F8", "Nombre del negocio": "DEMO Floristeria Puente Aranda 196", "Categoria": "Floristeria", "Grupo": "Comercio", "Direccion": "Calle 32 Sur #87-75", "Barrio": "", "Localidad": "Puente Aranda", "Telefono": "+57 300 000 5430", "WhatsApp": "+57 300 000 5430", "Link WhatsApp": "https://wa.me/573000005430", "Correo electronico": "", "Sitio web": "", "Instagram": "", "Facebook": "https://facebook.com/demofloristeria196", "Presencia digital": "MEDIA", "Score Contacto": 100, "Prioridad": "BAJA", "Fuente": "OpenStreetMap", "Distancia aprox. (km)": 5.99}}, {"type": "Feature", "geometry": {"type": "Point", "coordinates": [-74.105884, 4.608014]}, "properties": {"ID": "GYX-736E5E4CCE", "Nombre del negocio": "DEMO Floristeria Puente Aranda 236", "Categoria": "Floristeria", "Grupo": "Comercio", "Direccion": "Calle 129 Sur #83-22", "Barrio": "", "Localidad": "Puente Aranda", "Telefono": "+57 300 000 1930", "WhatsApp": "+57 300 000 1930", "Link WhatsApp": "https://wa.me/573000001930", "Correo electronico": "", "Sitio web": "", "Instagram": "", "Facebook": "https://facebook.com/demofloristeria236", "Presencia digital": "MEDIA", "Score Contacto": 100, "Prioridad": "BAJA", "Fuente": "OpenStreetMap", "Distancia aprox. (km)": 3.51}}, {"type": "Feature", "geometry": {"type": "Point", "coordinates": [-74.111362, 4.615755]}, "properties": {"ID": "GYX-CA63662D82", "Nombre del negocio": "DEMO Floristeria Puente Aranda 296", "Categoria": "Floristeria", "Grupo": "Comercio", "Direccion": "Calle 9 Sur #38-52", "Barrio": "", "Localidad": "Puente Aranda", "Telefono": "+57 300 000 5440", "WhatsApp": "+57 300 000 5440", "Link WhatsApp": "https://wa.me/573000005440", "Correo electronico": "", "Sitio web": "https://demo-floristeria-296.example.com", "Instagram": "", "Facebook": "", "Presencia digital": "MEDIA", "Score Contacto": 100, "Prioridad": "BAJA", "Fuente": "OpenStreetMap", "Distancia aprox. (km)": 4.4}}, {"type": "Feature", "geometry": {"type": "Point", "coordinates": [-74.182025, 4.609226]}, "properties": {"ID": "GYX-678898602F", "Nombre del negocio": "DEMO Inmobiliaria Bosa 210", "Categoria": "Inmobiliaria", "Grupo": "Servicios profesionales", "Direccion": "Calle 168 Sur #32-20", "Barrio": "", "Localidad": "Bosa", "Telefono": "+57 300 000 1453", "WhatsApp": "+57 300 000 1453", "Link WhatsApp": "https://wa.me/573000001453", "Correo electronico": "", "Sitio web": "https://demo-inmobiliaria-210.example.com", "Instagram": "", "Facebook": "", "Presencia digital": "MEDIA", "Score Contacto": 100, "Prioridad": "BAJA", "Fuente": "OpenStreetMap", "Distancia aprox. (km)": 11.84}}, {"type": "Feature", "geometry": {"type": "Point", "coordinates": [-74.174722, 4.608654]}, "properties": {"ID": "GYX-BF2B82D93C", "Nombre del negocio": "DEMO Inmobiliaria Bosa 250", "Categoria": "Inmobiliaria", "Grupo": "Servicios profesionales", "Direccion": "Calle 9 Sur #75-40", "Barrio": "", "Localidad": "Bosa", "Telefono": "+57 300 000 1251", "WhatsApp": "+57 300 000 1251", "Link WhatsApp": "https://wa.me/573000001251", "Correo electronico": "", "Sitio web": "https://demo-inmobiliaria-250.example.com", "Instagram": "", "Facebook": "", "Presencia digital": "MEDIA", "Score Contacto": 100, "Prioridad": "BAJA", "Fuente": "OpenStreetMap", "Distancia aprox. (km)": 11.03}}, {"type": "Feature", "geometry": {"type": "Point", "coordinates": [-74.173676, 4.61117]}, "properties": {"ID": "GYX-18F0A51251", "Nombre del negocio": "DEMO Inmobiliaria Bosa 290", "Categoria": "Inmobiliaria", "Grupo": "Servicios profesionales", "Direccion": "Calle 155 Sur #82-18", "Barrio": "", "Localidad": "Bosa", "Telefono": "+57 300 000 1824", "WhatsApp": "+57 300 000 1824", "Link WhatsApp": "https://wa.me/573000001824", "Correo electronico": "", "Sitio web": "", "Instagram": "", "Facebook": "https://facebook.com/demoinmobiliaria290", "Presencia digital": "MEDIA", "Score Contacto": 100, "Prioridad": "BAJA", "Fuente": "OpenStreetMap", "Distancia aprox. (km)": 10.95}}, {"type": "Feature", "geometry": {"type": "Point", "coordinates": [-74.207284, 4.584732]}, "properties": {"ID": "GYX-8458AEA236", "Nombre del negocio": "DEMO Inmobiliaria Bosa 350", "Categoria": "Inmobiliaria", "Grupo": "Servicios profesionales", "Direccion": "Calle 93 Sur #57-70", "Barrio": "", "Localidad": "Bosa", "Telefono": "+57 300 000 6546", "WhatsApp": "+57 300 000 6546", "Link WhatsApp": "https://wa.me/573000006546", "Correo electronico": "", "Sitio web": "", "Instagram": "https://instagram.com/demoinmobiliaria350", "Facebook": "", "Presencia digital": "MEDIA", "Score Contacto": 100, "Prioridad": "BAJA", "Fuente": "OpenStreetMap", "Distancia aprox. (km)": 14.65}}, {"type": "Feature", "geometry": {"type": "Point", "coordinates": [-74.180822, 4.613494]}, "properties": {"ID": "GYX-8E53CA4D66", "Nombre del negocio": "DEMO Inmobiliaria Bosa 390", "Categoria": "Inmobiliaria", "Grupo": "Servicios profesionales", "Direccion": "Calle 93 Sur #32-18", "Barrio": "", "Localidad": "Bosa", "Telefono": "+57 300 000 6359", "WhatsApp": "+57 300 000 6359", "Link WhatsApp": "https://wa.me/573000006359", "Correo electronico": "", "Sitio web": "", "Instagram": "", "Facebook": "https://facebook.com/demoinmobiliaria390", "Presencia digital": "MEDIA", "Score Contacto": 100, "Prioridad": "BAJA", "Fuente": "OpenStreetMap", "Distancia aprox. (km)": 11.77}}, {"type": "Feature", "geometry": {"type": "Point", "coordinates": [-74.120079, 4.625266]}, "properties": {"ID": "GYX-AE023F99ED", "Nombre del negocio": "DEMO Restaurante Puente Aranda 066", "Categoria": "Restaurante", "Grupo": "Alimentacion", "Direccion": "Calle 161 Sur #99-61", "Barrio": "", "Localidad": "Puente Aranda", "Telefono": "+57 300 000 1571", "WhatsApp": "+57 300 000 1571", "Link WhatsApp": "https://wa.me/573000001571", "Correo electronico": "", "Sitio web": "", "Instagram": "", "Facebook": "https://facebook.com/demorestaurante66", "Presencia digital": "MEDIA", "Score Contacto": 100, "Prioridad": "BAJA", "Fuente": "OpenStreetMap", "Distancia aprox. (km)": 5.76}}, {"type": "Feature", "geometry": {"type": "Point", "coordinates": [-74.104747, 4.622795]}, "properties": {"ID": "GYX-D9F9037E4D", "Nombre del negocio": "DEMO Restaurante Puente Aranda 186", "Categoria": "Restaurante", "Grupo": "Alimentacion", "Direccion": "Calle 11 Sur #89-62", "Barrio": "", "Localidad": "Puente Aranda", "Telefono": "+57 300 000 1045", "WhatsApp": "+57 300 000 1045", "Link WhatsApp": "https://wa.me/573000001045", "Correo electronico": "", "Sitio web": "", "Instagram": "", "Facebook": "https://facebook.com/demorestaurante186", "Presencia digital": "MEDIA", "Score Contacto": 100, "Prioridad": "BAJA", "Fuente": "OpenStreetMap", "Distancia aprox. (km)": 4.22}}, {"type": "Feature", "geometry": {"type": "Point", "coordinates": [-74.097657, 4.613771]}, "properties": {"ID": "GYX-2D53DE9652", "Nombre del negocio": "DEMO Floristeria Puente Aranda 016", "Categoria": "Floristeria", "Grupo": "Comercio", "Direccion": "Calle 90 Sur #47-20", "Barrio": "", "Localidad": "Los Martires", "Telefono": "+57 300 000 4716", "WhatsApp": "+57 300 000 4716", "Link WhatsApp": "https://wa.me/573000004716", "Correo electronico": "", "Sitio web": "", "Instagram": "", "Facebook": "", "Presencia digital": "BAJA", "Score Contacto": 100, "Prioridad": "BAJA", "Fuente": "OpenStreetMap", "Distancia aprox. (km)": 2.98}}, {"type": "Feature", "geometry": {"type": "Point", "coordinates": [-74.09242, 4.631077]}, "properties": {"ID": "GYX-3F99E39122", "Nombre del negocio": "DEMO Restaurante Puente Aranda 026", "Categoria": "Restaurante", "Grupo": "Alimentacion", "Direccion": "Calle 165 Sur #85-56", "Barrio": "", "Localidad": "Teusaquillo", "Telefono": "+57 300 000 3248", "WhatsApp": "+57 300 000 3248", "Link WhatsApp": "https://wa.me/573000003248", "Correo electronico": "", "Sitio web": "", "Instagram": "", "Facebook": "", "Presencia digital": "BAJA", "Score Contacto": 100, "Prioridad": "BAJA", "Fuente": "OpenStreetMap", "Distancia aprox. (km)": 4.1}}, {"type": "Feature", "geometry": {"type": "Point", "coordinates": [-74.091095, 4.638471]}, "properties": {"ID": "GYX-6858BBFFA8", "Nombre del negocio": "DEMO Floristeria Puente Aranda 036", "Categoria": "Floristeria", "Grupo": "Comercio", "Direccion": "Calle 141 Sur #42-41", "Barrio": "", "Localidad": "Teusaquillo", "Telefono": "+57 300 000 6071", "WhatsApp": "+57 300 000 6071", "Link WhatsApp": "https://wa.me/573000006071", "Correo electronico": "contacto@demo-floristeria-36.example.com", "Sitio web": "https://demo-floristeria-36.example.com", "Instagram": "", "Facebook": "", "Presencia digital": "MEDIA", "Score Contacto": 100, "Prioridad": "BAJA", "Fuente": "OpenStreetMap", "Distancia aprox. (km)": 4.8}}, {"type": "Feature", "geometry": {"type": "Point", "coordinates": [-74.097247, 4.63259]}, "properties": {"ID": "GYX-C4BA4745B3", "Nombre del negocio": "DEMO Floristeria Puente Aranda 076", "Categoria": "Floristeria", "Grupo": "Comercio", "Direccion": "Calle 105 Sur #87-57", "Barrio": "", "Localidad": "Teusaquillo", "Telefono": "+57 300 000 6115", "WhatsApp": "+57 300 000 6115", "Link WhatsApp": "https://wa.me/573000006115", "Correo electronico": "", "Sitio web": "https://demo-floristeria-76.example.com", "Instagram": "https://instagram.com/demofloristeria76", "Facebook": "", "Presencia digital": "MEDIA", "Score Contacto": 100, "Prioridad": "BAJA", "Fuente": "OpenStreetMap", "Distancia aprox. (km)": 4.51}}, {"type": "Feature", "geometry": {"type": "Point", "coordinates": [-74.161563, 4.546964]}, "properties": {"ID": "GYX-B9F82F0FB8", "Nombre del negocio": "DEMO Abogados Ciudad Bolivar 352", "Categoria": "Abogados", "Grupo": "Servicios profesionales", "Direccion": "Calle 34 Sur #10-67", "Barrio": "", "Localidad": "Ciudad Bolivar", "Telefono": "", "WhatsApp": "", "Link WhatsApp": "", "Correo electronico": "contacto@demo-abogados-352.example.com", "Sitio web": "https://demo-abogados-352.example.com", "Instagram": "", "Facebook": "", "Presencia digital": "MEDIA", "Score Contacto": 60, "Prioridad": "MEDIA", "Fuente": "OpenStreetMap", "Distancia aprox. (km)": 11.08}}, {"type": "Feature", "geometry": {"type": "Point", "coordinates": [-74.14724, 4.66439]}, "properties": {"ID": "GYX-206C95587F", "Nombre del negocio": "DEMO Drogueria Fontibon 314", "Categoria": "Drogueria", "Grupo": "Salud", "Direccion": "Calle 21 Sur #47-12", "Barrio": "", "Localidad": "Fontibon", "Telefono": "", "WhatsApp": "", "Link WhatsApp": "", "Correo electronico": "contacto@demo-drogueria-314.example.com", "Sitio web": "https://demo-drogueria-314.example.com", "Instagram": "", "Facebook": "", "Presencia digital": "MEDIA", "Score Contacto": 60, "Prioridad": "MEDIA", "Fuente": "OpenStreetMap", "Distancia aprox. (km)": 10.82}}, {"type": "Feature", "geometry": {"type": "Point", "coordinates": [-74.154596, 4.662127]}, "properties": {"ID": "GYX-CFA50A24E2", "Nombre del negocio": "DEMO Estetica Fontibon 124", "Categoria": "Centro estetico", "Grupo": "Belleza", "Direccion": "Calle 22 Sur #73-51", "Barrio": "", "Localidad": "Fontibon", "Telefono": "", "WhatsApp": "", "Link WhatsApp": "", "Correo electronico": "contacto@demo-estetica-124.example.com", "Sitio web": "https://demo-estetica-124.example.com", "Instagram": "", "Facebook": "", "Presencia digital": "MEDIA", "Score Contacto": 60, "Prioridad": "MEDIA", "Fuente": "OpenStreetMap", "Distancia aprox. (km)": 11.27}}, {"type": "Feature", "geometry": {"type": "Point", "coordinates": [-74.113165, 4.715526]}, "properties": {"ID": "GYX-33526B52FD", "Nombre del negocio": "DEMO Gimnasio Engativa 185", "Categoria": "Gimnasio", "Grupo": "Bienestar", "Direccion": "Calle 41 Sur #68-47", "Barrio": "", "Localidad": "Engativa", "Telefono": "", "WhatsApp": "", "Link WhatsApp": "", "Correo electronico": "contacto@demo-gimnasio-185.example.com", "Sitio web": "https://demo-gimnasio-185.example.com", "Instagram": "", "Facebook": "", "Presencia digital": "MEDIA", "Score Contacto": 60, "Prioridad": "MEDIA", "Fuente": "OpenStreetMap", "Distancia aprox. (km)": 13.7}}, {"type": "Feature", "geometry": {"type": "Point", "coordinates": [-74.203966, 4.592953]}, "properties": {"ID": "GYX-6ADDCA44E7", "Nombre del negocio": "DEMO Odontologia Bosa 000", "Categoria": "Odontologia", "Grupo": "Salud", "Direccion": "Calle 167 Sur #7-19", "Barrio": "", "Localidad": "Bosa", "Telefono": "", "WhatsApp": "", "Link WhatsApp": "", "Correo electronico": "duplicado@demo-exacto.co", "Sitio web": "https://demo-odontologia-0.example.com", "Instagram": "", "Facebook": "", "Presencia digital": "MEDIA", "Score Contacto": 60, "Prioridad": "MEDIA", "Fuente": "OpenStreetMap", "Distancia aprox. (km)": 14.22}}, {"type": "Feature", "geometry": {"type": "Point", "coordinates": [-74.175733, 4.511076]}, "properties": {"ID": "GYX-420597D6A8", "Nombre del negocio": "DEMO Peluqueria Ciudad Bolivar 102", "Categoria": "Peluqueria", "Grupo": "Belleza", "Direccion": "Calle 42 Sur #45-28", "Barrio": "", "Localidad": "Ciudad Bolivar", "Telefono": "", "WhatsApp": "", "Link WhatsApp": "", "Correo electronico": "contacto@demo-peluqueria-102.example.com", "Sitio web": "https://demo-peluqueria-102.example.com", "Instagram": "https://instagram.com/demopeluqueria102", "Facebook": "", "Presencia digital": "MEDIA", "Score Contacto": 60, "Prioridad": "MEDIA", "Fuente": "OpenStreetMap", "Distancia aprox. (km)": 14.71}}, {"type": "Feature", "geometry": {"type": "Point", "coordinates": [-74.069623, 4.668973]}, "properties": {"ID": "GYX-D7C926EC3B", "Nombre del negocio": "DEMO Consultorio Chapinero 249", "Categoria": "Consultorio medico", "Grupo": "Salud", "Direccion": "Calle 78 Sur #20-74", "Barrio": "", "Localidad": "Barrios Unidos", "Telefono": "", "WhatsApp": "", "Link WhatsApp": "", "Correo electronico": "contacto@demo-consultorio-249.example.com", "Sitio web": "https://demo-consultorio-249.example.com", "Instagram": "", "Facebook": "", "Presencia digital": "MEDIA", "Score Contacto": 60, "Prioridad": "MEDIA", "Fuente": "OpenStreetMap", "Distancia aprox. (km)": 7.91}}, {"type": "Feature", "geometry": {"type": "Point", "coordinates": [-74.174897, 4.538527]}, "properties": {"ID": "GYX-0DE2332366", "Nombre del negocio": "DEMO Abogados Ciudad Bolivar 132", "Categoria": "Abogados", "Grupo": "Servicios profesionales", "Direccion": "Calle 163 Sur #12-15", "Barrio": "", "Localidad": "Ciudad Bolivar", "Telefono": "+57 601 7677652", "WhatsApp": "", "Link WhatsApp": "", "Correo electronico": "contacto@demo-abogados-132.example.com", "Sitio web": "", "Instagram": "https://instagram.com/demoabogados132", "Facebook": "", "Presencia digital": "MEDIA", "Score Contacto": 40, "Prioridad": "MEDIA", "Fuente": "OpenStreetMap", "Distancia aprox. (km)": 12.83}}, {"type": "Feature", "geometry": {"type": "Point", "coordinates": [-74.147794, 4.549583]}, "properties": {"ID": "GYX-A979FB66CE", "Nombre del negocio": "DEMO Abogados Ciudad Bolivar 372", "Categoria": "Abogados", "Grupo": "Servicios profesionales", "Direccion": "Calle 40 Sur #89-64", "Barrio": "", "Localidad": "Ciudad Bolivar", "Telefono": "+57 601 2174758", "WhatsApp": "", "Link WhatsApp": "", "Correo electronico": "contacto@demo-abogados-372.example.com", "Sitio web": "", "Instagram": "https://instagram.com/demoabogados372", "Facebook": "", "Presencia digital": "MEDIA", "Score Contacto": 40, "Prioridad": "MEDIA", "Fuente": "OpenStreetMap", "Distancia aprox. (km)": 9.63}}, {"type": "Feature", "geometry": {"type": "Point", "coordinates": [-74.125769, 4.717828]}, "properties": {"ID": "GYX-4D12207BB3", "Nombre del negocio": "DEMO Papeleria Engativa 075", "Categoria": "Papeleria", "Grupo": "Comercio", "Direccion": "Calle 153 Sur #91-89", "Barrio": "", "Localidad": "Engativa", "Telefono": "+57 601 2387040", "WhatsApp": "", "Link WhatsApp": "", "Correo electronico": "contacto@demo-papeleria-75.example.com", "Sitio web": "", "Instagram": "https://instagram.com/demopapeleria75", "Facebook": "", "Presencia digital": "MEDIA", "Score Contacto": 40, "Prioridad": "MEDIA", "Fuente": "OpenStreetMap", "Distancia aprox. (km)": 14.42}}, {"type": "Feature", "geometry": {"type": "Point", "coordinates": [-74.160117, 4.546238]}, "properties": {"ID": "GYX-32CDFBF52A", "Nombre del negocio": "DEMO Abogados Ciudad Bolivar 052", "Categoria": "Abogados", "Grupo": "Servicios profesionales", "Direccion": "Calle 57 Sur #58-52", "Barrio": "", "Localidad": "Ciudad Bolivar", "Telefono": "", "WhatsApp": "", "Link WhatsApp": "", "Correo electronico": "contacto@demo-abogados-52.example.com", "Sitio web": "", "Instagram": "https://instagram.com/demoabogados52", "Facebook": "", "Presencia digital": "MEDIA", "Score Contacto": 40, "Prioridad": "BAJA", "Fuente": "OpenStreetMap", "Distancia aprox. (km)": 10.98}}, {"type": "Feature", "geometry": {"type": "Point", "coordinates": [-74.160969, 4.510362]}, "properties": {"ID": "GYX-8B2D9A40E3", "Nombre del negocio": "DEMO Peluqueria Ciudad Bolivar 242", "Categoria": "Peluqueria", "Grupo": "Belleza", "Direccion": "Calle 168 Sur #47-29", "Barrio": "", "Localidad": "Ciudad Bolivar", "Telefono": "", "WhatsApp": "", "Link WhatsApp": "", "Correo electronico": "contacto@demo-peluqueria-242.example.com", "Sitio web": "", "Instagram": "", "Facebook": "https://facebook.com/demopeluqueria242", "Presencia digital": "MEDIA", "Score Contacto": 40, "Prioridad": "BAJA", "Fuente": "OpenStreetMap", "Distancia aprox. (km)": 13.58}}, {"type": "Feature", "geometry": {"type": "Point", "coordinates": [-74.160104, 4.617985]}, "properties": {"ID": "GYX-08335DE3F9", "Nombre del negocio": "DEMO Veterinaria Kennedy 281", "Categoria": "Veterinaria", "Grupo": "Salud", "Direccion": "Calle 94 Sur #23-24", "Barrio": "", "Localidad": "Kennedy", "Telefono": "", "WhatsApp": "", "Link WhatsApp": "", "Correo electronico": "contacto@demo-veterinaria-281.example.com", "Sitio web": "", "Instagram": "https://instagram.com/demoveterinaria281", "Facebook": "", "Presencia digital": "MEDIA", "Score Contacto": 40, "Prioridad": "BAJA", "Fuente": "OpenStreetMap", "Distancia aprox. (km)": 9.6}}, {"type": "Feature", "geometry": {"type": "Point", "coordinates": [-74.056227, 4.636049]}, "properties": {"ID": "GYX-A838618D5C", "Nombre del negocio": "DEMO Consultorio Chapinero 289", "Categoria": "Consultorio medico", "Grupo": "Salud", "Direccion": "Calle 36 Sur #27-35", "Barrio": "", "Localidad": "Santa Fe", "Telefono": "", "WhatsApp": "", "Link WhatsApp": "", "Correo electronico": "contacto@demo-consultorio-289.example.com", "Sitio web": "", "Instagram": "", "Facebook": "https://facebook.com/democonsultorio289", "Presencia digital": "MEDIA", "Score Contacto": 40, "Prioridad": "BAJA", "Fuente": "OpenStreetMap", "Distancia aprox. (km)": 4.74}}, {"type": "Feature", "geometry": {"type": "Point", "coordinates": [-74.155068, 4.552618]}, "properties": {"ID": "GYX-7EB6965C08", "Nombre del negocio": "DEMO Ferreteria Tunjuelito 193", "Categoria": "Ferreteria", "Grupo": "Comercio", "Direccion": "Calle 90 Sur #71-41", "Barrio": "", "Localidad": "Ciudad Bolivar", "Telefono": "+57 601 6785646", "WhatsApp": "", "Link WhatsApp": "", "Correo electronico": "contacto@demo-ferreteria-193.example.com", "Sitio web": "", "Instagram": "", "Facebook": "", "Presencia digital": "BAJA", "Score Contacto": 30, "Prioridad": "MEDIA", "Fuente": "OpenStreetMap", "Distancia aprox. (km)": 10.14}}, {"type": "Feature", "geometry": {"type": "Point", "coordinates": [-74.132972, 4.620831]}, "properties": {"ID": "GYX-9D9930C067", "Nombre del negocio": "DEMO Veterinaria Kennedy 201", "Categoria": "Veterinaria", "Grupo": "Salud", "Direccion": "Calle 172 Sur #88-83", "Barrio": "", "Localidad": "Kennedy", "Telefono": "+57 601 2002832", "WhatsApp": "", "Link WhatsApp": "", "Correo electronico": "contacto@demo-veterinaria-201.example.com", "Sitio web": "", "Instagram": "", "Facebook": "", "Presencia digital": "BAJA", "Score Contacto": 30, "Prioridad": "MEDIA", "Fuente": "OpenStreetMap", "Distancia aprox. (km)": 6.82}}, {"type": "Feature", "geometry": {"type": "Point", "coordinates": [-74.053861, 4.637958]}, "properties": {"ID": "GYX-EB85B75E06", "Nombre del negocio": "DEMO Consultorio Chapinero 089", "Categoria": "Consultorio medico", "Grupo": "Salud", "Direccion": "Calle 163 Sur #36-96", "Barrio": "", "Localidad": "Santa Fe", "Telefono": "+57 601 5853764", "WhatsApp": "", "Link WhatsApp": "", "Correo electronico": "contacto@demo-consultorio-89.example.com", "Sitio web": "", "Instagram": "", "Facebook": "", "Presencia digital": "BAJA", "Score Contacto": 30, "Prioridad": "MEDIA", "Fuente": "OpenStreetMap", "Distancia aprox. (km)": 5.06}}, {"type": "Feature", "geometry": {"type": "Point", "coordinates": [-74.033342, 4.714287]}, "properties": {"ID": "GYX-4CA189C080", "Nombre del negocio": "DEMO Ropa Usaquen 078", "Categoria": "Tienda de ropa", "Grupo": "Comercio", "Direccion": "Calle 94 Sur #83-35", "Barrio": "", "Localidad": "Usaquen", "Telefono": "+57 601 6144336", "WhatsApp": "", "Link WhatsApp": "", "Correo electronico": "contacto@demo-ropa-78.example.com", "Sitio web": "", "Instagram": "", "Facebook": "", "Presencia digital": "BAJA", "Score Contacto": 30, "Prioridad": "MEDIA", "Fuente": "OpenStreetMap", "Distancia aprox. (km)": 13.75}}, {"type": "Feature", "geometry": {"type": "Point", "coordinates": [-74.143252, 4.529851]}, "properties": {"ID": "GYX-E603EA3251", "Nombre del negocio": "DEMO Abogados Ciudad Bolivar 252", "Categoria": "Abogados", "Grupo": "Servicios profesionales", "Direccion": "Calle 90 Sur #28-38", "Barrio": "", "Localidad": "Ciudad Bolivar", "Telefono": "", "WhatsApp": "", "Link WhatsApp": "", "Correo electronico": "contacto@demo-abogados-252.example.com", "Sitio web": "", "Instagram": "", "Facebook": "", "Presencia digital": "BAJA", "Score Contacto": 30, "Prioridad": "BAJA", "Fuente": "OpenStreetMap", "Distancia aprox. (km)": 10.65}}, {"type": "Feature", "geometry": {"type": "Point", "coordinates": [-74.140737, 4.577153]}, "properties": {"ID": "GYX-81FD4C78B0", "Nombre del negocio": "DEMO Barberia Tunjuelito 123", "Categoria": "Barberia", "Grupo": "Belleza", "Direccion": "Calle 72 Sur #46-41", "Barrio": "", "Localidad": "Tunjuelito", "Telefono": "", "WhatsApp": "", "Link WhatsApp": "", "Correo electronico": "contacto@demo-barberia-123.example.com", "Sitio web": "", "Instagram": "", "Facebook": "", "Presencia digital": "BAJA", "Score Contacto": 30, "Prioridad": "BAJA", "Fuente": "OpenStreetMap", "Distancia aprox. (km)": 7.57}}, {"type": "Feature", "geometry": {"type": "Point", "coordinates": [-74.155485, 4.555689]}, "properties": {"ID": "GYX-772635E8A3", "Nombre del negocio": "DEMO Barberia Tunjuelito 343", "Categoria": "Barberia", "Grupo": "Belleza", "Direccion": "Calle 127 Sur #83-75", "Barrio": "", "Localidad": "Tunjuelito", "Telefono": "", "WhatsApp": "", "Link WhatsApp": "", "Correo electronico": "contacto@demo-barberia-343.example.com", "Sitio web": "", "Instagram": "", "Facebook": "", "Presencia digital": "BAJA", "Score Contacto": 30, "Prioridad": "BAJA", "Fuente": "OpenStreetMap", "Distancia aprox. (km)": 10.01}}, {"type": "Feature", "geometry": {"type": "Point", "coordinates": [-74.132904, 4.570955]}, "properties": {"ID": "GYX-D8153A6010", "Nombre del negocio": "DEMO Barberia Tunjuelito 363", "Categoria": "Barberia", "Grupo": "Belleza", "Direccion": "Calle 19 Sur #90-17", "Barrio": "", "Localidad": "Tunjuelito", "Telefono": "", "WhatsApp": "", "Link WhatsApp": "", "Correo electronico": "contacto@demo-barberia-363.example.com", "Sitio web": "", "Instagram": "", "Facebook": "", "Presencia digital": "BAJA", "Score Contacto": 30, "Prioridad": "BAJA", "Fuente": "OpenStreetMap", "Distancia aprox. (km)": 7.01}}, {"type": "Feature", "geometry": {"type": "Point", "coordinates": [-74.145254, 4.653111]}, "properties": {"ID": "GYX-2CD986B6D1", "Nombre del negocio": "DEMO Drogueria Fontibon 154", "Categoria": "Drogueria", "Grupo": "Salud", "Direccion": "Calle 96 Sur #96-27", "Barrio": "", "Localidad": "Fontibon", "Telefono": "", "WhatsApp": "", "Link WhatsApp": "", "Correo electronico": "contacto@demo-drogueria-154.example.com", "Sitio web": "", "Instagram": "", "Facebook": "", "Presencia digital": "BAJA", "Score Contacto": 30, "Prioridad": "BAJA", "Fuente": "OpenStreetMap", "Distancia aprox. (km)": 9.83}}, {"type": "Feature", "geometry": {"type": "Point", "coordinates": [-74.160236, 4.67796]}, "properties": {"ID": "GYX-A326ED47B8", "Nombre del negocio": "DEMO Estetica Fontibon 004", "Categoria": "Centro estetico", "Grupo": "Belleza", "Direccion": "Calle 148 Sur #39-77", "Barrio": "", "Localidad": "Fontibon", "Telefono": "", "WhatsApp": "", "Link WhatsApp": "", "Correo electronico": "contacto@demo-estetica-4.example.com", "Sitio web": "", "Instagram": "", "Facebook": "", "Presencia digital": "BAJA", "Score Contacto": 30, "Prioridad": "BAJA", "Fuente": "OpenStreetMap", "Distancia aprox. (km)": 12.9}}, {"type": "Feature", "geometry": {"type": "Point", "coordinates": [-74.148339, 4.581844]}, "properties": {"ID": "GYX-1BA49A5952", "Nombre del negocio": "DEMO Ferreteria Tunjuelito 273", "Categoria": "Ferreteria", "Grupo": "Comercio", "Direccion": "Calle 54 Sur #76-88", "Barrio": "", "Localidad": "Tunjuelito", "Telefono": "", "WhatsApp": "", "Link WhatsApp": "", "Correo electronico": "contacto@demo-ferreteria-273.example.com", "Sitio web": "", "Instagram": "", "Facebook": "", "Presencia digital": "BAJA", "Score Contacto": 30, "Prioridad": "BAJA", "Fuente": "OpenStreetMap", "Distancia aprox. (km)": 8.24}}, {"type": "Feature", "geometry": {"type": "Point", "coordinates": [-74.152079, 4.559283]}, "properties": {"ID": "GYX-11D54ABD88", "Nombre del negocio": "DEMO Ferreteria Tunjuelito 293", "Categoria": "Ferreteria", "Grupo": "Comercio", "Direccion": "Calle 118 Sur #72-40", "Barrio": "", "Localidad": "Tunjuelito", "Telefono": "", "WhatsApp": "", "Link WhatsApp": "", "Correo electronico": "contacto@demo-ferreteria-293.example.com", "Sitio web": "", "Instagram": "", "Facebook": "", "Presencia digital": "BAJA", "Score Contacto": 30, "Prioridad": "BAJA", "Fuente": "OpenStreetMap", "Distancia aprox. (km)": 9.49}}, {"type": "Feature", "geometry": {"type": "Point", "coordinates": [-74.096174, 4.704996]}, "properties": {"ID": "GYX-7A0CD6A12C", "Nombre del negocio": "DEMO Gimnasio Engativa 345", "Categoria": "Gimnasio", "Grupo": "Bienestar", "Direccion": "Calle 19 Sur #12-30", "Barrio": "", "Localidad": "Engativa", "Telefono": "", "WhatsApp": "", "Link WhatsApp": "", "Correo electronico": "contacto@demo-gimnasio-345.example.com", "Sitio web": "", "Instagram": "", "Facebook": "", "Presencia digital": "BAJA", "Score Contacto": 30, "Prioridad": "BAJA", "Fuente": "OpenStreetMap", "Distancia aprox. (km)": 12.1}}, {"type": "Feature", "geometry": {"type": "Point", "coordinates": [-74.201863, 4.602166]}, "properties": {"ID": "GYX-C65DC4A576", "Nombre del negocio": "DEMO Inmobiliaria Bosa 050", "Categoria": "Inmobiliaria", "Grupo": "Servicios profesionales", "Direccion": "Calle 21 Sur #7-62", "Barrio": "", "Localidad": "Bosa", "Telefono": "", "WhatsApp": "", "Link WhatsApp": "", "Correo electronico": "contacto@demo-inmobiliaria-50.example.com", "Sitio web": "", "Instagram": "", "Facebook": "", "Presencia digital": "BAJA", "Score Contacto": 30, "Prioridad": "BAJA", "Fuente": "OpenStreetMap", "Distancia aprox. (km)": 13.98}}, {"type": "Feature", "geometry": {"type": "Point", "coordinates": [-74.200108, 4.610115]}, "properties": {"ID": "GYX-A11F419C89", "Nombre del negocio": "DEMO Inmobiliaria Bosa 070", "Categoria": "Inmobiliaria", "Grupo": "Servicios profesionales", "Direccion": "Calle 17 Sur #84-14", "Barrio": "", "Localidad": "Bosa", "Telefono": "", "WhatsApp": "", "Link WhatsApp": "", "Correo electronico": "contacto@demo-inmobiliaria-70.example.com", "Sitio web": "", "Instagram": "", "Facebook": "", "Presencia digital": "BAJA", "Score Contacto": 30, "Prioridad": "BAJA", "Fuente": "OpenStreetMap", "Distancia aprox. (km)": 13.84}}, {"type": "Feature", "geometry": {"type": "Point", "coordinates": [-74.200981, 4.606766]}, "properties": {"ID": "GYX-1976E73D8E", "Nombre del negocio": "DEMO Inmobiliaria Bosa 170", "Categoria": "Inmobiliaria", "Grupo": "Servicios profesionales", "Direccion": "Calle 108 Sur #51-68", "Barrio": "", "Localidad": "Bosa", "Telefono": "", "WhatsApp": "", "Link WhatsApp": "", "Correo electronico": "contacto@demo-inmobiliaria-170.example.com", "Sitio web": "", "Instagram": "", "Facebook": "", "Presencia digital": "BAJA", "Score Contacto": 30, "Prioridad": "BAJA", "Fuente": "OpenStreetMap", "Distancia aprox. (km)": 13.91}}, {"type": "Feature", "geometry": {"type": "Point", "coordinates": [-74.172994, 4.606694]}, "properties": {"ID": "GYX-2FDEE68E08", "Nombre del negocio": "DEMO Odontologia Bosa 060", "Categoria": "Odontologia", "Grupo": "Salud", "Direccion": "Calle 59 Sur #64-14", "Barrio": "", "Localidad": "Bosa", "Telefono": "", "WhatsApp": "", "Link WhatsApp": "", "Correo electronico": "contacto@demo-odontologia-60.example.com", "Sitio web": "", "Instagram": "", "Facebook": "", "Presencia digital": "BAJA", "Score Contacto": 30, "Prioridad": "BAJA", "Fuente": "OpenStreetMap", "Distancia aprox. (km)": 10.81}}, {"type": "Feature", "geometry": {"type": "Point", "coordinates": [-74.167503, 4.531458]}, "properties": {"ID": "GYX-3CFB950D7B", "Nombre del negocio": "DEMO Peluqueria Ciudad Bolivar 182", "Categoria": "Peluqueria", "Grupo": "Belleza", "Direccion": "Calle 159 Sur #56-76", "Barrio": "", "Localidad": "Ciudad Bolivar", "Telefono": "", "WhatsApp": "", "Link WhatsApp": "", "Correo electronico": "contacto@demo-peluqueria-182.example.com", "Sitio web": "", "Instagram": "", "Facebook": "", "Presencia digital": "BAJA", "Score Contacto": 30, "Prioridad": "BAJA", "Fuente": "OpenStreetMap", "Distancia aprox. (km)": 12.58}}, {"type": "Feature", "geometry": {"type": "Point", "coordinates": [-74.096552, 4.626783]}, "properties": {"ID": "GYX-14D740BC68", "Nombre del negocio": "DEMO Restaurante Puente Aranda 226", "Categoria": "Restaurante", "Grupo": "Alimentacion", "Direccion": "Calle 151 Sur #33-78", "Barrio": "", "Localidad": "Puente Aranda", "Telefono": "", "WhatsApp": "", "Link WhatsApp": "", "Correo electronico": "contacto@demo-restaurante-226.example.com", "Sitio web": "", "Instagram": "", "Facebook": "", "Presencia digital": "BAJA", "Score Contacto": 30, "Prioridad": "BAJA", "Fuente": "OpenStreetMap", "Distancia aprox. (km)": 3.93}}, {"type": "Feature", "geometry": {"type": "Point", "coordinates": [-74.150428, 4.627227]}, "properties": {"ID": "GYX-FE4BB1EE5B", "Nombre del negocio": "DEMO Veterinaria Kennedy 041", "Categoria": "Veterinaria", "Grupo": "Salud", "Direccion": "Calle 1 Sur #59-18", "Barrio": "", "Localidad": "Kennedy", "Telefono": "", "WhatsApp": "", "Link WhatsApp": "", "Correo electronico": "contacto@demo-veterinaria-41.example.com", "Sitio web": "", "Instagram": "", "Facebook": "", "Presencia digital": "BAJA", "Score Contacto": 30, "Prioridad": "BAJA", "Fuente": "OpenStreetMap", "Distancia aprox. (km)": 8.88}}, {"type": "Feature", "geometry": {"type": "Point", "coordinates": [-74.142095, 4.633588]}, "properties": {"ID": "GYX-09FF9CB9AC", "Nombre del negocio": "DEMO Veterinaria Kennedy 101", "Categoria": "Veterinaria", "Grupo": "Salud", "Direccion": "Calle 7 Sur #56-39", "Barrio": "", "Localidad": "Kennedy", "Telefono": "", "WhatsApp": "", "Link WhatsApp": "", "Correo electronico": "contacto@demo-veterinaria-101.example.com", "Sitio web": "", "Instagram": "", "Facebook": "", "Presencia digital": "BAJA", "Score Contacto": 30, "Prioridad": "BAJA", "Fuente": "OpenStreetMap", "Distancia aprox. (km)": 8.34}}, {"type": "Feature", "geometry": {"type": "Point", "coordinates": [-74.149394, 4.638415]}, "properties": {"ID": "GYX-ACA3EC8508", "Nombre del negocio": "DEMO Veterinaria Kennedy 221", "Categoria": "Veterinaria", "Grupo": "Salud", "Direccion": "Calle 118 Sur #88-60", "Barrio": "", "Localidad": "Kennedy", "Telefono": "", "WhatsApp": "", "Link WhatsApp": "", "Correo electronico": "contacto@demo-veterinaria-221.example.com", "Sitio web": "", "Instagram": "", "Facebook": "", "Presencia digital": "BAJA", "Score Contacto": 30, "Prioridad": "BAJA", "Fuente": "OpenStreetMap", "Distancia aprox. (km)": 9.31}}, {"type": "Feature", "geometry": {"type": "Point", "coordinates": [-74.144792, 4.628879]}, "properties": {"ID": "GYX-CA13EB3506", "Nombre del negocio": "DEMO Veterinaria Kennedy 321", "Categoria": "Veterinaria", "Grupo": "Salud", "Direccion": "Calle 68 Sur #72-55", "Barrio": "", "Localidad": "Kennedy", "Telefono": "", "WhatsApp": "", "Link WhatsApp": "", "Correo electronico": "contacto@demo-veterinaria-321.example.com", "Sitio web": "", "Instagram": "", "Facebook": "", "Presencia digital": "BAJA", "Score Contacto": 30, "Prioridad": "BAJA", "Fuente": "OpenStreetMap", "Distancia aprox. (km)": 8.38}}, {"type": "Feature", "geometry": {"type": "Point", "coordinates": [-74.05283, 4.650519]}, "properties": {"ID": "GYX-7927C6BAAC", "Nombre del negocio": "DEMO Celulares Chapinero 039", "Categoria": "Tienda especializada", "Grupo": "Comercio", "Direccion": "Calle 180 Sur #65-27", "Barrio": "", "Localidad": "Chapinero", "Telefono": "", "WhatsApp": "", "Link WhatsApp": "", "Correo electronico": "contacto@demo-celulares-39.example.com", "Sitio web": "", "Instagram": "", "Facebook": "", "Presencia digital": "BAJA", "Score Contacto": 30, "Prioridad": "BAJA", "Fuente": "OpenStreetMap", "Distancia aprox. (km)": 6.36}}, {"type": "Feature", "geometry": {"type": "Point", "coordinates": [-74.042571, 4.657169]}, "properties": {"ID": "GYX-69F197FEA4", "Nombre del negocio": "DEMO Celulares Chapinero 099", "Categoria": "Tienda especializada", "Grupo": "Comercio", "Direccion": "Calle 134 Sur #34-47", "Barrio": "", "Localidad": "Chapinero", "Telefono": "", "WhatsApp": "", "Link WhatsApp": "", "Correo electronico": "contacto@demo-celulares-99.example.com", "Sitio web": "", "Instagram": "", "Facebook": "", "Presencia digital": "BAJA", "Score Contacto": 30, "Prioridad": "BAJA", "Fuente": "OpenStreetMap", "Distancia aprox. (km)": 7.53}}, {"type": "Feature", "geometry": {"type": "Point", "coordinates": [-74.059423, 4.65956]}, "properties": {"ID": "GYX-AF225BB7BF", "Nombre del negocio": "DEMO Consultorio Chapinero 209", "Categoria": "Consultorio medico", "Grupo": "Salud", "Direccion": "Calle 166 Sur #63-65", "Barrio": "", "Localidad": "Barrios Unidos", "Telefono": "", "WhatsApp": "", "Link WhatsApp": "", "Correo electronico": "contacto@demo-consultorio-209.example.com", "Sitio web": "", "Instagram": "", "Facebook": "", "Presencia digital": "BAJA", "Score Contacto": 30, "Prioridad": "BAJA", "Fuente": "OpenStreetMap", "Distancia aprox. (km)": 7.07}}, {"type": "Feature", "geometry": {"type": "Point", "coordinates": [-74.034284, 4.714889]}, "properties": {"ID": "GYX-AEC22585B5", "Nombre del negocio": "DEMO Panaderia Usaquen 048", "Categoria": "Panaderia", "Grupo": "Alimentacion", "Direccion": "Calle 151 Sur #10-56", "Barrio": "", "Localidad": "Usaquen", "Telefono": "", "WhatsApp": "", "Link WhatsApp": "", "Correo electronico": "contacto@demo-panaderia-48.example.com", "Sitio web": "", "Instagram": "", "Facebook": "", "Presencia digital": "BAJA", "Score Contacto": 30, "Prioridad": "BAJA", "Fuente": "OpenStreetMap", "Distancia aprox. (km)": 13.78}}, {"type": "Feature", "geometry": {"type": "Point", "coordinates": [-74.014432, 4.731999]}, "properties": {"ID": "GYX-1DBEA4209C", "Nombre del negocio": "DEMO Panaderia Usaquen 328", "Categoria": "Panaderia", "Grupo": "Alimentacion", "Direccion": "Calle 2 Sur #51-82", "Barrio": "", "Localidad": "Usaquen", "Telefono": "", "WhatsApp": "", "Link WhatsApp": "", "Correo electronico": "contacto@demo-panaderia-328.example.com", "Sitio web": "", "Instagram": "", "Facebook": "", "Presencia digital": "BAJA", "Score Contacto": 30, "Prioridad": "BAJA", "Fuente": "OpenStreetMap", "Distancia aprox. (km)": 16.37}}, {"type": "Feature", "geometry": {"type": "Point", "coordinates": [-74.102118, 4.610798]}, "properties": {"ID": "GYX-497A453655", "Nombre del negocio": "DEMO Restaurante Puente Aranda 006", "Categoria": "Restaurante", "Grupo": "Alimentacion", "Direccion": "Calle 17 Sur #8-99", "Barrio": "", "Localidad": "Los Martires", "Telefono": "+57 601 7918301", "WhatsApp": "", "Link WhatsApp": "", "Correo electronico": "contacto@demo-restaurante-6.example.com", "Sitio web": "", "Instagram": "", "Facebook": "", "Presencia digital": "BAJA", "Score Contacto": 30, "Prioridad": "BAJA", "Fuente": "OpenStreetMap", "Distancia aprox. (km)": 3.24}}, {"type": "Feature", "geometry": {"type": "Point", "coordinates": [-74.100661, 4.60329]}, "properties": {"ID": "GYX-EBC0DF9AD3", "Nombre del negocio": "DEMO Restaurante Puente Aranda 086", "Categoria": "Restaurante", "Grupo": "Alimentacion", "Direccion": "Calle 131 Sur #11-16", "Barrio": "", "Localidad": "Los Martires", "Telefono": "", "WhatsApp": "", "Link WhatsApp": "", "Correo electronico": "contacto@demo-restaurante-86.example.com", "Sitio web": "", "Instagram": "", "Facebook": "", "Presencia digital": "BAJA", "Score Contacto": 30, "Prioridad": "BAJA", "Fuente": "OpenStreetMap", "Distancia aprox. (km)": 2.82}}, {"type": "Feature", "geometry": {"type": "Point", "coordinates": [-74.133679, 4.574347]}, "properties": {"ID": "GYX-872B51B2D3", "Nombre del negocio": "DEMO Ferreteria Tunjuelito 133", "Categoria": "Ferreteria", "Grupo": "Comercio", "Direccion": "Calle 129 Sur #70-88", "Barrio": "", "Localidad": "Tunjuelito", "Telefono": "+57 601 3502359", "WhatsApp": "", "Link WhatsApp": "", "Correo electronico": "", "Sitio web": "https://demo-ferreteria-133.example.com", "Instagram": "", "Facebook": "", "Presencia digital": "MEDIA", "Score Contacto": 80, "Prioridad": "MEDIA", "Fuente": "OpenStreetMap", "Distancia aprox. (km)": 6.94}}, {"type": "Feature", "geometry": {"type": "Point", "coordinates": [-74.096053, 4.718158]}, "properties": {"ID": "GYX-4BAE7B1198", "Nombre del negocio": "DEMO Papeleria Engativa 055", "Categoria": "Papeleria", "Grupo": "Comercio", "Direccion": "Calle 6 Sur #17-14", "Barrio": "", "Localidad": "Engativa", "Telefono": "+57 601 6849025", "WhatsApp": "", "Link WhatsApp": "", "Correo electronico": "", "Sitio web": "https://demo-papeleria-55.example.com", "Instagram": "", "Facebook": "", "Presencia digital": "MEDIA", "Score Contacto": 80, "Prioridad": "MEDIA", "Fuente": "OpenStreetMap", "Distancia aprox. (km)": 13.54}}, {"type": "Feature", "geometry": {"type": "Point", "coordinates": [-74.097642, 4.734684]}, "properties": {"ID": "GYX-A12871A3CB", "Nombre del negocio": "DEMO Cafeteria Suba 007", "Categoria": "Cafeteria", "Grupo": "Alimentacion", "Direccion": "Calle 74 Sur #17-41", "Barrio": "", "Localidad": "Suba", "Telefono": "+57 601 7082320", "WhatsApp": "", "Link WhatsApp": "", "Correo electronico": "", "Sitio web": "https://demo-cafeteria-7.example.com", "Instagram": "", "Facebook": "", "Presencia digital": "MEDIA", "Score Contacto": 80, "Prioridad": "MEDIA", "Fuente": "OpenStreetMap", "Distancia aprox. (km)": 15.38}}, {"type": "Feature", "geometry": {"type": "Point", "coordinates": [-74.068993, 4.665538]}, "properties": {"ID": "GYX-A32658F639", "Nombre del negocio": "DEMO Consultorio Chapinero 109", "Categoria": "Consultorio medico", "Grupo": "Salud", "Direccion": "Calle 53 Sur #39-43", "Barrio": "", "Localidad": "Barrios Unidos", "Telefono": "+57 601 7589211", "WhatsApp": "", "Link WhatsApp": "", "Correo electronico": "", "Sitio web": "https://demo-consultorio-109.example.com", "Instagram": "", "Facebook": "", "Presencia digital": "MEDIA", "Score Contacto": 80, "Prioridad": "MEDIA", "Fuente": "OpenStreetMap", "Distancia aprox. (km)": 7.54}}, {"type": "Feature", "geometry": {"type": "Point", "coordinates": [-74.084974, 4.755086]}, "properties": {"ID": "GYX-1EDFAE6F1A", "Nombre del negocio": "DEMO Minimercado Suba 297", "Categoria": "Minimercado", "Grupo": "Comercio", "Direccion": "Calle 48 Sur #50-44", "Barrio": "", "Localidad": "Suba", "Telefono": "+57 601 3546937", "WhatsApp": "", "Link WhatsApp": "", "Correo electronico": "", "Sitio web": "https://demo-minimercado-297.example.com", "Instagram": "", "Facebook": "", "Presencia digital": "MEDIA", "Score Contacto": 80, "Prioridad": "MEDIA", "Fuente": "OpenStreetMap", "Distancia aprox. (km)": 17.49}}, {"type": "Feature", "geometry": {"type": "Point", "coordinates": [-74.047186, 4.704485]}, "properties": {"ID": "GYX-E8384A24DB", "Nombre del negocio": "DEMO Ropa Usaquen 058", "Categoria": "Tienda de ropa", "Grupo": "Comercio", "Direccion": "Calle 135 Sur #75-34", "Barrio": "", "Localidad": "Chapinero", "Telefono": "+57 601 4281018", "WhatsApp": "", "Link WhatsApp": "", "Correo electronico": "", "Sitio web": "https://demo-ropa-58.example.com", "Instagram": "", "Facebook": "", "Presencia digital": "MEDIA", "Score Contacto": 80, "Prioridad": "MEDIA", "Fuente": "OpenStreetMap", "Distancia aprox. (km)": 12.25}}, {"type": "Feature", "geometry": {"type": "Point", "coordinates": [-74.126301, 4.585355]}, "properties": {"ID": "GYX-F7553D7B41", "Nombre del negocio": "DEMO Barberia Tunjuelito 083", "Categoria": "Barberia", "Grupo": "Belleza", "Direccion": "Calle 173 Sur #5-95", "Barrio": "", "Localidad": "Tunjuelito", "Telefono": "", "WhatsApp": "", "Link WhatsApp": "", "Correo electronico": "", "Sitio web": "https://demo-barberia-83.example.com", "Instagram": "", "Facebook": "", "Presencia digital": "MEDIA", "Score Contacto": 60, "Prioridad": "MEDIA", "Fuente": "OpenStreetMap", "Distancia aprox. (km)": 5.77}}, {"type": "Feature", "geometry": {"type": "Point", "coordinates": [-74.166344, 4.606498]}, "properties": {"ID": "GYX-7036E5328D", "Nombre del negocio": "DEMO Contaduria Kennedy 371", "Categoria": "Contaduria", "Grupo": "Servicios profesionales", "Direccion": "Calle 160 Sur #7-99", "Barrio": "", "Localidad": "Kennedy", "Telefono": "", "WhatsApp": "", "Link WhatsApp": "", "Correo electronico": "", "Sitio web": "https://demo-contaduria-371.example.com", "Instagram": "", "Facebook": "", "Presencia digital": "MEDIA", "Score Contacto": 60, "Prioridad": "MEDIA", "Fuente": "OpenStreetMap", "Distancia aprox. (km)": 10.08}}, {"type": "Feature", "geometry": {"type": "Point", "coordinates": [-74.169436, 4.656345]}, "properties": {"ID": "GYX-B854D29D83", "Nombre del negocio": "DEMO Drogueria Fontibon 094", "Categoria": "Drogueria", "Grupo": "Salud", "Direccion": "Calle 63 Sur #91-29", "Barrio": "", "Localidad": "Fontibon", "Telefono": "", "WhatsApp": "", "Link WhatsApp": "", "Correo electronico": "", "Sitio web": "https://demo-drogueria-94.example.com", "Instagram": "https://instagram.com/demodrogueria94", "Facebook": "", "Presencia digital": "MEDIA", "Score Contacto": 60, "Prioridad": "MEDIA", "Fuente": "OpenStreetMap", "Distancia aprox. (km)": 12.23}}, {"type": "Feature", "geometry": {"type": "Point", "coordinates": [-74.139019, 4.651479]}, "properties": {"ID": "GYX-A061554FD7", "Nombre del negocio": "DEMO Drogueria Fontibon 134", "Categoria": "Drogueria", "Grupo": "Salud", "Direccion": "Calle 168 Sur #2-57", "Barrio": "", "Localidad": "Fontibon", "Telefono": "", "WhatsApp": "", "Link WhatsApp": "", "Correo electronico": "", "Sitio web": "https://demo-drogueria-134.example.com", "Instagram": "", "Facebook": "", "Presencia digital": "MEDIA", "Score Contacto": 60, "Prioridad": "MEDIA", "Fuente": "OpenStreetMap", "Distancia aprox. (km)": 9.18}}, {"type": "Feature", "geometry": {"type": "Point", "coordinates": [-74.15297, 4.673305]}, "properties": {"ID": "GYX-EFB01B482D", "Nombre del negocio": "DEMO Estetica Fontibon 084", "Categoria": "Centro estetico", "Grupo": "Belleza", "Direccion": "Calle 169 Sur #48-67", "Barrio": "", "Localidad": "Fontibon", "Telefono": "", "WhatsApp": "", "Link WhatsApp": "", "Correo electronico": "", "Sitio web": "https://demo-estetica-84.example.com", "Instagram": "https://instagram.com/demoestetica84", "Facebook": "", "Presencia digital": "MEDIA", "Score Contacto": 60, "Prioridad": "MEDIA", "Fuente": "OpenStreetMap", "Distancia aprox. (km)": 11.96}}, {"type": "Feature", "geometry": {"type": "Point", "coordinates": [-74.150208, 4.688162]}, "properties": {"ID": "GYX-E7F09D5DB9", "Nombre del negocio": "DEMO Estetica Fontibon 164", "Categoria": "Centro estetico", "Grupo": "Belleza", "Direccion": "Calle 132 Sur #4-77", "Barrio": "", "Localidad": "Fontibon", "Telefono": "", "WhatsApp": "", "Link WhatsApp": "", "Correo electronico": "", "Sitio web": "https://demo-estetica-164.example.com", "Instagram": "", "Facebook": "https://facebook.com/demoestetica164", "Presencia digital": "MEDIA", "Score Contacto": 60, "Prioridad": "MEDIA", "Fuente": "OpenStreetMap", "Distancia aprox. (km)": 12.97}}, {"type": "Feature", "geometry": {"type": "Point", "coordinates": [-74.148704, 4.651933]}, "properties": {"ID": "GYX-2375B6905E", "Nombre del negocio": "DEMO Estetica Fontibon 304", "Categoria": "Centro estetico", "Grupo": "Belleza", "Direccion": "Calle 36 Sur #26-76", "Barrio": "", "Localidad": "Fontibon", "Telefono": "", "WhatsApp": "", "Link WhatsApp": "", "Correo electronico": "", "Sitio web": "https://demo-estetica-304.example.com", "Instagram": "", "Facebook": "", "Presencia digital": "MEDIA", "Score Contacto": 60, "Prioridad": "MEDIA", "Fuente": "OpenStreetMap", "Distancia aprox. (km)": 10.06}}, {"type": "Feature", "geometry": {"type": "Point", "coordinates": [-74.151663, 4.559084]}, "properties": {"ID": "GYX-9C7B4A70C6", "Nombre del negocio": "DEMO Ferreteria Tunjuelito 393", "Categoria": "Ferreteria", "Grupo": "Comercio", "Direccion": "Calle 139 Sur #47-94", "Barrio": "", "Localidad": "Tunjuelito", "Telefono": "", "WhatsApp": "", "Link WhatsApp": "", "Correo electronico": "", "Sitio web": "https://demo-ferreteria-393.example.com", "Instagram": "", "Facebook": "https://facebook.com/demoferreteria393", "Presencia digital": "MEDIA", "Score Contacto": 60, "Prioridad": "MEDIA", "Fuente": "OpenStreetMap", "Distancia aprox. (km)": 9.46}}, {"type": "Feature", "geometry": {"type": "Point", "coordinates": [-74.117652, 4.710749]}, "properties": {"ID": "GYX-6788C477DA", "Nombre del negocio": "DEMO Gimnasio Engativa 065", "Categoria": "Gimnasio", "Grupo": "Bienestar", "Direccion": "Calle 111 Sur #12-16", "Barrio": "", "Localidad": "Engativa", "Telefono": "", "WhatsApp": "", "Link WhatsApp": "", "Correo electronico": "", "Sitio web": "https://demo-gimnasio-65.example.com", "Instagram": "", "Facebook": "", "Presencia digital": "MEDIA", "Score Contacto": 60, "Prioridad": "MEDIA", "Fuente": "OpenStreetMap", "Distancia aprox. (km)": 13.36}}, {"type": "Feature", "geometry": {"type": "Point", "coordinates": [-74.119999, 4.706238]}, "properties": {"ID": "GYX-84C05F9736", "Nombre del negocio": "DEMO Gimnasio Engativa 125", "Categoria": "Gimnasio", "Grupo": "Bienestar", "Direccion": "Calle 26 Sur #75-28", "Barrio": "", "Localidad": "Engativa", "Telefono": "", "WhatsApp": "", "Link WhatsApp": "", "Correo electronico": "", "Sitio web": "https://demo-gimnasio-125.example.com", "Instagram": "", "Facebook": "", "Presencia digital": "MEDIA", "Score Contacto": 60, "Prioridad": "MEDIA", "Fuente": "OpenStreetMap", "Distancia aprox. (km)": 12.98}}, {"type": "Feature", "geometry": {"type": "Point", "coordinates": [-74.176841, 4.604026]}, "properties": {"ID": "GYX-366EC3A954", "Nombre del negocio": "DEMO Odontologia Bosa 160", "Categoria": "Odontologia", "Grupo": "Salud", "Direccion": "Calle 156 Sur #94-73", "Barrio": "", "Localidad": "Bosa", "Telefono": "", "WhatsApp": "", "Link WhatsApp": "", "Correo electronico": "", "Sitio web": "https://demo-odontologia-160.example.com", "Instagram": "https://instagram.com/demoodontologia160", "Facebook": "", "Presencia digital": "MEDIA", "Score Contacto": 60, "Prioridad": "MEDIA", "Fuente": "OpenStreetMap", "Distancia aprox. (km)": 11.22}}, {"type": "Feature", "geometry": {"type": "Point", "coordinates": [-74.187326, 4.61637]}, "properties": {"ID": "GYX-35E0355621", "Nombre del negocio": "DEMO Odontologia Bosa 220", "Categoria": "Odontologia", "Grupo": "Salud", "Direccion": "Calle 105 Sur #87-19", "Barrio": "", "Localidad": "Bosa", "Telefono": "", "WhatsApp": "", "Link WhatsApp": "", "Correo electronico": "", "Sitio web": "https://demo-odontologia-220.example.com", "Instagram": "", "Facebook": "", "Presencia digital": "MEDIA", "Score Contacto": 60, "Prioridad": "MEDIA", "Fuente": "OpenStreetMap", "Distancia aprox. (km)": 12.53}}, {"type": "Feature", "geometry": {"type": "Point", "coordinates": [-74.181517, 4.61871]}, "properties": {"ID": "GYX-8048C26582", "Nombre del negocio": "DEMO Odontologia Bosa 360", "Categoria": "Odontologia", "Grupo": "Salud", "Direccion": "Calle 25 Sur #7-65", "Barrio": "", "Localidad": "Bosa", "Telefono": "", "WhatsApp": "", "Link WhatsApp": "", "Correo electronico": "", "Sitio web": "https://demo-odontologia-360.example.com", "Instagram": "https://instagram.com/demoodontologia360", "Facebook": "", "Presencia digital": "MEDIA", "Score Contacto": 60, "Prioridad": "MEDIA", "Fuente": "OpenStreetMap", "Distancia aprox. (km)": 11.94}}, {"type": "Feature", "geometry": {"type": "Point", "coordinates": [-74.127636, 4.691002]}, "properties": {"ID": "GYX-43AA99032A", "Nombre del negocio": "DEMO Papeleria Engativa 315", "Categoria": "Papeleria", "Grupo": "Comercio", "Direccion": "Calle 115 Sur #76-81", "Barrio": "", "Localidad": "Engativa", "Telefono": "", "WhatsApp": "", "Link WhatsApp": "", "Correo electronico": "", "Sitio web": "https://demo-papeleria-315.example.com", "Instagram": "", "Facebook": "", "Presencia digital": "MEDIA", "Score Contacto": 60, "Prioridad": "MEDIA", "Fuente": "OpenStreetMap", "Distancia aprox. (km)": 11.82}}, {"type": "Feature", "geometry": {"type": "Point", "coordinates": [-74.112661, 4.719698]}, "properties": {"ID": "GYX-F0492EBC85", "Nombre del negocio": "DEMO Papeleria Engativa 395", "Categoria": "Papeleria", "Grupo": "Comercio", "Direccion": "Calle 98 Sur #82-19", "Barrio": "", "Localidad": "Engativa", "Telefono": "", "WhatsApp": "", "Link WhatsApp": "", "Correo electronico": "", "Sitio web": "https://demo-papeleria-395.example.com", "Instagram": "", "Facebook": "", "Presencia digital": "MEDIA", "Score Contacto": 60, "Prioridad": "MEDIA", "Fuente": "OpenStreetMap", "Distancia aprox. (km)": 14.12}}, {"type": "Feature", "geometry": {"type": "Point", "coordinates": [-74.143584, 4.529402]}, "properties": {"ID": "GYX-3E4E7F8BCF", "Nombre del negocio": "DEMO Peluqueria Ciudad Bolivar 062", "Categoria": "Peluqueria", "Grupo": "Belleza", "Direccion": "Calle 15 Sur #77-28", "Barrio": "", "Localidad": "Ciudad Bolivar", "Telefono": "", "WhatsApp": "", "Link WhatsApp": "", "Correo electronico": "", "Sitio web": "https://demo-peluqueria-62.example.com", "Instagram": "https://instagram.com/demopeluqueria62", "Facebook": "", "Presencia digital": "MEDIA", "Score Contacto": 60, "Prioridad": "MEDIA", "Fuente": "OpenStreetMap", "Distancia aprox. (km)": 10.71}}, {"type": "Feature", "geometry": {"type": "Point", "coordinates": [-74.178111, 4.526174]}, "properties": {"ID": "GYX-40B99AFC80", "Nombre del negocio": "DEMO Peluqueria Ciudad Bolivar 222", "Categoria": "Peluqueria", "Grupo": "Belleza", "Direccion": "Calle 11 Sur #2-99", "Barrio": "", "Localidad": "Ciudad Bolivar", "Telefono": "", "WhatsApp": "", "Link WhatsApp": "", "Correo electronico": "", "Sitio web": "https://demo-peluqueria-222.example.com", "Instagram": "", "Facebook": "", "Presencia digital": "MEDIA", "Score Contacto": 60, "Prioridad": "MEDIA", "Fuente": "OpenStreetMap", "Distancia aprox. (km)": 13.88}}, {"type": "Feature", "geometry": {"type": "Point", "coordinates": [-74.166396, 4.524831]}, "properties": {"ID": "GYX-C003F7D9DF", "Nombre del negocio": "DEMO Peluqueria Ciudad Bolivar 262", "Categoria": "Peluqueria", "Grupo": "Belleza", "Direccion": "Calle 98 Sur #33-12", "Barrio": "", "Localidad": "Ciudad Bolivar", "Telefono": "", "WhatsApp": "", "Link WhatsApp": "", "Correo electronico": "", "Sitio web": "https://demo-peluqueria-262.example.com", "Instagram": "", "Facebook": "", "Presencia digital": "MEDIA", "Score Contacto": 60, "Prioridad": "MEDIA", "Fuente": "OpenStreetMap", "Distancia aprox. (km)": 12.93}}, {"type": "Feature", "geometry": {"type": "Point", "coordinates": [-74.157554, 4.615087]}, "properties": {"ID": "GYX-99CE1B7AA2", "Nombre del negocio": "DEMO Veterinaria Kennedy 301", "Categoria": "Veterinaria", "Grupo": "Salud", "Direccion": "Calle 132 Sur #20-87", "Barrio": "", "Localidad": "Kennedy", "Telefono": "", "WhatsApp": "", "Link WhatsApp": "", "Correo electronico": "", "Sitio web": "https://demo-veterinaria-301.example.com", "Instagram": "", "Facebook": "", "Presencia digital": "MEDIA", "Score Contacto": 60, "Prioridad": "MEDIA", "Fuente": "OpenStreetMap", "Distancia aprox. (km)": 9.26}}, {"type": "Feature", "geometry": {"type": "Point", "coordinates": [-74.090919, 4.739097]}, "properties": {"ID": "GYX-16B73598AF", "Nombre del negocio": "DEMO Cafeteria Suba 167", "Categoria": "Cafeteria", "Grupo": "Alimentacion", "Direccion": "Calle 172 Sur #74-69", "Barrio": "", "Localidad": "Suba", "Telefono": "", "WhatsApp": "", "Link WhatsApp": "", "Correo electronico": "", "Sitio web": "https://demo-cafeteria-167.example.com", "Instagram": "", "Facebook": "", "Presencia digital": "MEDIA", "Score Contacto": 60, "Prioridad": "MEDIA", "Fuente": "OpenStreetMap", "Distancia aprox. (km)": 15.77}}, {"type": "Feature", "geometry": {"type": "Point", "coordinates": [-74.030788, 4.66306]}, "properties": {"ID": "GYX-D59EF23C26", "Nombre del negocio": "DEMO Celulares Chapinero 019", "Categoria": "Tienda especializada", "Grupo": "Comercio", "Direccion": "Calle 169 Sur #45-29", "Barrio": "", "Localidad": "Chapinero", "Telefono": "", "WhatsApp": "", "Link WhatsApp": "", "Correo electronico": "", "Sitio web": "https://demo-celulares-19.example.com", "Instagram": "https://instagram.com/democelulares19", "Facebook": "", "Presencia digital": "MEDIA", "Score Contacto": 60, "Prioridad": "MEDIA", "Fuente": "OpenStreetMap", "Distancia aprox. (km)": 8.78}}, {"type": "Feature", "geometry": {"type": "Point", "coordinates": [-74.055133, 4.660813]}, "properties": {"ID": "GYX-CE12142789", "Nombre del negocio": "DEMO Celulares Chapinero 379", "Categoria": "Tienda especializada", "Grupo": "Comercio", "Direccion": "Calle 115 Sur #93-50", "Barrio": "", "Localidad": "Chapinero", "Telefono": "", "WhatsApp": "", "Link WhatsApp": "", "Correo electronico": "", "Sitio web": "https://demo-celulares-379.example.com", "Instagram": "", "Facebook": "", "Presencia digital": "MEDIA", "Score Contacto": 60, "Prioridad": "MEDIA", "Fuente": "OpenStreetMap", "Distancia aprox. (km)": 7.34}}, {"type": "Feature", "geometry": {"type": "Point", "coordinates": [-74.042877, 4.660149]}, "properties": {"ID": "GYX-670B8826ED", "Nombre del negocio": "DEMO Consultorio Chapinero 309", "Categoria": "Consultorio medico", "Grupo": "Salud", "Direccion": "Calle 106 Sur #92-24", "Barrio": "", "Localidad": "Chapinero", "Telefono": "", "WhatsApp": "", "Link WhatsApp": "", "Correo electronico": "", "Sitio web": "https://demo-consultorio-309.example.com", "Instagram": "", "Facebook": "", "Presencia digital": "MEDIA", "Score Contacto": 60, "Prioridad": "MEDIA", "Fuente": "OpenStreetMap", "Distancia aprox. (km)": 7.81}}, {"type": "Feature", "geometry": {"type": "Point", "coordinates": [-74.050503, 4.648904]}, "properties": {"ID": "GYX-07DEC46E99", "Nombre del negocio": "DEMO Consultorio Chapinero 349", "Categoria": "Consultorio medico", "Grupo": "Salud", "Direccion": "Calle 29 Sur #59-81", "Barrio": "", "Localidad": "Chapinero", "Telefono": "", "WhatsApp": "", "Link WhatsApp": "", "Correo electronico": "", "Sitio web": "https://demo-consultorio-349.example.com", "Instagram": "https://instagram.com/democonsultorio349", "Facebook": "", "Presencia digital": "MEDIA", "Score Contacto": 60, "Prioridad": "MEDIA", "Fuente": "OpenStreetMap", "Distancia aprox. (km)": 6.31}}, {"type": "Feature", "geometry": {"type": "Point", "coordinates": [-74.086878, 4.76578]}, "properties": {"ID": "GYX-2E67754D13", "Nombre del negocio": "DEMO Minimercado Suba 117", "Categoria": "Minimercado", "Grupo": "Comercio", "Direccion": "Calle 3 Sur #50-72", "Barrio": "", "Localidad": "Suba", "Telefono": "", "WhatsApp": "", "Link WhatsApp": "", "Correo electronico": "", "Sitio web": "https://demo-minimercado-117.example.com", "Instagram": "", "Facebook": "", "Presencia digital": "MEDIA", "Score Contacto": 60, "Prioridad": "MEDIA", "Fuente": "OpenStreetMap", "Distancia aprox. (km)": 18.69}}, {"type": "Feature", "geometry": {"type": "Point", "coordinates": [-74.068954, 4.757787]}, "properties": {"ID": "GYX-CE7B045804", "Nombre del negocio": "DEMO Minimercado Suba 197", "Categoria": "Minimercado", "Grupo": "Comercio", "Direccion": "Calle 60 Sur #42-34", "Barrio": "", "Localidad": "Suba", "Telefono": "", "WhatsApp": "", "Link WhatsApp": "", "Correo electronico": "", "Sitio web": "https://demo-minimercado-197.example.com", "Instagram": "", "Facebook": "", "Presencia digital": "MEDIA", "Score Contacto": 60, "Prioridad": "MEDIA", "Fuente": "OpenStreetMap", "Distancia aprox. (km)": 17.77}}, {"type": "Feature", "geometry": {"type": "Point", "coordinates": [-74.038182, 4.720697]}, "properties": {"ID": "GYX-1A5A0EEEFB", "Nombre del negocio": "DEMO Panaderia Usaquen 028", "Categoria": "Panaderia", "Grupo": "Alimentacion", "Direccion": "Calle 17 Sur #15-39", "Barrio": "", "Localidad": "Usaquen", "Telefono": "", "WhatsApp": "", "Link WhatsApp": "", "Correo electronico": "", "Sitio web": "https://demo-panaderia-28.example.com", "Instagram": "", "Facebook": "https://facebook.com/demopanaderia28", "Presencia digital": "MEDIA", "Score Contacto": 60, "Prioridad": "MEDIA", "Fuente": "OpenStreetMap", "Distancia aprox. (km)": 14.26}}, {"type": "Feature", "geometry": {"type": "Point", "coordinates": [-74.044656, 4.733588]}, "properties": {"ID": "GYX-A28C8B87FF", "Nombre del negocio": "DEMO Panaderia Usaquen 388", "Categoria": "Panaderia", "Grupo": "Alimentacion", "Direccion": "Calle 139 Sur #92-53", "Barrio": "", "Localidad": "Usaquen", "Telefono": "", "WhatsApp": "", "Link WhatsApp": "", "Correo electronico": "", "Sitio web": "https://demo-panaderia-388.example.com", "Instagram": "", "Facebook": "", "Presencia digital": "MEDIA", "Score Contacto": 60, "Prioridad": "MEDIA", "Fuente": "OpenStreetMap", "Distancia aprox. (km)": 15.46}}, {"type": "Feature", "geometry": {"type": "Point", "coordinates": [-74.034166, 4.738866]}, "properties": {"ID": "GYX-B6897E5B2E", "Nombre del negocio": "DEMO Ropa Usaquen 018", "Categoria": "Tienda de ropa", "Grupo": "Comercio", "Direccion": "Calle 103 Sur #96-20", "Barrio": "", "Localidad": "Usaquen", "Telefono": "", "WhatsApp": "", "Link WhatsApp": "", "Correo electronico": "", "Sitio web": "https://demo-ropa-18.example.com", "Instagram": "https://instagram.com/demoropa18", "Facebook": "", "Presencia digital": "MEDIA", "Score Contacto": 60, "Prioridad": "MEDIA", "Fuente": "OpenStreetMap", "Distancia aprox. (km)": 16.32}}, {"type": "Feature", "geometry": {"type": "Point", "coordinates": [-74.040962, 4.718099]}, "properties": {"ID": "GYX-032BD4E612", "Nombre del negocio": "DEMO Ropa Usaquen 098", "Categoria": "Tienda de ropa", "Grupo": "Comercio", "Direccion": "Calle 27 Sur #34-39", "Barrio": "", "Localidad": "Usaquen", "Telefono": "", "WhatsApp": "", "Link WhatsApp": "", "Correo electronico": "", "Sitio web": "https://demo-ropa-98.example.com", "Instagram": "", "Facebook": "", "Presencia digital": "MEDIA", "Score Contacto": 60, "Prioridad": "MEDIA", "Fuente": "OpenStreetMap", "Distancia aprox. (km)": 13.89}}, {"type": "Feature", "geometry": {"type": "Point", "coordinates": [-74.031422, 4.703744]}, "properties": {"ID": "GYX-C6F63E23E5", "Nombre del negocio": "DEMO Ropa Usaquen 278", "Categoria": "Tienda de ropa", "Grupo": "Comercio", "Direccion": "Calle 48 Sur #56-52", "Barrio": "", "Localidad": "Chapinero", "Telefono": "", "WhatsApp": "", "Link WhatsApp": "", "Correo electronico": "", "Sitio web": "https://demo-ropa-278.example.com", "Instagram": "", "Facebook": "", "Presencia digital": "MEDIA", "Score Contacto": 60, "Prioridad": "MEDIA", "Fuente": "OpenStreetMap", "Distancia aprox. (km)": 12.74}}, {"type": "Feature", "geometry": {"type": "Point", "coordinates": [-74.025734, 4.732469]}, "properties": {"ID": "GYX-787961735E", "Nombre del negocio": "DEMO Ropa Usaquen 358", "Categoria": "Tienda de ropa", "Grupo": "Comercio", "Direccion": "Calle 122 Sur #72-80", "Barrio": "", "Localidad": "Usaquen", "Telefono": "", "WhatsApp": "", "Link WhatsApp": "", "Correo electronico": "", "Sitio web": "https://demo-ropa-358.example.com", "Instagram": "", "Facebook": "", "Presencia digital": "MEDIA", "Score Contacto": 60, "Prioridad": "MEDIA", "Fuente": "OpenStreetMap", "Distancia aprox. (km)": 15.94}}, {"type": "Feature", "geometry": {"type": "Point", "coordinates": [-74.093286, 4.685831]}, "properties": {"ID": "GYX-4213CB11C1", "Nombre del negocio": "DEMO Papeleria Engativa 275", "Categoria": "Papeleria", "Grupo": "Comercio", "Direccion": "Calle 53 Sur #67-22", "Barrio": "", "Localidad": "Barrios Unidos", "Telefono": "", "WhatsApp": "", "Link WhatsApp": "", "Correo electronico": "", "Sitio web": "https://demo-papeleria-275.example.com", "Instagram": "https://instagram.com/demopapeleria275", "Facebook": "https://facebook.com/demopapeleria275", "Presencia digital": "ALTA", "Score Contacto": 60, "Prioridad": "MEDIA", "Fuente": "OpenStreetMap", "Distancia aprox. (km)": 9.95}}, {"type": "Feature", "geometry": {"type": "Point", "coordinates": [-74.125638, 4.609939]}, "properties": {"ID": "GYX-7DC522C976", "Nombre del negocio": "DEMO Floristeria Puente Aranda 056", "Categoria": "Floristeria", "Grupo": "Comercio", "Direccion": "Calle 40 Sur #20-76", "Barrio": "", "Localidad": "Puente Aranda", "Telefono": "", "WhatsApp": "", "Link WhatsApp": "", "Correo electronico": "", "Sitio web": "https://demo-floristeria-56.example.com", "Instagram": "", "Facebook": "", "Presencia digital": "MEDIA", "Score Contacto": 60, "Prioridad": "BAJA", "Fuente": "OpenStreetMap", "Distancia aprox. (km)": 5.68}}, {"type": "Feature", "geometry": {"type": "Point", "coordinates": [-74.108772, 4.638589]}, "properties": {"ID": "GYX-B9CD1AECEB", "Nombre del negocio": "DEMO Floristeria Puente Aranda 316", "Categoria": "Floristeria", "Grupo": "Comercio", "Direccion": "Calle 59 Sur #28-81", "Barrio": "", "Localidad": "Puente Aranda", "Telefono": "", "WhatsApp": "", "Link WhatsApp": "", "Correo electronico": "", "Sitio web": "https://demo-floristeria-316.example.com", "Instagram": "", "Facebook": "", "Presencia digital": "MEDIA", "Score Contacto": 60, "Prioridad": "BAJA", "Fuente": "OpenStreetMap", "Distancia aprox. (km)": 5.8}}, {"type": "Feature", "geometry": {"type": "Point", "coordinates": [-74.199243, 4.615811]}, "properties": {"ID": "GYX-A30345A842", "Nombre del negocio": "DEMO Inmobiliaria Bosa 030", "Categoria": "Inmobiliaria", "Grupo": "Servicios profesionales", "Direccion": "Calle 5 Sur #82-21", "Barrio": "", "Localidad": "Bosa", "Telefono": "", "WhatsApp": "", "Link WhatsApp": "", "Correo electronico": "", "Sitio web": "https://demo-inmobiliaria-30.example.com", "Instagram": "", "Facebook": "https://facebook.com/demoinmobiliaria30", "Presencia digital": "MEDIA", "Score Contacto": 60, "Prioridad": "BAJA", "Fuente": "OpenStreetMap", "Distancia aprox. (km)": 13.82}}, {"type": "Feature", "geometry": {"type": "Point", "coordinates": [-74.119433, 4.606146]}, "properties": {"ID": "GYX-41E29DD242", "Nombre del negocio": "DEMO Restaurante Puente Aranda 286", "Categoria": "Restaurante", "Grupo": "Alimentacion", "Direccion": "Calle 8 Sur #55-60", "Barrio": "", "Localidad": "Puente Aranda", "Telefono": "", "WhatsApp": "", "Link WhatsApp": "", "Correo electronico": "", "Sitio web": "https://demo-restaurante-286.example.com", "Instagram": "", "Facebook": "", "Presencia digital": "MEDIA", "Score Contacto": 60, "Prioridad": "BAJA", "Fuente": "OpenStreetMap", "Distancia aprox. (km)": 4.92}}, {"type": "Feature", "geometry": {"type": "Point", "coordinates": [-74.165586, 4.602582]}, "properties": {"ID": "GYX-A69D7C071B", "Nombre del negocio": "DEMO Contaduria Kennedy 251", "Categoria": "Contaduria", "Grupo": "Servicios profesionales", "Direccion": "Calle 125 Sur #18-77", "Barrio": "", "Localidad": "Bosa", "Telefono": "+57 601 3834668", "WhatsApp": "", "Link WhatsApp": "", "Correo electronico": "", "Sitio web": "", "Instagram": "https://instagram.com/democontaduria251", "Facebook": "", "Presencia digital": "MEDIA", "Score Contacto": 40, "Prioridad": "MEDIA", "Fuente": "OpenStreetMap", "Distancia aprox. (km)": 9.96}}, {"type": "Feature", "geometry": {"type": "Point", "coordinates": [-74.148794, 4.663731]}, "properties": {"ID": "GYX-B4A3EE6780", "Nombre del negocio": "DEMO Estetica Fontibon 184", "Categoria": "Centro estetico", "Grupo": "Belleza", "Direccion": "Calle 24 Sur #22-56", "Barrio": "", "Localidad": "Fontibon", "Telefono": "+57 601 2766089", "WhatsApp": "", "Link WhatsApp": "", "Correo electronico": "", "Sitio web": "", "Instagram": "https://instagram.com/demoestetica184", "Facebook": "", "Presencia digital": "MEDIA", "Score Contacto": 40, "Prioridad": "MEDIA", "Fuente": "OpenStreetMap", "Distancia aprox. (km)": 10.9}}, {"type": "Feature", "geometry": {"type": "Point", "coordinates": [-74.132079, 4.67949]}, "properties": {"ID": "GYX-54080E654E", "Nombre del negocio": "DEMO Estetica Fontibon 224", "Categoria": "Centro estetico", "Grupo": "Belleza", "Direccion": "Calle 126 Sur #6-87", "Barrio": "", "Localidad": "Fontibon", "Telefono": "+57 601 5649992", "WhatsApp": "", "Link WhatsApp": "", "Correo electronico": "", "Sitio web": "", "Instagram": "", "Facebook": "https://facebook.com/demoestetica224", "Presencia digital": "MEDIA", "Score Contacto": 40, "Prioridad": "MEDIA", "Fuente": "OpenStreetMap", "Distancia aprox. (km)": 10.99}}, {"type": "Feature", "geometry": {"type": "Point", "coordinates": [-74.111641, 4.6807]}, "properties": {"ID": "GYX-6EDCE9D37D", "Nombre del negocio": "DEMO Gimnasio Engativa 045", "Categoria": "Gimnasio", "Grupo": "Bienestar", "Direccion": "Calle 130 Sur #58-44", "Barrio": "", "Localidad": "Engativa", "Telefono": "+57 601 4152222", "WhatsApp": "", "Link WhatsApp": "", "Correo electronico": "", "Sitio web": "", "Instagram": "https://instagram.com/demogimnasio45", "Facebook": "", "Presencia digital": "MEDIA", "Score Contacto": 40, "Prioridad": "MEDIA", "Fuente": "OpenStreetMap", "Distancia aprox. (km)": 10.01}}, {"type": "Feature", "geometry": {"type": "Point", "coordinates": [-74.15838, 4.611001]}, "properties": {"ID": "GYX-8500083548", "Nombre del negocio": "DEMO Veterinaria Kennedy 261", "Categoria": "Veterinaria", "Grupo": "Salud", "Direccion": "Calle 115 Sur #89-24", "Barrio": "", "Localidad": "Kennedy", "Telefono": "+57 601 6893859", "WhatsApp": "", "Link WhatsApp": "", "Correo electronico": "", "Sitio web": "", "Instagram": "https://instagram.com/demoveterinaria261", "Facebook": "", "Presencia digital": "MEDIA", "Score Contacto": 40, "Prioridad": "MEDIA", "Fuente": "OpenStreetMap", "Distancia aprox. (km)": 9.26}}, {"type": "Feature", "geometry": {"type": "Point", "coordinates": [-74.093541, 4.763298]}, "properties": {"ID": "GYX-F4B7ADD297", "Nombre del negocio": "DEMO Cafeteria Suba 027", "Categoria": "Cafeteria", "Grupo": "Alimentacion", "Direccion": "Calle 111 Sur #66-61", "Barrio": "", "Localidad": "Suba", "Telefono": "+57 601 4006842", "WhatsApp": "", "Link WhatsApp": "", "Correo electronico": "", "Sitio web": "", "Instagram": "", "Facebook": "https://facebook.com/democafeteria27", "Presencia digital": "MEDIA", "Score Contacto": 40, "Prioridad": "MEDIA", "Fuente": "OpenStreetMap", "Distancia aprox. (km)": 18.47}}, {"type": "Feature", "geometry": {"type": "Point", "coordinates": [-74.085133, 4.764655]}, "properties": {"ID": "GYX-5867B52190", "Nombre del negocio": "DEMO Cafeteria Suba 147", "Categoria": "Cafeteria", "Grupo": "Alimentacion", "Direccion": "Calle 119 Sur #11-29", "Barrio": "", "Localidad": "Suba", "Telefono": "+57 601 2316651", "WhatsApp": "", "Link WhatsApp": "", "Correo electronico": "", "Sitio web": "", "Instagram": "", "Facebook": "https://facebook.com/democafeteria147", "Presencia digital": "MEDIA", "Score Contacto": 40, "Prioridad": "MEDIA", "Fuente": "OpenStreetMap", "Distancia aprox. (km)": 18.55}}, {"type": "Feature", "geometry": {"type": "Point", "coordinates": [-74.066654, 4.637229]}, "properties": {"ID": "GYX-364945DC13", "Nombre del negocio": "DEMO Consultorio Chapinero 149", "Categoria": "Consultorio medico", "Grupo": "Salud", "Direccion": "Calle 14 Sur #5-81", "Barrio": "", "Localidad": "Teusaquillo", "Telefono": "+57 601 6698976", "WhatsApp": "", "Link WhatsApp": "", "Correo electronico": "", "Sitio web": "", "Instagram": "", "Facebook": "https://facebook.com/democonsultorio149", "Presencia digital": "MEDIA", "Score Contacto": 40, "Prioridad": "MEDIA", "Fuente": "OpenStreetMap", "Distancia aprox. (km)": 4.47}}, {"type": "Feature", "geometry": {"type": "Point", "coordinates": [-74.046846, 4.657383]}, "properties": {"ID": "GYX-7E47793BAD", "Nombre del negocio": "DEMO Consultorio Chapinero 189", "Categoria": "Consultorio medico", "Grupo": "Salud", "Direccion": "Calle 37 Sur #92-40", "Barrio": "", "Localidad": "Chapinero", "Telefono": "+57 601 3731538", "WhatsApp": "", "Link WhatsApp": "", "Correo electronico": "", "Sitio web": "", "Instagram": "https://instagram.com/democonsultorio189", "Facebook": "", "Presencia digital": "MEDIA", "Score Contacto": 40, "Prioridad": "MEDIA", "Fuente": "OpenStreetMap", "Distancia aprox. (km)": 7.33}}, {"type": "Feature", "geometry": {"type": "Point", "coordinates": [-74.075473, 4.74661]}, "properties": {"ID": "GYX-A077FCE0AE", "Nombre del negocio": "DEMO Minimercado Suba 097", "Categoria": "Minimercado", "Grupo": "Comercio", "Direccion": "Calle 131 Sur #40-18", "Barrio": "", "Localidad": "Suba", "Telefono": "+57 601 2498830", "WhatsApp": "", "Link WhatsApp": "", "Correo electronico": "", "Sitio web": "", "Instagram": "https://instagram.com/demominimercado97", "Facebook": "", "Presencia digital": "MEDIA", "Score Contacto": 40, "Prioridad": "MEDIA", "Fuente": "OpenStreetMap", "Distancia aprox. (km)": 16.51}}, {"type": "Feature", "geometry": {"type": "Point", "coordinates": [-74.011683, 4.709168]}, "properties": {"ID": "GYX-B6420B94DB", "Nombre del negocio": "DEMO Panaderia Usaquen 228", "Categoria": "Panaderia", "Grupo": "Alimentacion", "Direccion": "Calle 133 Sur #10-56", "Barrio": "", "Localidad": "Chapinero", "Telefono": "+57 601 4216099", "WhatsApp": "", "Link WhatsApp": "", "Correo electronico": "", "Sitio web": "", "Instagram": "", "Facebook": "https://facebook.com/demopanaderia228", "Presencia digital": "MEDIA", "Score Contacto": 40, "Prioridad": "MEDIA", "Fuente": "OpenStreetMap", "Distancia aprox. (km)": 14.25}}, {"type": "Feature", "geometry": {"type": "Point", "coordinates": [-74.026837, 4.705877]}, "properties": {"ID": "GYX-B855E866C9", "Nombre del negocio": "DEMO Ropa Usaquen 218", "Categoria": "Tienda de ropa", "Grupo": "Comercio", "Direccion": "Calle 143 Sur #75-63", "Barrio": "", "Localidad": "Chapinero", "Telefono": "+57 601 4468231", "WhatsApp": "", "Link WhatsApp": "", "Correo electronico": "", "Sitio web": "", "Instagram": "https://instagram.com/demoropa218", "Facebook": "", "Presencia digital": "MEDIA", "Score Contacto": 40, "Prioridad": "MEDIA", "Fuente": "OpenStreetMap", "Distancia aprox. (km)": 13.16}}, {"type": "Feature", "geometry": {"type": "Point", "coordinates": [-74.014952, 4.71274]}, "properties": {"ID": "GYX-86A33C7B41", "Nombre del negocio": "DEMO Ropa Usaquen 298", "Categoria": "Tienda de ropa", "Grupo": "Comercio", "Direccion": "Calle 156 Sur #25-30", "Barrio": "", "Localidad": "Usaquen", "Telefono": "+57 601 2091005", "WhatsApp": "", "Link WhatsApp": "", "Correo electronico": "", "Sitio web": "", "Instagram": "https://instagram.com/demoropa298", "Facebook": "", "Presencia digital": "MEDIA", "Score Contacto": 40, "Prioridad": "MEDIA", "Fuente": "OpenStreetMap", "Distancia aprox. (km)": 14.42}}, {"type": "Feature", "geometry": {"type": "Point", "coordinates": [-74.161034, 4.534091]}, "properties": {"ID": "GYX-F3E95F2B98", "Nombre del negocio": "DEMO Abogados Ciudad Bolivar 012", "Categoria": "Abogados", "Grupo": "Servicios profesionales", "Direccion": "Calle 30 Sur #63-69", "Barrio": "", "Localidad": "Ciudad Bolivar", "Telefono": "", "WhatsApp": "", "Link WhatsApp": "", "Correo electronico": "", "Sitio web": "", "Instagram": "https://instagram.com/demoabogados12", "Facebook": "", "Presencia digital": "MEDIA", "Score Contacto": 40, "Prioridad": "BAJA", "Fuente": "OpenStreetMap", "Distancia aprox. (km)": 11.83}}, {"type": "Feature", "geometry": {"type": "Point", "coordinates": [-74.156228, 4.514815]}, "properties": {"ID": "GYX-635769F7FC", "Nombre del negocio": "DEMO Abogados Ciudad Bolivar 172", "Categoria": "Abogados", "Grupo": "Servicios profesionales", "Direccion": "Calle 132 Sur #35-20", "Barrio": "", "Localidad": "Ciudad Bolivar", "Telefono": "", "WhatsApp": "", "Link WhatsApp": "", "Correo electronico": "", "Sitio web": "", "Instagram": "https://instagram.com/demoabogados172", "Facebook": "", "Presencia digital": "MEDIA", "Score Contacto": 40, "Prioridad": "BAJA", "Fuente": "OpenStreetMap", "Distancia aprox. (km)": 12.85}}, {"type": "Feature", "geometry": {"type": "Point", "coordinates": [-74.16633, 4.547218]}, "properties": {"ID": "GYX-19802505CC", "Nombre del negocio": "DEMO Abogados Ciudad Bolivar 272", "Categoria": "Abogados", "Grupo": "Servicios profesionales", "Direccion": "Calle 117 Sur #91-81", "Barrio": "", "Localidad": "Ciudad Bolivar", "Telefono": "", "WhatsApp": "", "Link WhatsApp": "", "Correo electronico": "", "Sitio web": "", "Instagram": "https://instagram.com/demoabogados272", "Facebook": "https://facebook.com/demoabogados272", "Presencia digital": "MEDIA", "Score Contacto": 40, "Prioridad": "BAJA", "Fuente": "OpenStreetMap", "Distancia aprox. (km)": 11.52}}, {"type": "Feature", "geometry": {"type": "Point", "coordinates": [-74.146993, 4.527413]}, "properties": {"ID": "GYX-ED0F12300C", "Nombre del negocio": "DEMO Abogados Ciudad Bolivar 292", "Categoria": "Abogados", "Grupo": "Servicios profesionales", "Direccion": "Calle 132 Sur #39-85", "Barrio": "", "Localidad": "Ciudad Bolivar", "Telefono": "", "WhatsApp": "", "Link WhatsApp": "", "Correo electronico": "", "Sitio web": "", "Instagram": "https://instagram.com/demoabogados292", "Facebook": "", "Presencia digital": "MEDIA", "Score Contacto": 40, "Prioridad": "BAJA", "Fuente": "OpenStreetMap", "Distancia aprox. (km)": 11.14}}, {"type": "Feature", "geometry": {"type": "Point", "coordinates": [-74.167539, 4.539349]}, "properties": {"ID": "GYX-BEAF158DA1", "Nombre del negocio": "DEMO Abogados Ciudad Bolivar 392", "Categoria": "Abogados", "Grupo": "Servicios profesionales", "Direccion": "Calle 91 Sur #74-23", "Barrio": "", "Localidad": "Ciudad Bolivar", "Telefono": "", "WhatsApp": "", "Link WhatsApp": "", "Correo electronico": "", "Sitio web": "", "Instagram": "", "Facebook": "https://facebook.com/demoabogados392", "Presencia digital": "MEDIA", "Score Contacto": 40, "Prioridad": "BAJA", "Fuente": "OpenStreetMap", "Distancia aprox. (km)": 12.09}}, {"type": "Feature", "geometry": {"type": "Point", "coordinates": [-74.169991, 4.602103]}, "properties": {"ID": "GYX-CC2C8EC3AE", "Nombre del negocio": "DEMO Contaduria Kennedy 011", "Categoria": "Contaduria", "Grupo": "Servicios profesionales", "Direccion": "Calle 39 Sur #69-22", "Barrio": "", "Localidad": "Bosa", "Telefono": "", "WhatsApp": "", "Link WhatsApp": "", "Correo electronico": "", "Sitio web": "", "Instagram": "https://instagram.com/democontaduria11", "Facebook": "", "Presencia digital": "MEDIA", "Score Contacto": 40, "Prioridad": "BAJA", "Fuente": "OpenStreetMap", "Distancia aprox. (km)": 10.45}}, {"type": "Feature", "geometry": {"type": "Point", "coordinates": [-74.159766, 4.601545]}, "properties": {"ID": "GYX-8375C8EBF6", "Nombre del negocio": "DEMO Contaduria Kennedy 151", "Categoria": "Contaduria", "Grupo": "Servicios profesionales", "Direccion": "Calle 91 Sur #8-80", "Barrio": "", "Localidad": "Kennedy", "Telefono": "", "WhatsApp": "", "Link WhatsApp": "", "Correo electronico": "", "Sitio web": "", "Instagram": "https://instagram.com/democontaduria151", "Facebook": "", "Presencia digital": "MEDIA", "Score Contacto": 40, "Prioridad": "BAJA", "Fuente": "OpenStreetMap", "Distancia aprox. (km)": 9.31}}, {"type": "Feature", "geometry": {"type": "Point", "coordinates": [-74.156292, 4.689298]}, "properties": {"ID": "GYX-7155BB27C4", "Nombre del negocio": "DEMO Drogueria Fontibon 034", "Categoria": "Drogueria", "Grupo": "Salud", "Direccion": "Calle 163 Sur #18-61", "Barrio": "", "Localidad": "Fontibon", "Telefono": "", "WhatsApp": "", "Link WhatsApp": "", "Correo electronico": "", "Sitio web": "", "Instagram": "", "Facebook": "https://facebook.com/demodrogueria34", "Presencia digital": "MEDIA", "Score Contacto": 40, "Prioridad": "BAJA", "Fuente": "OpenStreetMap", "Distancia aprox. (km)": 13.51}}, {"type": "Feature", "geometry": {"type": "Point", "coordinates": [-74.139966, 4.668293]}, "properties": {"ID": "GYX-3C9110C53F", "Nombre del negocio": "DEMO Drogueria Fontibon 374", "Categoria": "Drogueria", "Grupo": "Salud", "Direccion": "Calle 129 Sur #55-76", "Barrio": "", "Localidad": "Fontibon", "Telefono": "", "WhatsApp": "", "Link WhatsApp": "", "Correo electronico": "", "Sitio web": "", "Instagram": "https://instagram.com/demodrogueria374", "Facebook": "", "Presencia digital": "MEDIA", "Score Contacto": 40, "Prioridad": "BAJA", "Fuente": "OpenStreetMap", "Distancia aprox. (km)": 10.56}}, {"type": "Feature", "geometry": {"type": "Point", "coordinates": [-74.131675, 4.55835]}, "properties": {"ID": "GYX-B2538B97BE", "Nombre del negocio": "DEMO Ferreteria Tunjuelito 333", "Categoria": "Ferreteria", "Grupo": "Comercio", "Direccion": "Calle 54 Sur #86-64", "Barrio": "", "Localidad": "Tunjuelito", "Telefono": "", "WhatsApp": "", "Link WhatsApp": "", "Correo electronico": "", "Sitio web": "", "Instagram": "https://instagram.com/demoferreteria333", "Facebook": "", "Presencia digital": "MEDIA", "Score Contacto": 40, "Prioridad": "BAJA", "Fuente": "OpenStreetMap", "Distancia aprox. (km)": 7.61}}, {"type": "Feature", "geometry": {"type": "Point", "coordinates": [-74.139619, 4.560293]}, "properties": {"ID": "GYX-213C5088BB", "Nombre del negocio": "DEMO Ferreteria Tunjuelito 353", "Categoria": "Ferreteria", "Grupo": "Comercio", "Direccion": "Calle 161 Sur #84-75", "Barrio": "", "Localidad": "Tunjuelito", "Telefono": "", "WhatsApp": "", "Link WhatsApp": "", "Correo electronico": "", "Sitio web": "", "Instagram": "", "Facebook": "https://facebook.com/demoferreteria353", "Presencia digital": "MEDIA", "Score Contacto": 40, "Prioridad": "BAJA", "Fuente": "OpenStreetMap", "Distancia aprox. (km)": 8.23}}, {"type": "Feature", "geometry": {"type": "Point", "coordinates": [-74.141263, 4.568087]}, "properties": {"ID": "GYX-F639A4F33D", "Nombre del negocio": "DEMO Ferreteria Tunjuelito 373", "Categoria": "Ferreteria", "Grupo": "Comercio", "Direccion": "Calle 60 Sur #80-21", "Barrio": "", "Localidad": "Tunjuelito", "Telefono": "", "WhatsApp": "", "Link WhatsApp": "", "Correo electronico": "", "Sitio web": "", "Instagram": "", "Facebook": "https://facebook.com/demoferreteria373", "Presencia digital": "MEDIA", "Score Contacto": 40, "Prioridad": "BAJA", "Fuente": "OpenStreetMap", "Distancia aprox. (km)": 7.99}}, {"type": "Feature", "geometry": {"type": "Point", "coordinates": [-74.104971, 4.621388]}, "properties": {"ID": "GYX-96D200C570", "Nombre del negocio": "DEMO Floristeria Puente Aranda 216", "Categoria": "Floristeria", "Grupo": "Comercio", "Direccion": "Calle 40 Sur #52-87", "Barrio": "", "Localidad": "Puente Aranda", "Telefono": "", "WhatsApp": "", "Link WhatsApp": "", "Correo electronico": "", "Sitio web": "", "Instagram": "https://instagram.com/demofloristeria216", "Facebook": "", "Presencia digital": "MEDIA", "Score Contacto": 40, "Prioridad": "BAJA", "Fuente": "OpenStreetMap", "Distancia aprox. (km)": 4.14}}, {"type": "Feature", "geometry": {"type": "Point", "coordinates": [-74.09923, 4.716413]}, "properties": {"ID": "GYX-0FD55E4E98", "Nombre del negocio": "DEMO Gimnasio Engativa 105", "Categoria": "Gimnasio", "Grupo": "Bienestar", "Direccion": "Calle 155 Sur #65-70", "Barrio": "", "Localidad": "Engativa", "Telefono": "", "WhatsApp": "", "Link WhatsApp": "", "Correo electronico": "", "Sitio web": "", "Instagram": "https://instagram.com/demogimnasio105", "Facebook": "", "Presencia digital": "MEDIA", "Score Contacto": 40, "Prioridad": "BAJA", "Fuente": "OpenStreetMap", "Distancia aprox. (km)": 13.41}}, {"type": "Feature", "geometry": {"type": "Point", "coordinates": [-74.129149, 4.707757]}, "properties": {"ID": "GYX-B750FECC98", "Nombre del negocio": "DEMO Gimnasio Engativa 225", "Categoria": "Gimnasio", "Grupo": "Bienestar", "Direccion": "Calle 149 Sur #57-24", "Barrio": "", "Localidad": "Engativa", "Telefono": "", "WhatsApp": "", "Link WhatsApp": "", "Correo electronico": "", "Sitio web": "", "Instagram": "https://instagram.com/demogimnasio225", "Facebook": "", "Presencia digital": "MEDIA", "Score Contacto": 40, "Prioridad": "BAJA", "Fuente": "OpenStreetMap", "Distancia aprox. (km)": 13.55}}, {"type": "Feature", "geometry": {"type": "Point", "coordinates": [-74.090892, 4.704742]}, "properties": {"ID": "GYX-E9EF3C81B5", "Nombre del negocio": "DEMO Gimnasio Engativa 265", "Categoria": "Gimnasio", "Grupo": "Bienestar", "Direccion": "Calle 149 Sur #48-18", "Barrio": "", "Localidad": "Engativa", "Telefono": "", "WhatsApp": "", "Link WhatsApp": "", "Correo electronico": "", "Sitio web": "", "Instagram": "https://instagram.com/demogimnasio265", "Facebook": "", "Presencia digital": "MEDIA", "Score Contacto": 40, "Prioridad": "BAJA", "Fuente": "OpenStreetMap", "Distancia aprox. (km)": 11.98}}, {"type": "Feature", "geometry": {"type": "Point", "coordinates": [-74.102695, 4.713947]}, "properties": {"ID": "GYX-33AEF452F2", "Nombre del negocio": "DEMO Gimnasio Engativa 385", "Categoria": "Gimnasio", "Grupo": "Bienestar", "Direccion": "Calle 169 Sur #54-17", "Barrio": "", "Localidad": "Engativa", "Telefono": "", "WhatsApp": "", "Link WhatsApp": "", "Correo electronico": "", "Sitio web": "", "Instagram": "", "Facebook": "https://facebook.com/demogimnasio385", "Presencia digital": "MEDIA", "Score Contacto": 40, "Prioridad": "BAJA", "Fuente": "OpenStreetMap", "Distancia aprox. (km)": 13.22}}, {"type": "Feature", "geometry": {"type": "Point", "coordinates": [-74.175019, 4.611199]}, "properties": {"ID": "GYX-8779486662", "Nombre del negocio": "DEMO Inmobiliaria Bosa 010", "Categoria": "Inmobiliaria", "Grupo": "Servicios profesionales", "Direccion": "Calle 144 Sur #51-60", "Barrio": "", "Localidad": "Bosa", "Telefono": "+57 601 3068889", "WhatsApp": "", "Link WhatsApp": "", "Correo electronico": "", "Sitio web": "", "Instagram": "https://instagram.com/demoinmobiliaria10", "Facebook": "https://facebook.com/demoinmobiliaria10", "Presencia digital": "MEDIA", "Score Contacto": 40, "Prioridad": "BAJA", "Fuente": "OpenStreetMap", "Distancia aprox. (km)": 11.09}}, {"type": "Feature", "geometry": {"type": "Point", "coordinates": [-74.194623, 4.585746]}, "properties": {"ID": "GYX-EDDB325BBD", "Nombre del negocio": "DEMO Inmobiliaria Bosa 230", "Categoria": "Inmobiliaria", "Grupo": "Servicios profesionales", "Direccion": "Calle 17 Sur #65-43", "Barrio": "", "Localidad": "Bosa", "Telefono": "+57 601 7879653", "WhatsApp": "", "Link WhatsApp": "", "Correo electronico": "", "Sitio web": "", "Instagram": "https://instagram.com/demoinmobiliaria230", "Facebook": "", "Presencia digital": "MEDIA", "Score Contacto": 40, "Prioridad": "BAJA", "Fuente": "OpenStreetMap", "Distancia aprox. (km)": 13.24}}, {"type": "Feature", "geometry": {"type": "Point", "coordinates": [-74.191283, 4.581653]}, "properties": {"ID": "GYX-7D2EA0969F", "Nombre del negocio": "DEMO Inmobiliaria Bosa 330", "Categoria": "Inmobiliaria", "Grupo": "Servicios profesionales", "Direccion": "Calle 123 Sur #97-23", "Barrio": "", "Localidad": "Bosa", "Telefono": "", "WhatsApp": "", "Link WhatsApp": "", "Correo electronico": "", "Sitio web": "", "Instagram": "https://instagram.com/demoinmobiliaria330", "Facebook": "", "Presencia digital": "MEDIA", "Score Contacto": 40, "Prioridad": "BAJA", "Fuente": "OpenStreetMap", "Distancia aprox. (km)": 12.93}}, {"type": "Feature", "geometry": {"type": "Point", "coordinates": [-74.201953, 4.610933]}, "properties": {"ID": "GYX-6E4E182595", "Nombre del negocio": "DEMO Odontologia Bosa 320", "Categoria": "Odontologia", "Grupo": "Salud", "Direccion": "Calle 180 Sur #38-12", "Barrio": "", "Localidad": "Bosa", "Telefono": "", "WhatsApp": "", "Link WhatsApp": "", "Correo electronico": "", "Sitio web": "", "Instagram": "", "Facebook": "https://facebook.com/demoodontologia320", "Presencia digital": "MEDIA", "Score Contacto": 40, "Prioridad": "BAJA", "Fuente": "OpenStreetMap", "Distancia aprox. (km)": 14.05}}, {"type": "Feature", "geometry": {"type": "Point", "coordinates": [-74.103391, 4.682216]}, "properties": {"ID": "GYX-4B935250BC", "Nombre del negocio": "DEMO Papeleria Engativa 035", "Categoria": "Papeleria", "Grupo": "Comercio", "Direccion": "Calle 98 Sur #65-95", "Barrio": "", "Localidad": "Engativa", "Telefono": "", "WhatsApp": "", "Link WhatsApp": "", "Correo electronico": "", "Sitio web": "", "Instagram": "", "Facebook": "https://facebook.com/demopapeleria35", "Presencia digital": "MEDIA", "Score Contacto": 40, "Prioridad": "BAJA", "Fuente": "OpenStreetMap", "Distancia aprox. (km)": 9.84}}, {"type": "Feature", "geometry": {"type": "Point", "coordinates": [-74.105411, 4.707648]}, "properties": {"ID": "GYX-8C49FCAD00", "Nombre del negocio": "DEMO Papeleria Engativa 375", "Categoria": "Papeleria", "Grupo": "Comercio", "Direccion": "Calle 48 Sur #27-49", "Barrio": "", "Localidad": "Engativa", "Telefono": "", "WhatsApp": "", "Link WhatsApp": "", "Correo electronico": "", "Sitio web": "", "Instagram": "https://instagram.com/demopapeleria375", "Facebook": "https://facebook.com/demopapeleria375", "Presencia digital": "MEDIA", "Score Contacto": 40, "Prioridad": "BAJA", "Fuente": "OpenStreetMap", "Distancia aprox. (km)": 12.62}}, {"type": "Feature", "geometry": {"type": "Point", "coordinates": [-74.147724, 4.525475]}, "properties": {"ID": "GYX-843E6D13C2", "Nombre del negocio": "DEMO Peluqueria Ciudad Bolivar 382", "Categoria": "Peluqueria", "Grupo": "Belleza", "Direccion": "Calle 87 Sur #47-25", "Barrio": "", "Localidad": "Ciudad Bolivar", "Telefono": "", "WhatsApp": "", "Link WhatsApp": "", "Correo electronico": "", "Sitio web": "", "Instagram": "", "Facebook": "https://facebook.com/demopeluqueria382", "Presencia digital": "MEDIA", "Score Contacto": 40, "Prioridad": "BAJA", "Fuente": "OpenStreetMap", "Distancia aprox. (km)": 11.35}}, {"type": "Feature", "geometry": {"type": "Point", "coordinates": [-74.094526, 4.62035]}, "properties": {"ID": "GYX-ADF96319D8", "Nombre del negocio": "DEMO Restaurante Puente Aranda 046", "Categoria": "Restaurante", "Grupo": "Alimentacion", "Direccion": "Calle 94 Sur #30-73", "Barrio": "", "Localidad": "Puente Aranda", "Telefono": "", "WhatsApp": "", "Link WhatsApp": "", "Correo electronico": "", "Sitio web": "", "Instagram": "https://instagram.com/demorestaurante46", "Facebook": "https://facebook.com/demorestaurante46", "Presencia digital": "MEDIA", "Score Contacto": 40, "Prioridad": "BAJA", "Fuente": "OpenStreetMap", "Distancia aprox. (km)": 3.23}}, {"type": "Feature", "geometry": {"type": "Point", "coordinates": [-74.116918, 4.638081]}, "properties": {"ID": "GYX-2F6B0E523C", "Nombre del negocio": "DEMO Restaurante Puente Aranda 386", "Categoria": "Restaurante", "Grupo": "Alimentacion", "Direccion": "Calle 82 Sur #35-56", "Barrio": "", "Localidad": "Puente Aranda", "Telefono": "+57 601 5617462", "WhatsApp": "", "Link WhatsApp": "", "Correo electronico": "", "Sitio web": "", "Instagram": "https://instagram.com/demorestaurante386", "Facebook": "", "Presencia digital": "MEDIA", "Score Contacto": 40, "Prioridad": "BAJA", "Fuente": "OpenStreetMap", "Distancia aprox. (km)": 6.37}}, {"type": "Feature", "geometry": {"type": "Point", "coordinates": [-74.147958, 4.609627]}, "properties": {"ID": "GYX-928CC3C5F3", "Nombre del negocio": "DEMO Veterinaria Kennedy 001", "Categoria": "Veterinaria", "Grupo": "Salud", "Direccion": "Calle 16 Sur #73-25", "Barrio": "", "Localidad": "Kennedy", "Telefono": "", "WhatsApp": "", "Link WhatsApp": "", "Correo electronico": "", "Sitio web": "", "Instagram": "", "Facebook": "https://facebook.com/demoveterinaria1", "Presencia digital": "MEDIA", "Score Contacto": 40, "Prioridad": "BAJA", "Fuente": "OpenStreetMap", "Distancia aprox. (km)": 8.1}}, {"type": "Feature", "geometry": {"type": "Point", "coordinates": [-74.151674, 4.614151]}, "properties": {"ID": "GYX-FCDFE100C0", "Nombre del negocio": "DEMO Veterinaria Kennedy 021", "Categoria": "Veterinaria", "Grupo": "Salud", "Direccion": "Calle 150 Sur #67-63", "Barrio": "", "Localidad": "Kennedy", "Telefono": "", "WhatsApp": "", "Link WhatsApp": "", "Correo electronico": "", "Sitio web": "", "Instagram": "https://instagram.com/demoveterinaria21", "Facebook": "", "Presencia digital": "MEDIA", "Score Contacto": 40, "Prioridad": "BAJA", "Fuente": "OpenStreetMap", "Distancia aprox. (km)": 8.6}}, {"type": "Feature", "geometry": {"type": "Point", "coordinates": [-74.145677, 4.638758]}, "properties": {"ID": "GYX-67901A40D0", "Nombre del negocio": "DEMO Veterinaria Kennedy 181", "Categoria": "Veterinaria", "Grupo": "Salud", "Direccion": "Calle 63 Sur #42-36", "Barrio": "", "Localidad": "Kennedy", "Telefono": "", "WhatsApp": "", "Link WhatsApp": "", "Correo electronico": "", "Sitio web": "", "Instagram": "", "Facebook": "https://facebook.com/demoveterinaria181", "Presencia digital": "MEDIA", "Score Contacto": 40, "Prioridad": "BAJA", "Fuente": "OpenStreetMap", "Distancia aprox. (km)": 8.97}}, {"type": "Feature", "geometry": {"type": "Point", "coordinates": [-74.145429, 4.624424]}, "properties": {"ID": "GYX-1A98F3A345", "Nombre del negocio": "DEMO Veterinaria Kennedy 341", "Categoria": "Veterinaria", "Grupo": "Salud", "Direccion": "Calle 43 Sur #89-46", "Barrio": "", "Localidad": "Kennedy", "Telefono": "", "WhatsApp": "", "Link WhatsApp": "", "Correo electronico": "", "Sitio web": "", "Instagram": "", "Facebook": "https://facebook.com/demoveterinaria341", "Presencia digital": "MEDIA", "Score Contacto": 40, "Prioridad": "BAJA", "Fuente": "OpenStreetMap", "Distancia aprox. (km)": 8.25}}, {"type": "Feature", "geometry": {"type": "Point", "coordinates": [-74.079528, 4.749651]}, "properties": {"ID": "GYX-2D4B36542B", "Nombre del negocio": "DEMO Cafeteria Suba 267", "Categoria": "Cafeteria", "Grupo": "Alimentacion", "Direccion": "Calle 3 Sur #86-39", "Barrio": "", "Localidad": "Suba", "Telefono": "", "WhatsApp": "", "Link WhatsApp": "", "Correo electronico": "", "Sitio web": "", "Instagram": "https://instagram.com/democafeteria267", "Facebook": "", "Presencia digital": "MEDIA", "Score Contacto": 40, "Prioridad": "BAJA", "Fuente": "OpenStreetMap", "Distancia aprox. (km)": 16.86}}, {"type": "Feature", "geometry": {"type": "Point", "coordinates": [-74.079482, 4.760998]}, "properties": {"ID": "GYX-4F512548D7", "Nombre del negocio": "DEMO Cafeteria Suba 287", "Categoria": "Cafeteria", "Grupo": "Alimentacion", "Direccion": "Calle 16 Sur #32-19", "Barrio": "", "Localidad": "Suba", "Telefono": "", "WhatsApp": "", "Link WhatsApp": "", "Correo electronico": "", "Sitio web": "", "Instagram": "https://instagram.com/democafeteria287", "Facebook": "", "Presencia digital": "MEDIA", "Score Contacto": 40, "Prioridad": "BAJA", "Fuente": "OpenStreetMap", "Distancia aprox. (km)": 18.12}}, {"type": "Feature", "geometry": {"type": "Point", "coordinates": [-74.060609, 4.649012]}, "properties": {"ID": "GYX-5EBBEEEBAE", "Nombre del negocio": "DEMO Celulares Chapinero 059", "Categoria": "Tienda especializada", "Grupo": "Comercio", "Direccion": "Calle 64 Sur #4-62", "Barrio": "", "Localidad": "Chapinero", "Telefono": "", "WhatsApp": "", "Link WhatsApp": "", "Correo electronico": "", "Sitio web": "", "Instagram": "https://instagram.com/democelulares59", "Facebook": "", "Presencia digital": "MEDIA", "Score Contacto": 40, "Prioridad": "BAJA", "Fuente": "OpenStreetMap", "Distancia aprox. (km)": 5.91}}, {"type": "Feature", "geometry": {"type": "Point", "coordinates": [-74.039078, 4.644589]}, "properties": {"ID": "GYX-4BFB91E96C", "Nombre del negocio": "DEMO Celulares Chapinero 079", "Categoria": "Tienda especializada", "Grupo": "Comercio", "Direccion": "Calle 34 Sur #2-16", "Barrio": "", "Localidad": "Chapinero", "Telefono": "", "WhatsApp": "", "Link WhatsApp": "", "Correo electronico": "", "Sitio web": "", "Instagram": "", "Facebook": "https://facebook.com/democelulares79", "Presencia digital": "MEDIA", "Score Contacto": 40, "Prioridad": "BAJA", "Fuente": "OpenStreetMap", "Distancia aprox. (km)": 6.58}}, {"type": "Feature", "geometry": {"type": "Point", "coordinates": [-74.030499, 4.652566]}, "properties": {"ID": "GYX-B27245C0CC", "Nombre del negocio": "DEMO Celulares Chapinero 239", "Categoria": "Tienda especializada", "Grupo": "Comercio", "Direccion": "Calle 15 Sur #54-88", "Barrio": "", "Localidad": "Chapinero", "Telefono": "", "WhatsApp": "", "Link WhatsApp": "", "Correo electronico": "", "Sitio web": "", "Instagram": "", "Facebook": "https://facebook.com/democelulares239", "Presencia digital": "MEDIA", "Score Contacto": 40, "Prioridad": "BAJA", "Fuente": "OpenStreetMap", "Distancia aprox. (km)": 7.87}}, {"type": "Feature", "geometry": {"type": "Point", "coordinates": [-74.064135, 4.642995]}, "properties": {"ID": "GYX-26488A9E6D", "Nombre del negocio": "DEMO Consultorio Chapinero 169", "Categoria": "Consultorio medico", "Grupo": "Salud", "Direccion": "Calle 175 Sur #46-41", "Barrio": "", "Localidad": "Chapinero", "Telefono": "", "WhatsApp": "", "Link WhatsApp": "", "Correo electronico": "", "Sitio web": "", "Instagram": "https://instagram.com/democonsultorio169", "Facebook": "", "Presencia digital": "MEDIA", "Score Contacto": 40, "Prioridad": "BAJA", "Fuente": "OpenStreetMap", "Distancia aprox. (km)": 5.16}}, {"type": "Feature", "geometry": {"type": "Point", "coordinates": [-74.068477, 4.662109]}, "properties": {"ID": "GYX-A0CD83C717", "Nombre del negocio": "DEMO Consultorio Chapinero 329", "Categoria": "Consultorio medico", "Grupo": "Salud", "Direccion": "Calle 13 Sur #52-40", "Barrio": "", "Localidad": "Barrios Unidos", "Telefono": "", "WhatsApp": "", "Link WhatsApp": "", "Correo electronico": "", "Sitio web": "", "Instagram": "", "Facebook": "https://facebook.com/democonsultorio329", "Presencia digital": "MEDIA", "Score Contacto": 40, "Prioridad": "BAJA", "Fuente": "OpenStreetMap", "Distancia aprox. (km)": 7.16}}, {"type": "Feature", "geometry": {"type": "Point", "coordinates": [-74.098705, 4.616783]}, "properties": {"ID": "GYX-455A837FB6", "Nombre del negocio": "DEMO Floristeria Puente Aranda 116", "Categoria": "Floristeria", "Grupo": "Comercio", "Direccion": "Calle 162 Sur #21-42", "Barrio": "", "Localidad": "Los Martires", "Telefono": "", "WhatsApp": "", "Link WhatsApp": "", "Correo electronico": "", "Sitio web": "", "Instagram": "https://instagram.com/demofloristeria116", "Facebook": "", "Presencia digital": "MEDIA", "Score Contacto": 40, "Prioridad": "BAJA", "Fuente": "OpenStreetMap", "Distancia aprox. (km)": 3.28}}, {"type": "Feature", "geometry": {"type": "Point", "coordinates": [-74.090275, 4.623755]}, "properties": {"ID": "GYX-242792E0BF", "Nombre del negocio": "DEMO Floristeria Puente Aranda 136", "Categoria": "Floristeria", "Grupo": "Comercio", "Direccion": "Calle 169 Sur #20-70", "Barrio": "", "Localidad": "Teusaquillo", "Telefono": "", "WhatsApp": "", "Link WhatsApp": "", "Correo electronico": "", "Sitio web": "", "Instagram": "https://instagram.com/demofloristeria136", "Facebook": "", "Presencia digital": "MEDIA", "Score Contacto": 40, "Prioridad": "BAJA", "Fuente": "OpenStreetMap", "Distancia aprox. (km)": 3.27}}, {"type": "Feature", "geometry": {"type": "Point", "coordinates": [-74.087024, 4.766476]}, "properties": {"ID": "GYX-CC8916A0DD", "Nombre del negocio": "DEMO Minimercado Suba 277", "Categoria": "Minimercado", "Grupo": "Comercio", "Direccion": "Calle 55 Sur #20-95", "Barrio": "", "Localidad": "Suba", "Telefono": "", "WhatsApp": "", "Link WhatsApp": "", "Correo electronico": "", "Sitio web": "", "Instagram": "https://instagram.com/demominimercado277", "Facebook": "", "Presencia digital": "MEDIA", "Score Contacto": 40, "Prioridad": "BAJA", "Fuente": "OpenStreetMap", "Distancia aprox. (km)": 18.76}}, {"type": "Feature", "geometry": {"type": "Point", "coordinates": [-74.079813, 4.731135]}, "properties": {"ID": "GYX-1D8570A4A6", "Nombre del negocio": "DEMO Minimercado Suba 317", "Categoria": "Minimercado", "Grupo": "Comercio", "Direccion": "Calle 109 Sur #48-18", "Barrio": "", "Localidad": "Suba", "Telefono": "", "WhatsApp": "", "Link WhatsApp": "", "Correo electronico": "", "Sitio web": "", "Instagram": "https://instagram.com/demominimercado317", "Facebook": "", "Presencia digital": "MEDIA", "Score Contacto": 40, "Prioridad": "BAJA", "Fuente": "OpenStreetMap", "Distancia aprox. (km)": 14.8}}, {"type": "Feature", "geometry": {"type": "Point", "coordinates": [-74.031528, 4.732422]}, "properties": {"ID": "GYX-12EAE23C77", "Nombre del negocio": "DEMO Panaderia Usaquen 288", "Categoria": "Panaderia", "Grupo": "Alimentacion", "Direccion": "Calle 47 Sur #2-50", "Barrio": "", "Localidad": "Usaquen", "Telefono": "", "WhatsApp": "", "Link WhatsApp": "", "Correo electronico": "", "Sitio web": "", "Instagram": "", "Facebook": "https://facebook.com/demopanaderia288", "Presencia digital": "MEDIA", "Score Contacto": 40, "Prioridad": "BAJA", "Fuente": "OpenStreetMap", "Distancia aprox. (km)": 15.72}}, {"type": "Feature", "geometry": {"type": "Point", "coordinates": [-74.019494, 4.735465]}, "properties": {"ID": "GYX-37D2EFEC4D", "Nombre del negocio": "DEMO Panaderia Usaquen 348", "Categoria": "Panaderia", "Grupo": "Alimentacion", "Direccion": "Calle 94 Sur #31-92", "Barrio": "", "Localidad": "Usaquen", "Telefono": "", "WhatsApp": "", "Link WhatsApp": "", "Correo electronico": "", "Sitio web": "", "Instagram": "https://instagram.com/demopanaderia348", "Facebook": "https://facebook.com/demopanaderia348", "Presencia digital": "MEDIA", "Score Contacto": 40, "Prioridad": "BAJA", "Fuente": "OpenStreetMap", "Distancia aprox. (km)": 16.5}}, {"type": "Feature", "geometry": {"type": "Point", "coordinates": [-74.017137, 4.710231]}, "properties": {"ID": "GYX-E36DD15D7A", "Nombre del negocio": "DEMO Panaderia Usaquen 368", "Categoria": "Panaderia", "Grupo": "Alimentacion", "Direccion": "Calle 154 Sur #59-95", "Barrio": "", "Localidad": "Chapinero", "Telefono": "", "WhatsApp": "", "Link WhatsApp": "", "Correo electronico": "", "Sitio web": "", "Instagram": "", "Facebook": "https://facebook.com/demopanaderia368", "Presencia digital": "MEDIA", "Score Contacto": 40, "Prioridad": "BAJA", "Fuente": "OpenStreetMap", "Distancia aprox. (km)": 14.06}}, {"type": "Feature", "geometry": {"type": "Point", "coordinates": [-74.154592, 4.530356]}, "properties": {"ID": "GYX-E41DE4B5BB", "Nombre del negocio": "DEMO Abogados Ciudad Bolivar 232", "Categoria": "Abogados", "Grupo": "Servicios profesionales", "Direccion": "Calle 90 Sur #71-61", "Barrio": "", "Localidad": "Ciudad Bolivar", "Telefono": "+57 601 5456295", "WhatsApp": "", "Link WhatsApp": "", "Correo electronico": "", "Sitio web": "", "Instagram": "", "Facebook": "", "Presencia digital": "BAJA", "Score Contacto": 30, "Prioridad": "MEDIA", "Fuente": "OpenStreetMap", "Distancia aprox. (km)": 11.53}}, {"type": "Feature", "geometry": {"type": "Point", "coordinates": [-74.157269, 4.550415]}, "properties": {"ID": "GYX-7856DCB3C6", "Nombre del negocio": "DEMO Barberia Tunjuelito 183", "Categoria": "Barberia", "Grupo": "Belleza", "Direccion": "Calle 59 Sur #13-62", "Barrio": "", "Localidad": "Ciudad Bolivar", "Telefono": "+57 601 6103526", "WhatsApp": "", "Link WhatsApp": "", "Correo electronico": "", "Sitio web": "", "Instagram": "", "Facebook": "", "Presencia digital": "BAJA", "Score Contacto": 30, "Prioridad": "MEDIA", "Fuente": "OpenStreetMap", "Distancia aprox. (km)": 10.47}}, {"type": "Feature", "geometry": {"type": "Point", "coordinates": [-74.136931, 4.622161]}, "properties": {"ID": "GYX-2AFB0E49D6", "Nombre del negocio": "DEMO Contaduria Kennedy 131", "Categoria": "Contaduria", "Grupo": "Servicios profesionales", "Direccion": "Calle 75 Sur #46-73", "Barrio": "", "Localidad": "Kennedy", "Telefono": "+57 601 7155451", "WhatsApp": "", "Link WhatsApp": "", "Correo electronico": "", "Sitio web": "", "Instagram": "", "Facebook": "", "Presencia digital": "BAJA", "Score Contacto": 30, "Prioridad": "MEDIA", "Fuente": "OpenStreetMap", "Distancia aprox. (km)": 7.28}}, {"type": "Feature", "geometry": {"type": "Point", "coordinates": [-74.15295, 4.60797]}, "properties": {"ID": "GYX-1233E55D5B", "Nombre del negocio": "DEMO Contaduria Kennedy 231", "Categoria": "Contaduria", "Grupo": "Servicios profesionales", "Direccion": "Calle 147 Sur #82-22", "Barrio": "", "Localidad": "Kennedy", "Telefono": "+57 601 4884900", "WhatsApp": "", "Link WhatsApp": "", "Correo electronico": "", "Sitio web": "", "Instagram": "", "Facebook": "", "Presencia digital": "BAJA", "Score Contacto": 30, "Prioridad": "MEDIA", "Fuente": "OpenStreetMap", "Distancia aprox. (km)": 8.62}}, {"type": "Feature", "geometry": {"type": "Point", "coordinates": [-74.162148, 4.655195]}, "properties": {"ID": "GYX-6535C09E9D", "Nombre del negocio": "DEMO Drogueria Fontibon 194", "Categoria": "Drogueria", "Grupo": "Salud", "Direccion": "Calle 140 Sur #17-81", "Barrio": "", "Localidad": "Fontibon", "Telefono": "+57 601 4453608", "WhatsApp": "", "Link WhatsApp": "", "Correo electronico": "", "Sitio web": "", "Instagram": "", "Facebook": "", "Presencia digital": "BAJA", "Score Contacto": 30, "Prioridad": "MEDIA", "Fuente": "OpenStreetMap", "Distancia aprox. (km)": 11.48}}, {"type": "Feature", "geometry": {"type": "Point", "coordinates": [-74.157269, 4.665971]}, "properties": {"ID": "GYX-E546B54009", "Nombre del negocio": "DEMO Drogueria Fontibon 254", "Categoria": "Drogueria", "Grupo": "Salud", "Direccion": "Calle 108 Sur #50-29", "Barrio": "", "Localidad": "Fontibon", "Telefono": "+57 601 5947716", "WhatsApp": "", "Link WhatsApp": "", "Correo electronico": "", "Sitio web": "", "Instagram": "", "Facebook": "", "Presencia digital": "BAJA", "Score Contacto": 30, "Prioridad": "MEDIA", "Fuente": "OpenStreetMap", "Distancia aprox. (km)": 11.77}}, {"type": "Feature", "geometry": {"type": "Point", "coordinates": [-74.130654, 4.685254]}, "properties": {"ID": "GYX-2B3EE03558", "Nombre del negocio": "DEMO Drogueria Fontibon 334", "Categoria": "Drogueria", "Grupo": "Salud", "Direccion": "Calle 23 Sur #48-45", "Barrio": "", "Localidad": "Engativa", "Telefono": "+57 601 5023421", "WhatsApp": "", "Link WhatsApp": "", "Correo electronico": "", "Sitio web": "", "Instagram": "", "Facebook": "", "Presencia digital": "BAJA", "Score Contacto": 30, "Prioridad": "MEDIA", "Fuente": "OpenStreetMap", "Distancia aprox. (km)": 11.44}}, {"type": "Feature", "geometry": {"type": "Point", "coordinates": [-74.152203, 4.677581]}, "properties": {"ID": "GYX-6301F41434", "Nombre del negocio": "DEMO Estetica Fontibon 344", "Categoria": "Centro estetico", "Grupo": "Belleza", "Direccion": "Calle 25 Sur #59-53", "Barrio": "", "Localidad": "Fontibon", "Telefono": "+57 601 4101502", "WhatsApp": "", "Link WhatsApp": "", "Correo electronico": "", "Sitio web": "", "Instagram": "", "Facebook": "", "Presencia digital": "BAJA", "Score Contacto": 30, "Prioridad": "MEDIA", "Fuente": "OpenStreetMap", "Distancia aprox. (km)": 12.24}}, {"type": "Feature", "geometry": {"type": "Point", "coordinates": [-74.159108, 4.576124]}, "properties": {"ID": "GYX-DD8B9D3323", "Nombre del negocio": "DEMO Ferreteria Tunjuelito 093", "Categoria": "Ferreteria", "Grupo": "Comercio", "Direccion": "Calle 1 Sur #73-55", "Barrio": "", "Localidad": "Tunjuelito", "Telefono": "+57 601 7356851", "WhatsApp": "", "Link WhatsApp": "", "Correo electronico": "", "Sitio web": "", "Instagram": "", "Facebook": "", "Presencia digital": "BAJA", "Score Contacto": 30, "Prioridad": "MEDIA", "Fuente": "OpenStreetMap", "Distancia aprox. (km)": 9.55}}, {"type": "Feature", "geometry": {"type": "Point", "coordinates": [-74.151786, 4.556032]}, "properties": {"ID": "GYX-4C35DA8BCA", "Nombre del negocio": "DEMO Ferreteria Tunjuelito 233", "Categoria": "Ferreteria", "Grupo": "Comercio", "Direccion": "Calle 172 Sur #59-61", "Barrio": "", "Localidad": "Tunjuelito", "Telefono": "+57 601 7825954", "WhatsApp": "", "Link WhatsApp": "", "Correo electronico": "", "Sitio web": "", "Instagram": "", "Facebook": "", "Presencia digital": "BAJA", "Score Contacto": 30, "Prioridad": "MEDIA", "Fuente": "OpenStreetMap", "Distancia aprox. (km)": 9.63}}, {"type": "Feature", "geometry": {"type": "Point", "coordinates": [-74.137735, 4.566325]}, "properties": {"ID": "GYX-D43B216F30", "Nombre del negocio": "DEMO Ferreteria Tunjuelito 253", "Categoria": "Ferreteria", "Grupo": "Comercio", "Direccion": "Calle 93 Sur #35-11", "Barrio": "", "Localidad": "Tunjuelito", "Telefono": "+57 601 2428434", "WhatsApp": "", "Link WhatsApp": "", "Correo electronico": "", "Sitio web": "", "Instagram": "", "Facebook": "", "Presencia digital": "BAJA", "Score Contacto": 30, "Prioridad": "MEDIA", "Fuente": "OpenStreetMap", "Distancia aprox. (km)": 7.72}}, {"type": "Feature", "geometry": {"type": "Point", "coordinates": [-74.09429, 4.716911]}, "properties": {"ID": "GYX-C7DE32DC27", "Nombre del negocio": "DEMO Gimnasio Engativa 025", "Categoria": "Gimnasio", "Grupo": "Bienestar", "Direccion": "Calle 52 Sur #58-27", "Barrio": "", "Localidad": "Engativa", "Telefono": "+57 601 6018243", "WhatsApp": "", "Link WhatsApp": "", "Correo electronico": "", "Sitio web": "", "Instagram": "", "Facebook": "", "Presencia digital": "BAJA", "Score Contacto": 30, "Prioridad": "MEDIA", "Fuente": "OpenStreetMap", "Distancia aprox. (km)": 13.37}}, {"type": "Feature", "geometry": {"type": "Point", "coordinates": [-74.116111, 4.686722]}, "properties": {"ID": "GYX-6161DFFB4A", "Nombre del negocio": "DEMO Gimnasio Engativa 205", "Categoria": "Gimnasio", "Grupo": "Bienestar", "Direccion": "Calle 24 Sur #26-91", "Barrio": "", "Localidad": "Engativa", "Telefono": "+57 601 3398969", "WhatsApp": "", "Link WhatsApp": "", "Correo electronico": "", "Sitio web": "", "Instagram": "", "Facebook": "", "Presencia digital": "BAJA", "Score Contacto": 30, "Prioridad": "MEDIA", "Fuente": "OpenStreetMap", "Distancia aprox. (km)": 10.82}}, {"type": "Feature", "geometry": {"type": "Point", "coordinates": [-74.172212, 4.609755]}, "properties": {"ID": "GYX-FE14278BB5", "Nombre del negocio": "DEMO Odontologia Bosa 100", "Categoria": "Odontologia", "Grupo": "Salud", "Direccion": "Calle 84 Sur #25-59", "Barrio": "", "Localidad": "Bosa", "Telefono": "+57 601 4447216", "WhatsApp": "", "Link WhatsApp": "", "Correo electronico": "", "Sitio web": "", "Instagram": "", "Facebook": "", "Presencia digital": "BAJA", "Score Contacto": 30, "Prioridad": "MEDIA", "Fuente": "OpenStreetMap", "Distancia aprox. (km)": 10.76}}, {"type": "Feature", "geometry": {"type": "Point", "coordinates": [-74.178825, 4.526841]}, "properties": {"ID": "GYX-03FB13D8E5", "Nombre del negocio": "DEMO Peluqueria Ciudad Bolivar 322", "Categoria": "Peluqueria", "Grupo": "Belleza", "Direccion": "Calle 117 Sur #99-23", "Barrio": "", "Localidad": "Ciudad Bolivar", "Telefono": "+57 601 3576961", "WhatsApp": "", "Link WhatsApp": "", "Correo electronico": "", "Sitio web": "", "Instagram": "", "Facebook": "", "Presencia digital": "BAJA", "Score Contacto": 30, "Prioridad": "MEDIA", "Fuente": "OpenStreetMap", "Distancia aprox. (km)": 13.9}}, {"type": "Feature", "geometry": {"type": "Point", "coordinates": [-74.145126, 4.611196]}, "properties": {"ID": "GYX-46C02CF0D8", "Nombre del negocio": "DEMO Veterinaria Kennedy 141", "Categoria": "Veterinaria", "Grupo": "Salud", "Direccion": "Calle 167 Sur #91-86", "Barrio": "", "Localidad": "Kennedy", "Telefono": "+57 601 2153475", "WhatsApp": "", "Link WhatsApp": "", "Correo electronico": "", "Sitio web": "", "Instagram": "", "Facebook": "", "Presencia digital": "BAJA", "Score Contacto": 30, "Prioridad": "MEDIA", "Fuente": "OpenStreetMap", "Distancia aprox. (km)": 7.82}}, {"type": "Feature", "geometry": {"type": "Point", "coordinates": [-74.080341, 4.749633]}, "properties": {"ID": "GYX-1315D2207D", "Nombre del negocio": "DEMO Cafeteria Suba 107", "Categoria": "Cafeteria", "Grupo": "Alimentacion", "Direccion": "Calle 48 Sur #64-85", "Barrio": "", "Localidad": "Suba", "Telefono": "+57 601 7275269", "WhatsApp": "", "Link WhatsApp": "", "Correo electronico": "", "Sitio web": "", "Instagram": "", "Facebook": "", "Presencia digital": "BAJA", "Score Contacto": 30, "Prioridad": "MEDIA", "Fuente": "OpenStreetMap", "Distancia aprox. (km)": 16.86}}, {"type": "Feature", "geometry": {"type": "Point", "coordinates": [-74.077194, 4.760468]}, "properties": {"ID": "GYX-2A7CEAF19E", "Nombre del negocio": "DEMO Cafeteria Suba 327", "Categoria": "Cafeteria", "Grupo": "Alimentacion", "Direccion": "Calle 14 Sur #61-31", "Barrio": "", "Localidad": "Suba", "Telefono": "+57 601 4458693", "WhatsApp": "", "Link WhatsApp": "", "Correo electronico": "", "Sitio web": "", "Instagram": "", "Facebook": "", "Presencia digital": "BAJA", "Score Contacto": 30, "Prioridad": "MEDIA", "Fuente": "OpenStreetMap", "Distancia aprox. (km)": 18.06}}, {"type": "Feature", "geometry": {"type": "Point", "coordinates": [-74.099295, 4.749268]}, "properties": {"ID": "GYX-E64D5BCAFE", "Nombre del negocio": "DEMO Cafeteria Suba 367", "Categoria": "Cafeteria", "Grupo": "Alimentacion", "Direccion": "Calle 174 Sur #21-60", "Barrio": "", "Localidad": "Suba", "Telefono": "+57 601 4994342", "WhatsApp": "", "Link WhatsApp": "", "Correo electronico": "", "Sitio web": "", "Instagram": "", "Facebook": "", "Presencia digital": "BAJA", "Score Contacto": 30, "Prioridad": "MEDIA", "Fuente": "OpenStreetMap", "Distancia aprox. (km)": 17.01}}, {"type": "Feature", "geometry": {"type": "Point", "coordinates": [-74.042534, 4.665333]}, "properties": {"ID": "GYX-9270C82BED", "Nombre del negocio": "DEMO Celulares Chapinero 139", "Categoria": "Tienda especializada", "Grupo": "Comercio", "Direccion": "Calle 159 Sur #11-59", "Barrio": "", "Localidad": "Chapinero", "Telefono": "+57 601 3698968", "WhatsApp": "", "Link WhatsApp": "", "Correo electronico": "", "Sitio web": "", "Instagram": "", "Facebook": "", "Presencia digital": "BAJA", "Score Contacto": 30, "Prioridad": "MEDIA", "Fuente": "OpenStreetMap", "Distancia aprox. (km)": 8.34}}, {"type": "Feature", "geometry": {"type": "Point", "coordinates": [-74.032254, 4.661583]}, "properties": {"ID": "GYX-BAF4460F5A", "Nombre del negocio": "DEMO Celulares Chapinero 159", "Categoria": "Tienda especializada", "Grupo": "Comercio", "Direccion": "Calle 74 Sur #24-56", "Barrio": "", "Localidad": "Chapinero", "Telefono": "+57 601 6184576", "WhatsApp": "", "Link WhatsApp": "", "Correo electronico": "", "Sitio web": "", "Instagram": "", "Facebook": "", "Presencia digital": "BAJA", "Score Contacto": 30, "Prioridad": "MEDIA", "Fuente": "OpenStreetMap", "Distancia aprox. (km)": 8.55}}, {"type": "Feature", "geometry": {"type": "Point", "coordinates": [-74.041849, 4.631011]}, "properties": {"ID": "GYX-3B4BD42A74", "Nombre del negocio": "DEMO Celulares Chapinero 199", "Categoria": "Tienda especializada", "Grupo": "Comercio", "Direccion": "Calle 119 Sur #32-61", "Barrio": "", "Localidad": "Santa Fe", "Telefono": "+57 601 3003976", "WhatsApp": "", "Link WhatsApp": "", "Correo electronico": "", "Sitio web": "", "Instagram": "", "Facebook": "", "Presencia digital": "BAJA", "Score Contacto": 30, "Prioridad": "MEDIA", "Fuente": "OpenStreetMap", "Distancia aprox. (km)": 5.25}}, {"type": "Feature", "geometry": {"type": "Point", "coordinates": [-74.046743, 4.650888]}, "properties": {"ID": "GYX-C483B2D5EC", "Nombre del negocio": "DEMO Celulares Chapinero 359", "Categoria": "Tienda especializada", "Grupo": "Comercio", "Direccion": "Calle 15 Sur #22-39", "Barrio": "", "Localidad": "Chapinero", "Telefono": "+57 601 2828412", "WhatsApp": "", "Link WhatsApp": "", "Correo electronico": "", "Sitio web": "", "Instagram": "", "Facebook": "", "Presencia digital": "BAJA", "Score Contacto": 30, "Prioridad": "MEDIA", "Fuente": "OpenStreetMap", "Distancia aprox. (km)": 6.7}}, {"type": "Feature", "geometry": {"type": "Point", "coordinates": [-74.054485, 4.653082]}, "properties": {"ID": "GYX-81999E04B6", "Nombre del negocio": "DEMO Consultorio Chapinero 229", "Categoria": "Consultorio medico", "Grupo": "Salud", "Direccion": "Calle 91 Sur #41-10", "Barrio": "", "Localidad": "Chapinero", "Telefono": "+57 601 6956468", "WhatsApp": "", "Link WhatsApp": "", "Correo electronico": "", "Sitio web": "", "Instagram": "", "Facebook": "", "Presencia digital": "BAJA", "Score Contacto": 30, "Prioridad": "MEDIA", "Fuente": "OpenStreetMap", "Distancia aprox. (km)": 6.55}}, {"type": "Feature", "geometry": {"type": "Point", "coordinates": [-74.034175, 4.721025]}, "properties": {"ID": "GYX-2E278B8472", "Nombre del negocio": "DEMO Panaderia Usaquen 168", "Categoria": "Panaderia", "Grupo": "Alimentacion", "Direccion": "Calle 14 Sur #47-53", "Barrio": "", "Localidad": "Usaquen", "Telefono": "+57 601 5438136", "WhatsApp": "", "Link WhatsApp": "", "Correo electronico": "", "Sitio web": "", "Instagram": "", "Facebook": "", "Presencia digital": "BAJA", "Score Contacto": 30, "Prioridad": "MEDIA", "Fuente": "OpenStreetMap", "Distancia aprox. (km)": 14.43}}, {"type": "Feature", "geometry": {"type": "Point", "coordinates": [-74.038457, 4.703518]}, "properties": {"ID": "GYX-2D707930F8", "Nombre del negocio": "DEMO Ropa Usaquen 198", "Categoria": "Tienda de ropa", "Grupo": "Comercio", "Direccion": "Calle 103 Sur #37-55", "Barrio": "", "Localidad": "Chapinero", "Telefono": "+57 601 6753165", "WhatsApp": "", "Link WhatsApp": "", "Correo electronico": "", "Sitio web": "", "Instagram": "", "Facebook": "", "Presencia digital": "BAJA", "Score Contacto": 30, "Prioridad": "MEDIA", "Fuente": "OpenStreetMap", "Distancia aprox. (km)": 12.43}}, {"type": "Feature", "geometry": {"type": "Point", "coordinates": [-74.014729, 4.726668]}, "properties": {"ID": "GYX-2622118797", "Nombre del negocio": "DEMO Ropa Usaquen 318", "Categoria": "Tienda de ropa", "Grupo": "Comercio", "Direccion": "Calle 15 Sur #48-78", "Barrio": "", "Localidad": "Usaquen", "Telefono": "+57 601 4572169", "WhatsApp": "", "Link WhatsApp": "", "Correo electronico": "", "Sitio web": "", "Instagram": "", "Facebook": "", "Presencia digital": "BAJA", "Score Contacto": 30, "Prioridad": "MEDIA", "Fuente": "OpenStreetMap", "Distancia aprox. (km)": 15.82}}, {"type": "Feature", "geometry": {"type": "Point", "coordinates": [-74.185786, 4.607569]}, "properties": {"ID": "GYX-AD28AF20A5", "Nombre del negocio": "DEMO Inmobiliaria Bosa 110", "Categoria": "Inmobiliaria", "Grupo": "Servicios profesionales", "Direccion": "Calle 9 Sur #45-84", "Barrio": "", "Localidad": "Bosa", "Telefono": "+57 601 3598377", "WhatsApp": "", "Link WhatsApp": "", "Correo electronico": "", "Sitio web": "", "Instagram": "", "Facebook": "", "Presencia digital": "BAJA", "Score Contacto": 30, "Prioridad": "BAJA", "Fuente": "OpenStreetMap", "Distancia aprox. (km)": 12.24}}, {"type": "Feature", "geometry": {"type": "Point", "coordinates": [-74.208644, 4.615902]}, "properties": {"ID": "GYX-09447B5004", "Nombre del negocio": "DEMO Inmobiliaria Bosa 130", "Categoria": "Inmobiliaria", "Grupo": "Servicios profesionales", "Direccion": "Calle 107 Sur #81-26", "Barrio": "", "Localidad": "Bosa", "Telefono": "+57 601 5746592", "WhatsApp": "", "Link WhatsApp": "", "Correo electronico": "", "Sitio web": "", "Instagram": "", "Facebook": "", "Presencia digital": "BAJA", "Score Contacto": 30, "Prioridad": "BAJA", "Fuente": "OpenStreetMap", "Distancia aprox. (km)": 14.86}}, {"type": "Feature", "geometry": {"type": "Point", "coordinates": [-74.207813, 4.595426]}, "properties": {"ID": "GYX-B4010245F8", "Nombre del negocio": "DEMO Inmobiliaria Bosa 190", "Categoria": "Inmobiliaria", "Grupo": "Servicios profesionales", "Direccion": "Calle 102 Sur #75-15", "Barrio": "", "Localidad": "Bosa", "Telefono": "+57 601 4445085", "WhatsApp": "", "Link WhatsApp": "", "Correo electronico": "", "Sitio web": "", "Instagram": "", "Facebook": "", "Presencia digital": "BAJA", "Score Contacto": 30, "Prioridad": "BAJA", "Fuente": "OpenStreetMap", "Distancia aprox. (km)": 14.63}}, {"type": "Feature", "geometry": {"type": "Point", "coordinates": [-74.112648, 4.610493]}, "properties": {"ID": "GYX-0F1597EF8C", "Nombre del negocio": "DEMO Restaurante Puente Aranda 246", "Categoria": "Restaurante", "Grupo": "Alimentacion", "Direccion": "Calle 60 Sur #46-36", "Barrio": "", "Localidad": "Puente Aranda", "Telefono": "+57 601 6355565", "WhatsApp": "", "Link WhatsApp": "", "Correo electronico": "", "Sitio web": "", "Instagram": "", "Facebook": "", "Presencia digital": "BAJA", "Score Contacto": 30, "Prioridad": "BAJA", "Fuente": "OpenStreetMap", "Distancia aprox. (km)": 4.31}}, {"type": "Feature", "geometry": {"type": "Point", "coordinates": [-74.092064, 4.600504]}, "properties": {"ID": "GYX-DF0C932FD5", "Nombre del negocio": "DEMO Floristeria Puente Aranda 356", "Categoria": "Floristeria", "Grupo": "Comercio", "Direccion": "Calle 60 Sur #9-71", "Barrio": "", "Localidad": "Los Martires", "Telefono": "+57 601 7034477", "WhatsApp": "", "Link WhatsApp": "", "Correo electronico": "", "Sitio web": "", "Instagram": "", "Facebook": "", "Presencia digital": "BAJA", "Score Contacto": 30, "Prioridad": "BAJA", "Fuente": "OpenStreetMap", "Distancia aprox. (km)": 1.82}}, {"type": "Feature", "geometry": {"type": "Point", "coordinates": [-74.174208, 4.512231]}, "properties": {"ID": "GYX-C6C924E10F", "Nombre del negocio": "DEMO Abogados Ciudad Bolivar 152", "Categoria": "Abogados", "Grupo": "Servicios profesionales", "Direccion": "Calle 2 Sur #26-96", "Barrio": "", "Localidad": "Ciudad Bolivar", "Telefono": "", "WhatsApp": "", "Link WhatsApp": "", "Correo electronico": "", "Sitio web": "", "Instagram": "", "Facebook": "", "Presencia digital": "BAJA", "Score Contacto": 0, "Prioridad": "BAJA", "Fuente": "OpenStreetMap", "Distancia aprox. (km)": 14.5}}, {"type": "Feature", "geometry": {"type": "Point", "coordinates": [-74.173203, 4.513499]}, "properties": {"ID": "GYX-595EE5B189", "Nombre del negocio": "DEMO Abogados Ciudad Bolivar 192", "Categoria": "Abogados", "Grupo": "Servicios profesionales", "Direccion": "Calle 98 Sur #24-10", "Barrio": "", "Localidad": "Ciudad Bolivar", "Telefono": "", "WhatsApp": "", "Link WhatsApp": "", "Correo electronico": "", "Sitio web": "", "Instagram": "", "Facebook": "", "Presencia digital": "BAJA", "Score Contacto": 0, "Prioridad": "BAJA", "Fuente": "OpenStreetMap", "Distancia aprox. (km)": 14.32}}, {"type": "Feature", "geometry": {"type": "Point", "coordinates": [-74.17783, 4.513105]}, "properties": {"ID": "GYX-D399222760", "Nombre del negocio": "DEMO Abogados Ciudad Bolivar 332", "Categoria": "Abogados", "Grupo": "Servicios profesionales", "Direccion": "Calle 140 Sur #79-47", "Barrio": "", "Localidad": "Ciudad Bolivar", "Telefono": "", "WhatsApp": "", "Link WhatsApp": "", "Correo electronico": "", "Sitio web": "", "Instagram": "", "Facebook": "", "Presencia digital": "BAJA", "Score Contacto": 0, "Prioridad": "BAJA", "Fuente": "OpenStreetMap", "Distancia aprox. (km)": 14.74}}, {"type": "Feature", "geometry": {"type": "Point", "coordinates": [-74.137425, 4.578484]}, "properties": {"ID": "GYX-B45B6B4621", "Nombre del negocio": "DEMO Barberia Tunjuelito 003", "Categoria": "Barberia", "Grupo": "Belleza", "Direccion": "Calle 159 Sur #27-73", "Barrio": "", "Localidad": "Tunjuelito", "Telefono": "", "WhatsApp": "", "Link WhatsApp": "", "Correo electronico": "", "Sitio web": "", "Instagram": "", "Facebook": "", "Presencia digital": "BAJA", "Score Contacto": 0, "Prioridad": "BAJA", "Fuente": "OpenStreetMap", "Distancia aprox. (km)": 7.17}}, {"type": "Feature", "geometry": {"type": "Point", "coordinates": [-74.156901, 4.575711]}, "properties": {"ID": "GYX-3AB64A573C", "Nombre del negocio": "DEMO Barberia Tunjuelito 043", "Categoria": "Barberia", "Grupo": "Belleza", "Direccion": "Calle 38 Sur #43-42", "Barrio": "", "Localidad": "Tunjuelito", "Telefono": "", "WhatsApp": "", "Link WhatsApp": "", "Correo electronico": "", "Sitio web": "", "Instagram": "", "Facebook": "", "Presencia digital": "BAJA", "Score Contacto": 0, "Prioridad": "BAJA", "Fuente": "OpenStreetMap", "Distancia aprox. (km)": 9.33}}, {"type": "Feature", "geometry": {"type": "Point", "coordinates": [-74.131519, 4.567986]}, "properties": {"ID": "GYX-EDAB2B9C9D", "Nombre del negocio": "DEMO Barberia Tunjuelito 063", "Categoria": "Barberia", "Grupo": "Belleza", "Direccion": "Calle 81 Sur #94-24", "Barrio": "", "Localidad": "Tunjuelito", "Telefono": "", "WhatsApp": "", "Link WhatsApp": "", "Correo electronico": "", "Sitio web": "", "Instagram": "", "Facebook": "", "Presencia digital": "BAJA", "Score Contacto": 0, "Prioridad": "BAJA", "Fuente": "OpenStreetMap", "Distancia aprox. (km)": 7.03}}, {"type": "Feature", "geometry": {"type": "Point", "coordinates": [-74.152028, 4.580471]}, "properties": {"ID": "GYX-050F86FC14", "Nombre del negocio": "DEMO Barberia Tunjuelito 103", "Categoria": "Barberia", "Grupo": "Belleza", "Direccion": "Calle 137 Sur #86-18", "Barrio": "", "Localidad": "Tunjuelito", "Telefono": "", "WhatsApp": "", "Link WhatsApp": "", "Correo electronico": "", "Sitio web": "", "Instagram": "", "Facebook": "", "Presencia digital": "BAJA", "Score Contacto": 0, "Prioridad": "BAJA", "Fuente": "OpenStreetMap", "Distancia aprox. (km)": 8.67}}, {"type": "Feature", "geometry": {"type": "Point", "coordinates": [-74.157146, 4.588749]}, "properties": {"ID": "GYX-6E0626BB6A", "Nombre del negocio": "DEMO Barberia Tunjuelito 163", "Categoria": "Barberia", "Grupo": "Belleza", "Direccion": "Calle 92 Sur #92-41", "Barrio": "", "Localidad": "Tunjuelito", "Telefono": "", "WhatsApp": "", "Link WhatsApp": "", "Correo electronico": "", "Sitio web": "", "Instagram": "", "Facebook": "", "Presencia digital": "BAJA", "Score Contacto": 0, "Prioridad": "BAJA", "Fuente": "OpenStreetMap", "Distancia aprox. (km)": 9.08}}, {"type": "Feature", "geometry": {"type": "Point", "coordinates": [-74.156403, 4.561247]}, "properties": {"ID": "GYX-204EE27732", "Nombre del negocio": "DEMO Barberia Tunjuelito 203", "Categoria": "Barberia", "Grupo": "Belleza", "Direccion": "Calle 109 Sur #57-53", "Barrio": "", "Localidad": "Tunjuelito", "Telefono": "", "WhatsApp": "", "Link WhatsApp": "", "Correo electronico": "", "Sitio web": "", "Instagram": "", "Facebook": "", "Presencia digital": "BAJA", "Score Contacto": 0, "Prioridad": "BAJA", "Fuente": "OpenStreetMap", "Distancia aprox. (km)": 9.83}}, {"type": "Feature", "geometry": {"type": "Point", "coordinates": [-74.137482, 4.584885]}, "properties": {"ID": "GYX-EFA7BE08E4", "Nombre del negocio": "DEMO Barberia Tunjuelito 223", "Categoria": "Barberia", "Grupo": "Belleza", "Direccion": "Calle 91 Sur #22-56", "Barrio": "", "Localidad": "Tunjuelito", "Telefono": "", "WhatsApp": "", "Link WhatsApp": "", "Correo electronico": "", "Sitio web": "", "Instagram": "", "Facebook": "", "Presencia digital": "BAJA", "Score Contacto": 0, "Prioridad": "BAJA", "Fuente": "OpenStreetMap", "Distancia aprox. (km)": 6.99}}, {"type": "Feature", "geometry": {"type": "Point", "coordinates": [-74.149384, 4.560225]}, "properties": {"ID": "GYX-7895788975", "Nombre del negocio": "DEMO Barberia Tunjuelito 263", "Categoria": "Barberia", "Grupo": "Belleza", "Direccion": "Calle 113 Sur #12-77", "Barrio": "", "Localidad": "Tunjuelito", "Telefono": "", "WhatsApp": "", "Link WhatsApp": "", "Correo electronico": "", "Sitio web": "", "Instagram": "", "Facebook": "", "Presencia digital": "BAJA", "Score Contacto": 0, "Prioridad": "BAJA", "Fuente": "OpenStreetMap", "Distancia aprox. (km)": 9.18}}, {"type": "Feature", "geometry": {"type": "Point", "coordinates": [-74.134048, 4.589126]}, "properties": {"ID": "GYX-85ED5A4C1A", "Nombre del negocio": "DEMO Barberia Tunjuelito 303", "Categoria": "Barberia", "Grupo": "Belleza", "Direccion": "Calle 174 Sur #82-58", "Barrio": "", "Localidad": "Tunjuelito", "Telefono": "", "WhatsApp": "", "Link WhatsApp": "", "Correo electronico": "", "Sitio web": "", "Instagram": "", "Facebook": "", "Presencia digital": "BAJA", "Score Contacto": 0, "Prioridad": "BAJA", "Fuente": "OpenStreetMap", "Distancia aprox. (km)": 6.53}}, {"type": "Feature", "geometry": {"type": "Point", "coordinates": [-74.150941, 4.565469]}, "properties": {"ID": "GYX-885E0A8E34", "Nombre del negocio": "DEMO Barberia Tunjuelito 383", "Categoria": "Barberia", "Grupo": "Belleza", "Direccion": "Calle 48 Sur #78-46", "Barrio": "", "Localidad": "Tunjuelito", "Telefono": "", "WhatsApp": "", "Link WhatsApp": "", "Correo electronico": "", "Sitio web": "", "Instagram": "", "Facebook": "", "Presencia digital": "BAJA", "Score Contacto": 0, "Prioridad": "BAJA", "Fuente": "OpenStreetMap", "Distancia aprox. (km)": 9.08}}, {"type": "Feature", "geometry": {"type": "Point", "coordinates": [-74.139414, 4.61441]}, "properties": {"ID": "GYX-F308EEAAD1", "Nombre del negocio": "DEMO Contaduria Kennedy 091", "Categoria": "Contaduria", "Grupo": "Servicios profesionales", "Direccion": "Calle 114 Sur #30-32", "Barrio": "", "Localidad": "Kennedy", "Telefono": "", "WhatsApp": "", "Link WhatsApp": "", "Correo electronico": "", "Sitio web": "", "Instagram": "", "Facebook": "", "Presencia digital": "BAJA", "Score Contacto": 0, "Prioridad": "BAJA", "Fuente": "OpenStreetMap", "Distancia aprox. (km)": 7.28}}, {"type": "Feature", "geometry": {"type": "Point", "coordinates": [-74.142717, 4.635824]}, "properties": {"ID": "GYX-25486740D8", "Nombre del negocio": "DEMO Contaduria Kennedy 211", "Categoria": "Contaduria", "Grupo": "Servicios profesionales", "Direccion": "Calle 27 Sur #93-49", "Barrio": "", "Localidad": "Kennedy", "Telefono": "", "WhatsApp": "", "Link WhatsApp": "", "Correo electronico": "", "Sitio web": "", "Instagram": "", "Facebook": "", "Presencia digital": "BAJA", "Score Contacto": 0, "Prioridad": "BAJA", "Fuente": "OpenStreetMap", "Distancia aprox. (km)": 8.52}}, {"type": "Feature", "geometry": {"type": "Point", "coordinates": [-74.143091, 4.63863]}, "properties": {"ID": "GYX-AADE1860D8", "Nombre del negocio": "DEMO Contaduria Kennedy 291", "Categoria": "Contaduria", "Grupo": "Servicios profesionales", "Direccion": "Calle 128 Sur #18-43", "Barrio": "", "Localidad": "Kennedy", "Telefono": "", "WhatsApp": "", "Link WhatsApp": "", "Correo electronico": "", "Sitio web": "", "Instagram": "", "Facebook": "", "Presencia digital": "BAJA", "Score Contacto": 0, "Prioridad": "BAJA", "Fuente": "OpenStreetMap", "Distancia aprox. (km)": 8.71}}, {"type": "Feature", "geometry": {"type": "Point", "coordinates": [-74.131728, 4.620392]}, "properties": {"ID": "GYX-52F17F2000", "Nombre del negocio": "DEMO Contaduria Kennedy 331", "Categoria": "Contaduria", "Grupo": "Servicios profesionales", "Direccion": "Calle 98 Sur #1-19", "Barrio": "", "Localidad": "Kennedy", "Telefono": "", "WhatsApp": "", "Link WhatsApp": "", "Correo electronico": "", "Sitio web": "", "Instagram": "", "Facebook": "", "Presencia digital": "BAJA", "Score Contacto": 0, "Prioridad": "BAJA", "Fuente": "OpenStreetMap", "Distancia aprox. (km)": 6.68}}, {"type": "Feature", "geometry": {"type": "Point", "coordinates": [-74.135683, 4.638498]}, "properties": {"ID": "GYX-FC0565C519", "Nombre del negocio": "DEMO Contaduria Kennedy 351", "Categoria": "Contaduria", "Grupo": "Servicios profesionales", "Direccion": "Calle 29 Sur #8-65", "Barrio": "", "Localidad": "Kennedy", "Telefono": "", "WhatsApp": "", "Link WhatsApp": "", "Correo electronico": "", "Sitio web": "", "Instagram": "", "Facebook": "", "Presencia digital": "BAJA", "Score Contacto": 0, "Prioridad": "BAJA", "Fuente": "OpenStreetMap", "Distancia aprox. (km)": 8.01}}, {"type": "Feature", "geometry": {"type": "Point", "coordinates": [-74.135604, 4.602102]}, "properties": {"ID": "GYX-109E0FD77F", "Nombre del negocio": "DEMO Contaduria Kennedy 391", "Categoria": "Contaduria", "Grupo": "Servicios profesionales", "Direccion": "Calle 164 Sur #52-49", "Barrio": "", "Localidad": "Kennedy", "Telefono": "", "WhatsApp": "", "Link WhatsApp": "", "Correo electronico": "", "Sitio web": "", "Instagram": "", "Facebook": "", "Presencia digital": "BAJA", "Score Contacto": 0, "Prioridad": "BAJA", "Fuente": "OpenStreetMap", "Distancia aprox. (km)": 6.64}}, {"type": "Feature", "geometry": {"type": "Point", "coordinates": [-74.13367, 4.670736]}, "properties": {"ID": "GYX-F823A4A6AB", "Nombre del negocio": "DEMO Drogueria Fontibon 014", "Categoria": "Drogueria", "Grupo": "Salud", "Direccion": "Calle 92 Sur #99-38", "Barrio": "", "Localidad": "Fontibon", "Telefono": "", "WhatsApp": "", "Link WhatsApp": "", "Correo electronico": "", "Sitio web": "", "Instagram": "", "Facebook": "", "Presencia digital": "BAJA", "Score Contacto": 0, "Prioridad": "BAJA", "Fuente": "OpenStreetMap", "Distancia aprox. (km)": 10.31}}, {"type": "Feature", "geometry": {"type": "Point", "coordinates": [-74.155594, 4.672971]}, "properties": {"ID": "GYX-D960EDDF49", "Nombre del negocio": "DEMO Drogueria Fontibon 054", "Categoria": "Drogueria", "Grupo": "Salud", "Direccion": "Calle 176 Sur #65-77", "Barrio": "", "Localidad": "Fontibon", "Telefono": "", "WhatsApp": "", "Link WhatsApp": "", "Correo electronico": "", "Sitio web": "", "Instagram": "", "Facebook": "", "Presencia digital": "BAJA", "Score Contacto": 0, "Prioridad": "BAJA", "Fuente": "OpenStreetMap", "Distancia aprox. (km)": 12.15}}, {"type": "Feature", "geometry": {"type": "Point", "coordinates": [-74.131367, 4.676354]}, "properties": {"ID": "GYX-B526514A03", "Nombre del negocio": "DEMO Drogueria Fontibon 234", "Categoria": "Drogueria", "Grupo": "Salud", "Direccion": "Calle 19 Sur #25-84", "Barrio": "", "Localidad": "Fontibon", "Telefono": "", "WhatsApp": "", "Link WhatsApp": "", "Correo electronico": "", "Sitio web": "", "Instagram": "", "Facebook": "", "Presencia digital": "BAJA", "Score Contacto": 0, "Prioridad": "BAJA", "Fuente": "OpenStreetMap", "Distancia aprox. (km)": 10.66}}, {"type": "Feature", "geometry": {"type": "Point", "coordinates": [-74.139044, 4.67507]}, "properties": {"ID": "GYX-590034C0AE", "Nombre del negocio": "DEMO Drogueria Fontibon 294", "Categoria": "Drogueria", "Grupo": "Salud", "Direccion": "Calle 88 Sur #49-61", "Barrio": "", "Localidad": "Fontibon", "Telefono": "", "WhatsApp": "", "Link WhatsApp": "", "Correo electronico": "", "Sitio web": "", "Instagram": "", "Facebook": "", "Presencia digital": "BAJA", "Score Contacto": 0, "Prioridad": "BAJA", "Fuente": "OpenStreetMap", "Distancia aprox. (km)": 11.06}}, {"type": "Feature", "geometry": {"type": "Point", "coordinates": [-74.15542, 4.655572]}, "properties": {"ID": "GYX-0AC108EBC5", "Nombre del negocio": "DEMO Drogueria Fontibon 354", "Categoria": "Drogueria", "Grupo": "Salud", "Direccion": "Calle 100 Sur #42-15", "Barrio": "", "Localidad": "Fontibon", "Telefono": "", "WhatsApp": "", "Link WhatsApp": "", "Correo electronico": "", "Sitio web": "", "Instagram": "", "Facebook": "", "Presencia digital": "BAJA", "Score Contacto": 0, "Prioridad": "BAJA", "Fuente": "OpenStreetMap", "Distancia aprox. (km)": 10.9}}, {"type": "Feature", "geometry": {"type": "Point", "coordinates": [-74.166307, 4.667173]}, "properties": {"ID": "GYX-528A553F69", "Nombre del negocio": "DEMO Drogueria Fontibon 394", "Categoria": "Drogueria", "Grupo": "Salud", "Direccion": "Calle 135 Sur #38-75", "Barrio": "", "Localidad": "Fontibon", "Telefono": "", "WhatsApp": "", "Link WhatsApp": "", "Correo electronico": "", "Sitio web": "", "Instagram": "", "Facebook": "", "Presencia digital": "BAJA", "Score Contacto": 0, "Prioridad": "BAJA", "Fuente": "OpenStreetMap", "Distancia aprox. (km)": 12.63}}, {"type": "Feature", "geometry": {"type": "Point", "coordinates": [-74.149514, 4.670222]}, "properties": {"ID": "GYX-C307877D19", "Nombre del negocio": "DEMO Estetica Fontibon 024", "Categoria": "Centro estetico", "Grupo": "Belleza", "Direccion": "Calle 178 Sur #36-67", "Barrio": "", "Localidad": "Fontibon", "Telefono": "", "WhatsApp": "", "Link WhatsApp": "", "Correo electronico": "", "Sitio web": "", "Instagram": "", "Facebook": "", "Presencia digital": "BAJA", "Score Contacto": 0, "Prioridad": "BAJA", "Fuente": "OpenStreetMap", "Distancia aprox. (km)": 11.45}}, {"type": "Feature", "geometry": {"type": "Point", "coordinates": [-74.152338, 4.678385]}, "properties": {"ID": "GYX-C9AA2F0545", "Nombre del negocio": "DEMO Estetica Fontibon 244", "Categoria": "Centro estetico", "Grupo": "Belleza", "Direccion": "Calle 128 Sur #28-91", "Barrio": "", "Localidad": "Fontibon", "Telefono": "", "WhatsApp": "", "Link WhatsApp": "", "Correo electronico": "", "Sitio web": "", "Instagram": "", "Facebook": "", "Presencia digital": "BAJA", "Score Contacto": 0, "Prioridad": "BAJA", "Fuente": "OpenStreetMap", "Distancia aprox. (km)": 12.31}}, {"type": "Feature", "geometry": {"type": "Point", "coordinates": [-74.152299, 4.651756]}, "properties": {"ID": "GYX-21BA1B8DB6", "Nombre del negocio": "DEMO Estetica Fontibon 264", "Categoria": "Centro estetico", "Grupo": "Belleza", "Direccion": "Calle 94 Sur #6-47", "Barrio": "", "Localidad": "Fontibon", "Telefono": "", "WhatsApp": "", "Link WhatsApp": "", "Correo electronico": "", "Sitio web": "", "Instagram": "", "Facebook": "", "Presencia digital": "BAJA", "Score Contacto": 0, "Prioridad": "BAJA", "Fuente": "OpenStreetMap", "Distancia aprox. (km)": 10.37}}, {"type": "Feature", "geometry": {"type": "Point", "coordinates": [-74.157029, 4.671642]}, "properties": {"ID": "GYX-93DE6F5C8A", "Nombre del negocio": "DEMO Estetica Fontibon 284", "Categoria": "Centro estetico", "Grupo": "Belleza", "Direccion": "Calle 63 Sur #21-82", "Barrio": "", "Localidad": "Fontibon", "Telefono": "", "WhatsApp": "", "Link WhatsApp": "", "Correo electronico": "", "Sitio web": "", "Instagram": "", "Facebook": "", "Presencia digital": "BAJA", "Score Contacto": 0, "Prioridad": "BAJA", "Fuente": "OpenStreetMap", "Distancia aprox. (km)": 12.16}}, {"type": "Feature", "geometry": {"type": "Point", "coordinates": [-74.144099, 4.678365]}, "properties": {"ID": "GYX-8331703B07", "Nombre del negocio": "DEMO Estetica Fontibon 364", "Categoria": "Centro estetico", "Grupo": "Belleza", "Direccion": "Calle 47 Sur #60-51", "Barrio": "", "Localidad": "Fontibon", "Telefono": "", "WhatsApp": "", "Link WhatsApp": "", "Correo electronico": "", "Sitio web": "", "Instagram": "", "Facebook": "", "Presencia digital": "BAJA", "Score Contacto": 0, "Prioridad": "BAJA", "Fuente": "OpenStreetMap", "Distancia aprox. (km)": 11.7}}, {"type": "Feature", "geometry": {"type": "Point", "coordinates": [-74.149478, 4.684697]}, "properties": {"ID": "GYX-FFFBBC2647", "Nombre del negocio": "DEMO Estetica Fontibon 384", "Categoria": "Centro estetico", "Grupo": "Belleza", "Direccion": "Calle 64 Sur #4-42", "Barrio": "", "Localidad": "Fontibon", "Telefono": "", "WhatsApp": "", "Link WhatsApp": "", "Correo electronico": "", "Sitio web": "", "Instagram": "", "Facebook": "", "Presencia digital": "BAJA", "Score Contacto": 0, "Prioridad": "BAJA", "Fuente": "OpenStreetMap", "Distancia aprox. (km)": 12.63}}, {"type": "Feature", "geometry": {"type": "Point", "coordinates": [-74.151791, 4.570653]}, "properties": {"ID": "GYX-853CAC9147", "Nombre del negocio": "DEMO Ferreteria Tunjuelito 013", "Categoria": "Ferreteria", "Grupo": "Comercio", "Direccion": "Calle 136 Sur #47-28", "Barrio": "", "Localidad": "Tunjuelito", "Telefono": "", "WhatsApp": "", "Link WhatsApp": "", "Correo electronico": "", "Sitio web": "", "Instagram": "", "Facebook": "", "Presencia digital": "BAJA", "Score Contacto": 0, "Prioridad": "BAJA", "Fuente": "OpenStreetMap", "Distancia aprox. (km)": 8.96}}, {"type": "Feature", "geometry": {"type": "Point", "coordinates": [-74.150173, 4.570569]}, "properties": {"ID": "GYX-F6FD3D2EBC", "Nombre del negocio": "DEMO Ferreteria Tunjuelito 033", "Categoria": "Ferreteria", "Grupo": "Comercio", "Direccion": "Calle 115 Sur #14-94", "Barrio": "", "Localidad": "Tunjuelito", "Telefono": "", "WhatsApp": "", "Link WhatsApp": "", "Correo electronico": "", "Sitio web": "", "Instagram": "", "Facebook": "", "Presencia digital": "BAJA", "Score Contacto": 0, "Prioridad": "BAJA", "Fuente": "OpenStreetMap", "Distancia aprox. (km)": 8.79}}, {"type": "Feature", "geometry": {"type": "Point", "coordinates": [-74.149666, 4.559565]}, "properties": {"ID": "GYX-531557EEE0", "Nombre del negocio": "DEMO Ferreteria Tunjuelito 053", "Categoria": "Ferreteria", "Grupo": "Comercio", "Direccion": "Calle 146 Sur #26-12", "Barrio": "", "Localidad": "Tunjuelito", "Telefono": "", "WhatsApp": "", "Link WhatsApp": "", "Correo electronico": "", "Sitio web": "", "Instagram": "", "Facebook": "", "Presencia digital": "BAJA", "Score Contacto": 0, "Prioridad": "BAJA", "Fuente": "OpenStreetMap", "Distancia aprox. (km)": 9.24}}, {"type": "Feature", "geometry": {"type": "Point", "coordinates": [-74.144814, 4.564999]}, "properties": {"ID": "GYX-31ECD89F2F", "Nombre del negocio": "DEMO Ferreteria Tunjuelito 153", "Categoria": "Ferreteria", "Grupo": "Comercio", "Direccion": "Calle 113 Sur #31-28", "Barrio": "", "Localidad": "Tunjuelito", "Telefono": "", "WhatsApp": "", "Link WhatsApp": "", "Correo electronico": "", "Sitio web": "", "Instagram": "", "Facebook": "", "Presencia digital": "BAJA", "Score Contacto": 0, "Prioridad": "BAJA", "Fuente": "OpenStreetMap", "Distancia aprox. (km)": 8.49}}, {"type": "Feature", "geometry": {"type": "Point", "coordinates": [-74.154749, 4.585147]}, "properties": {"ID": "GYX-A59E7EBC88", "Nombre del negocio": "DEMO Ferreteria Tunjuelito 313", "Categoria": "Ferreteria", "Grupo": "Comercio", "Direccion": "Calle 99 Sur #79-45", "Barrio": "", "Localidad": "Tunjuelito", "Telefono": "", "WhatsApp": "", "Link WhatsApp": "", "Correo electronico": "", "Sitio web": "", "Instagram": "", "Facebook": "", "Presencia digital": "BAJA", "Score Contacto": 0, "Prioridad": "BAJA", "Fuente": "OpenStreetMap", "Distancia aprox. (km)": 8.87}}, {"type": "Feature", "geometry": {"type": "Point", "coordinates": [-74.120493, 4.61624]}, "properties": {"ID": "GYX-2FF999FD97", "Nombre del negocio": "DEMO Floristeria Puente Aranda 096", "Categoria": "Floristeria", "Grupo": "Comercio", "Direccion": "Calle 15 Sur #14-11", "Barrio": "", "Localidad": "Puente Aranda", "Telefono": "", "WhatsApp": "", "Link WhatsApp": "", "Correo electronico": "", "Sitio web": "", "Instagram": "", "Facebook": "", "Presencia digital": "BAJA", "Score Contacto": 0, "Prioridad": "BAJA", "Fuente": "OpenStreetMap", "Distancia aprox. (km)": 5.35}}, {"type": "Feature", "geometry": {"type": "Point", "coordinates": [-74.12013, 4.616731]}, "properties": {"ID": "GYX-35812D7AED", "Nombre del negocio": "DEMO Floristeria Puente Aranda 156", "Categoria": "Floristeria", "Grupo": "Comercio", "Direccion": "Calle 7 Sur #35-83", "Barrio": "", "Localidad": "Puente Aranda", "Telefono": "", "WhatsApp": "", "Link WhatsApp": "", "Correo electronico": "", "Sitio web": "", "Instagram": "", "Facebook": "", "Presencia digital": "BAJA", "Score Contacto": 0, "Prioridad": "BAJA", "Fuente": "OpenStreetMap", "Distancia aprox. (km)": 5.33}}, {"type": "Feature", "geometry": {"type": "Point", "coordinates": [-74.114485, 4.602481]}, "properties": {"ID": "GYX-77B6120A6A", "Nombre del negocio": "DEMO Floristeria Puente Aranda 176", "Categoria": "Floristeria", "Grupo": "Comercio", "Direccion": "Calle 113 Sur #46-23", "Barrio": "", "Localidad": "Puente Aranda", "Telefono": "", "WhatsApp": "", "Link WhatsApp": "", "Correo electronico": "", "Sitio web": "", "Instagram": "", "Facebook": "", "Presencia digital": "BAJA", "Score Contacto": 0, "Prioridad": "BAJA", "Fuente": "OpenStreetMap", "Distancia aprox. (km)": 4.32}}, {"type": "Feature", "geometry": {"type": "Point", "coordinates": [-74.101922, 4.627248]}, "properties": {"ID": "GYX-B09852E57B", "Nombre del negocio": "DEMO Floristeria Puente Aranda 376", "Categoria": "Floristeria", "Grupo": "Comercio", "Direccion": "Calle 80 Sur #51-50", "Barrio": "", "Localidad": "Puente Aranda", "Telefono": "", "WhatsApp": "", "Link WhatsApp": "", "Correo electronico": "", "Sitio web": "", "Instagram": "", "Facebook": "", "Presencia digital": "BAJA", "Score Contacto": 0, "Prioridad": "BAJA", "Fuente": "OpenStreetMap", "Distancia aprox. (km)": 4.35}}, {"type": "Feature", "geometry": {"type": "Point", "coordinates": [-74.103262, 4.620012]}, "properties": {"ID": "GYX-771E56F4D3", "Nombre del negocio": "DEMO Floristeria Puente Aranda 396", "Categoria": "Floristeria", "Grupo": "Comercio", "Direccion": "Calle 37 Sur #78-58", "Barrio": "", "Localidad": "Puente Aranda", "Telefono": "", "WhatsApp": "", "Link WhatsApp": "", "Correo electronico": "", "Sitio web": "", "Instagram": "", "Facebook": "", "Presencia digital": "BAJA", "Score Contacto": 0, "Prioridad": "BAJA", "Fuente": "OpenStreetMap", "Distancia aprox. (km)": 3.9}}, {"type": "Feature", "geometry": {"type": "Point", "coordinates": [-74.097737, 4.683508]}, "properties": {"ID": "GYX-356D445FB2", "Nombre del negocio": "DEMO Gimnasio Engativa 145", "Categoria": "Gimnasio", "Grupo": "Bienestar", "Direccion": "Calle 17 Sur #30-60", "Barrio": "", "Localidad": "Engativa", "Telefono": "", "WhatsApp": "", "Link WhatsApp": "", "Correo electronico": "", "Sitio web": "", "Instagram": "", "Facebook": "", "Presencia digital": "BAJA", "Score Contacto": 0, "Prioridad": "BAJA", "Fuente": "OpenStreetMap", "Distancia aprox. (km)": 9.8}}, {"type": "Feature", "geometry": {"type": "Point", "coordinates": [-74.091786, 4.702214]}, "properties": {"ID": "GYX-37D88007FE", "Nombre del negocio": "DEMO Gimnasio Engativa 165", "Categoria": "Gimnasio", "Grupo": "Bienestar", "Direccion": "Calle 5 Sur #13-99", "Barrio": "", "Localidad": "Engativa", "Telefono": "", "WhatsApp": "", "Link WhatsApp": "", "Correo electronico": "", "Sitio web": "", "Instagram": "", "Facebook": "", "Presencia digital": "BAJA", "Score Contacto": 0, "Prioridad": "BAJA", "Fuente": "OpenStreetMap", "Distancia aprox. (km)": 11.71}}, {"type": "Feature", "geometry": {"type": "Point", "coordinates": [-74.098785, 4.683442]}, "properties": {"ID": "GYX-CB048EB4AA", "Nombre del negocio": "DEMO Gimnasio Engativa 325", "Categoria": "Gimnasio", "Grupo": "Bienestar", "Direccion": "Calle 53 Sur #74-78", "Barrio": "", "Localidad": "Engativa", "Telefono": "", "WhatsApp": "", "Link WhatsApp": "", "Correo electronico": "", "Sitio web": "", "Instagram": "", "Facebook": "", "Presencia digital": "BAJA", "Score Contacto": 0, "Prioridad": "BAJA", "Fuente": "OpenStreetMap", "Distancia aprox. (km)": 9.83}}, {"type": "Feature", "geometry": {"type": "Point", "coordinates": [-74.1207, 4.716004]}, "properties": {"ID": "GYX-C0AC1FA169", "Nombre del negocio": "DEMO Gimnasio Engativa 365", "Categoria": "Gimnasio", "Grupo": "Bienestar", "Direccion": "Calle 93 Sur #49-94", "Barrio": "", "Localidad": "Engativa", "Telefono": "", "WhatsApp": "", "Link WhatsApp": "", "Correo electronico": "", "Sitio web": "", "Instagram": "", "Facebook": "", "Presencia digital": "BAJA", "Score Contacto": 0, "Prioridad": "BAJA", "Fuente": "OpenStreetMap", "Distancia aprox. (km)": 14.02}}, {"type": "Feature", "geometry": {"type": "Point", "coordinates": [-74.189142, 4.598122]}, "properties": {"ID": "GYX-21493B71CA", "Nombre del negocio": "DEMO Inmobiliaria Bosa 090", "Categoria": "Inmobiliaria", "Grupo": "Servicios profesionales", "Direccion": "Calle 177 Sur #14-42", "Barrio": "", "Localidad": "Bosa", "Telefono": "", "WhatsApp": "", "Link WhatsApp": "", "Correo electronico": "", "Sitio web": "", "Instagram": "", "Facebook": "", "Presencia digital": "BAJA", "Score Contacto": 0, "Prioridad": "BAJA", "Fuente": "OpenStreetMap", "Distancia aprox. (km)": 12.56}}, {"type": "Feature", "geometry": {"type": "Point", "coordinates": [-74.199506, 4.590987]}, "properties": {"ID": "GYX-238EBFE7C9", "Nombre del negocio": "DEMO Inmobiliaria Bosa 270", "Categoria": "Inmobiliaria", "Grupo": "Servicios profesionales", "Direccion": "Calle 81 Sur #50-42", "Barrio": "", "Localidad": "Bosa", "Telefono": "", "WhatsApp": "", "Link WhatsApp": "", "Correo electronico": "", "Sitio web": "", "Instagram": "", "Facebook": "", "Presencia digital": "BAJA", "Score Contacto": 0, "Prioridad": "BAJA", "Fuente": "OpenStreetMap", "Distancia aprox. (km)": 13.73}}, {"type": "Feature", "geometry": {"type": "Point", "coordinates": [-74.17841, 4.613665]}, "properties": {"ID": "GYX-FA4B4712C8", "Nombre del negocio": "DEMO Inmobiliaria Bosa 310", "Categoria": "Inmobiliaria", "Grupo": "Servicios profesionales", "Direccion": "Calle 88 Sur #52-60", "Barrio": "", "Localidad": "Bosa", "Telefono": "", "WhatsApp": "", "Link WhatsApp": "", "Correo electronico": "", "Sitio web": "", "Instagram": "", "Facebook": "", "Presencia digital": "BAJA", "Score Contacto": 0, "Prioridad": "BAJA", "Fuente": "OpenStreetMap", "Distancia aprox. (km)": 11.5}}, {"type": "Feature", "geometry": {"type": "Point", "coordinates": [-74.205332, 4.618654]}, "properties": {"ID": "GYX-F8E95F1FC9", "Nombre del negocio": "DEMO Odontologia Bosa 140", "Categoria": "Odontologia", "Grupo": "Salud", "Direccion": "Calle 166 Sur #21-90", "Barrio": "", "Localidad": "Bosa", "Telefono": "", "WhatsApp": "", "Link WhatsApp": "", "Correo electronico": "", "Sitio web": "", "Instagram": "", "Facebook": "", "Presencia digital": "BAJA", "Score Contacto": 0, "Prioridad": "BAJA", "Fuente": "OpenStreetMap", "Distancia aprox. (km)": 14.54}}, {"type": "Feature", "geometry": {"type": "Point", "coordinates": [-74.190018, 4.613983]}, "properties": {"ID": "GYX-FD1D3B488F", "Nombre del negocio": "DEMO Odontologia Bosa 180", "Categoria": "Odontologia", "Grupo": "Salud", "Direccion": "Calle 114 Sur #39-33", "Barrio": "", "Localidad": "Bosa", "Telefono": "", "WhatsApp": "", "Link WhatsApp": "", "Correo electronico": "", "Sitio web": "", "Instagram": "", "Facebook": "", "Presencia digital": "BAJA", "Score Contacto": 0, "Prioridad": "BAJA", "Fuente": "OpenStreetMap", "Distancia aprox. (km)": 12.78}}, {"type": "Feature", "geometry": {"type": "Point", "coordinates": [-74.192772, 4.604341]}, "properties": {"ID": "GYX-9618A5B15E", "Nombre del negocio": "DEMO Odontologia Bosa 200", "Categoria": "Odontologia", "Grupo": "Salud", "Direccion": "Calle 78 Sur #20-58", "Barrio": "", "Localidad": "Bosa", "Telefono": "", "WhatsApp": "", "Link WhatsApp": "", "Correo electronico": "", "Sitio web": "", "Instagram": "", "Facebook": "", "Presencia digital": "BAJA", "Score Contacto": 0, "Prioridad": "BAJA", "Fuente": "OpenStreetMap", "Distancia aprox. (km)": 12.98}}, {"type": "Feature", "geometry": {"type": "Point", "coordinates": [-74.195531, 4.594314]}, "properties": {"ID": "GYX-E518336FD4", "Nombre del negocio": "DEMO Odontologia Bosa 240", "Categoria": "Odontologia", "Grupo": "Salud", "Direccion": "Calle 89 Sur #69-97", "Barrio": "", "Localidad": "Bosa", "Telefono": "", "WhatsApp": "", "Link WhatsApp": "", "Correo electronico": "", "Sitio web": "", "Instagram": "", "Facebook": "", "Presencia digital": "BAJA", "Score Contacto": 0, "Prioridad": "BAJA", "Fuente": "OpenStreetMap", "Distancia aprox. (km)": 13.28}}, {"type": "Feature", "geometry": {"type": "Point", "coordinates": [-74.097267, 4.712243]}, "properties": {"ID": "GYX-B07774EB0C", "Nombre del negocio": "DEMO Papeleria Engativa 015", "Categoria": "Papeleria", "Grupo": "Comercio", "Direccion": "Calle 59 Sur #26-76", "Barrio": "", "Localidad": "Engativa", "Telefono": "", "WhatsApp": "", "Link WhatsApp": "", "Correo electronico": "", "Sitio web": "", "Instagram": "", "Facebook": "", "Presencia digital": "BAJA", "Score Contacto": 0, "Prioridad": "BAJA", "Fuente": "OpenStreetMap", "Distancia aprox. (km)": 12.91}}, {"type": "Feature", "geometry": {"type": "Point", "coordinates": [-74.097165, 4.682245]}, "properties": {"ID": "GYX-C1A98F7ABD", "Nombre del negocio": "DEMO Papeleria Engativa 095", "Categoria": "Papeleria", "Grupo": "Comercio", "Direccion": "Calle 90 Sur #77-92", "Barrio": "", "Localidad": "Engativa", "Telefono": "", "WhatsApp": "", "Link WhatsApp": "", "Correo electronico": "", "Sitio web": "", "Instagram": "", "Facebook": "", "Presencia digital": "BAJA", "Score Contacto": 0, "Prioridad": "BAJA", "Fuente": "OpenStreetMap", "Distancia aprox. (km)": 9.65}}, {"type": "Feature", "geometry": {"type": "Point", "coordinates": [-74.094797, 4.708889]}, "properties": {"ID": "GYX-E6F564B254", "Nombre del negocio": "DEMO Papeleria Engativa 115", "Categoria": "Papeleria", "Grupo": "Comercio", "Direccion": "Calle 165 Sur #90-84", "Barrio": "", "Localidad": "Engativa", "Telefono": "", "WhatsApp": "", "Link WhatsApp": "", "Correo electronico": "", "Sitio web": "", "Instagram": "", "Facebook": "", "Presencia digital": "BAJA", "Score Contacto": 0, "Prioridad": "BAJA", "Fuente": "OpenStreetMap", "Distancia aprox. (km)": 12.5}}, {"type": "Feature", "geometry": {"type": "Point", "coordinates": [-74.104329, 4.697227]}, "properties": {"ID": "GYX-FC7E9061DD", "Nombre del negocio": "DEMO Papeleria Engativa 135", "Categoria": "Papeleria", "Grupo": "Comercio", "Direccion": "Calle 14 Sur #64-82", "Barrio": "", "Localidad": "Engativa", "Telefono": "", "WhatsApp": "", "Link WhatsApp": "", "Correo electronico": "", "Sitio web": "", "Instagram": "", "Facebook": "", "Presencia digital": "BAJA", "Score Contacto": 0, "Prioridad": "BAJA", "Fuente": "OpenStreetMap", "Distancia aprox. (km)": 11.47}}, {"type": "Feature", "geometry": {"type": "Point", "coordinates": [-74.121822, 4.699038]}, "properties": {"ID": "GYX-744A12F8A7", "Nombre del negocio": "DEMO Papeleria Engativa 195", "Categoria": "Papeleria", "Grupo": "Comercio", "Direccion": "Calle 116 Sur #87-26", "Barrio": "", "Localidad": "Engativa", "Telefono": "", "WhatsApp": "", "Link WhatsApp": "", "Correo electronico": "", "Sitio web": "", "Instagram": "", "Facebook": "", "Presencia digital": "BAJA", "Score Contacto": 0, "Prioridad": "BAJA", "Fuente": "OpenStreetMap", "Distancia aprox. (km)": 12.33}}, {"type": "Feature", "geometry": {"type": "Point", "coordinates": [-74.123421, 4.71616]}, "properties": {"ID": "GYX-049099441C", "Nombre del negocio": "DEMO Papeleria Engativa 215", "Categoria": "Papeleria", "Grupo": "Comercio", "Direccion": "Calle 76 Sur #1-66", "Barrio": "", "Localidad": "Engativa", "Telefono": "", "WhatsApp": "", "Link WhatsApp": "", "Correo electronico": "", "Sitio web": "", "Instagram": "", "Facebook": "", "Presencia digital": "BAJA", "Score Contacto": 0, "Prioridad": "BAJA", "Fuente": "OpenStreetMap", "Distancia aprox. (km)": 14.15}}, {"type": "Feature", "geometry": {"type": "Point", "coordinates": [-74.117981, 4.692191]}, "properties": {"ID": "GYX-8243B570CE", "Nombre del negocio": "DEMO Papeleria Engativa 295", "Categoria": "Papeleria", "Grupo": "Comercio", "Direccion": "Calle 155 Sur #3-24", "Barrio": "", "Localidad": "Engativa", "Telefono": "", "WhatsApp": "", "Link WhatsApp": "", "Correo electronico": "", "Sitio web": "", "Instagram": "", "Facebook": "", "Presencia digital": "BAJA", "Score Contacto": 0, "Prioridad": "BAJA", "Fuente": "OpenStreetMap", "Distancia aprox. (km)": 11.46}}, {"type": "Feature", "geometry": {"type": "Point", "coordinates": [-74.114585, 4.688555]}, "properties": {"ID": "GYX-ED682C6C7C", "Nombre del negocio": "DEMO Papeleria Engativa 335", "Categoria": "Papeleria", "Grupo": "Comercio", "Direccion": "Calle 105 Sur #79-83", "Barrio": "", "Localidad": "Engativa", "Telefono": "", "WhatsApp": "", "Link WhatsApp": "", "Correo electronico": "", "Sitio web": "", "Instagram": "", "Facebook": "", "Presencia digital": "BAJA", "Score Contacto": 0, "Prioridad": "BAJA", "Fuente": "OpenStreetMap", "Distancia aprox. (km)": 10.94}}, {"type": "Feature", "geometry": {"type": "Point", "coordinates": [-74.121321, 4.683279]}, "properties": {"ID": "GYX-C1C5B0F4FC", "Nombre del negocio": "DEMO Papeleria Engativa 355", "Categoria": "Papeleria", "Grupo": "Comercio", "Direccion": "Calle 10 Sur #37-66", "Barrio": "", "Localidad": "Engativa", "Telefono": "", "WhatsApp": "", "Link WhatsApp": "", "Correo electronico": "", "Sitio web": "", "Instagram": "", "Facebook": "", "Presencia digital": "BAJA", "Score Contacto": 0, "Prioridad": "BAJA", "Fuente": "OpenStreetMap", "Distancia aprox. (km)": 10.73}}, {"type": "Feature", "geometry": {"type": "Point", "coordinates": [-74.148958, 4.534342]}, "properties": {"ID": "GYX-DC980935A2", "Nombre del negocio": "DEMO Peluqueria Ciudad Bolivar 022", "Categoria": "Peluqueria", "Grupo": "Belleza", "Direccion": "Calle 39 Sur #23-28", "Barrio": "", "Localidad": "Ciudad Bolivar", "Telefono": "", "WhatsApp": "", "Link WhatsApp": "", "Correo electronico": "", "Sitio web": "", "Instagram": "", "Facebook": "", "Presencia digital": "BAJA", "Score Contacto": 0, "Prioridad": "BAJA", "Fuente": "OpenStreetMap", "Distancia aprox. (km)": 10.77}}, {"type": "Feature", "geometry": {"type": "Point", "coordinates": [-74.169378, 4.512978]}, "properties": {"ID": "GYX-B5CD8BDC54", "Nombre del negocio": "DEMO Peluqueria Ciudad Bolivar 042", "Categoria": "Peluqueria", "Grupo": "Belleza", "Direccion": "Calle 53 Sur #30-93", "Barrio": "", "Localidad": "Ciudad Bolivar", "Telefono": "", "WhatsApp": "", "Link WhatsApp": "", "Correo electronico": "", "Sitio web": "", "Instagram": "", "Facebook": "", "Presencia digital": "BAJA", "Score Contacto": 0, "Prioridad": "BAJA", "Fuente": "OpenStreetMap", "Distancia aprox. (km)": 14.04}}, {"type": "Feature", "geometry": {"type": "Point", "coordinates": [-74.140154, 4.526531]}, "properties": {"ID": "GYX-E945A2536A", "Nombre del negocio": "DEMO Peluqueria Ciudad Bolivar 122", "Categoria": "Peluqueria", "Grupo": "Belleza", "Direccion": "Calle 141 Sur #84-26", "Barrio": "", "Localidad": "Ciudad Bolivar", "Telefono": "", "WhatsApp": "", "Link WhatsApp": "", "Correo electronico": "", "Sitio web": "", "Instagram": "", "Facebook": "", "Presencia digital": "BAJA", "Score Contacto": 0, "Prioridad": "BAJA", "Fuente": "OpenStreetMap", "Distancia aprox. (km)": 10.69}}, {"type": "Feature", "geometry": {"type": "Point", "coordinates": [-74.161544, 4.533824]}, "properties": {"ID": "GYX-1BCD1421DB", "Nombre del negocio": "DEMO Peluqueria Ciudad Bolivar 282", "Categoria": "Peluqueria", "Grupo": "Belleza", "Direccion": "Calle 9 Sur #6-75", "Barrio": "", "Localidad": "Ciudad Bolivar", "Telefono": "", "WhatsApp": "", "Link WhatsApp": "", "Correo electronico": "", "Sitio web": "", "Instagram": "", "Facebook": "", "Presencia digital": "BAJA", "Score Contacto": 0, "Prioridad": "BAJA", "Fuente": "OpenStreetMap", "Distancia aprox. (km)": 11.89}}, {"type": "Feature", "geometry": {"type": "Point", "coordinates": [-74.156929, 4.533502]}, "properties": {"ID": "GYX-A47E213ACF", "Nombre del negocio": "DEMO Peluqueria Ciudad Bolivar 302", "Categoria": "Peluqueria", "Grupo": "Belleza", "Direccion": "Calle 12 Sur #51-32", "Barrio": "", "Localidad": "Ciudad Bolivar", "Telefono": "", "WhatsApp": "", "Link WhatsApp": "", "Correo electronico": "", "Sitio web": "", "Instagram": "", "Facebook": "", "Presencia digital": "BAJA", "Score Contacto": 0, "Prioridad": "BAJA", "Fuente": "OpenStreetMap", "Distancia aprox. (km)": 11.51}}, {"type": "Feature", "geometry": {"type": "Point", "coordinates": [-74.157668, 4.530876]}, "properties": {"ID": "GYX-10B9E92D57", "Nombre del negocio": "DEMO Peluqueria Ciudad Bolivar 362", "Categoria": "Peluqueria", "Grupo": "Belleza", "Direccion": "Calle 112 Sur #10-85", "Barrio": "", "Localidad": "Ciudad Bolivar", "Telefono": "", "WhatsApp": "", "Link WhatsApp": "", "Correo electronico": "", "Sitio web": "", "Instagram": "", "Facebook": "", "Presencia digital": "BAJA", "Score Contacto": 0, "Prioridad": "BAJA", "Fuente": "OpenStreetMap", "Distancia aprox. (km)": 11.76}}, {"type": "Feature", "geometry": {"type": "Point", "coordinates": [-74.108485, 4.628186]}, "properties": {"ID": "GYX-3BA85D4268", "Nombre del negocio": "DEMO Restaurante Puente Aranda 106", "Categoria": "Restaurante", "Grupo": "Alimentacion", "Direccion": "Calle 56 Sur #92-21", "Barrio": "", "Localidad": "Puente Aranda", "Telefono": "", "WhatsApp": "", "Link WhatsApp": "", "Correo electronico": "", "Sitio web": "", "Instagram": "", "Facebook": "", "Presencia digital": "BAJA", "Score Contacto": 0, "Prioridad": "BAJA", "Fuente": "OpenStreetMap", "Distancia aprox. (km)": 4.93}}, {"type": "Feature", "geometry": {"type": "Point", "coordinates": [-74.102479, 4.624381]}, "properties": {"ID": "GYX-7CC1E29831", "Nombre del negocio": "DEMO Restaurante Puente Aranda 126", "Categoria": "Restaurante", "Grupo": "Alimentacion", "Direccion": "Calle 24 Sur #86-80", "Barrio": "", "Localidad": "Puente Aranda", "Telefono": "", "WhatsApp": "", "Link WhatsApp": "", "Correo electronico": "", "Sitio web": "", "Instagram": "", "Facebook": "", "Presencia digital": "BAJA", "Score Contacto": 0, "Prioridad": "BAJA", "Fuente": "OpenStreetMap", "Distancia aprox. (km)": 4.16}}, {"type": "Feature", "geometry": {"type": "Point", "coordinates": [-74.122772, 4.607693]}, "properties": {"ID": "GYX-6EDF1B4530", "Nombre del negocio": "DEMO Restaurante Puente Aranda 146", "Categoria": "Restaurante", "Grupo": "Alimentacion", "Direccion": "Calle 180 Sur #38-56", "Barrio": "", "Localidad": "Puente Aranda", "Telefono": "", "WhatsApp": "", "Link WhatsApp": "", "Correo electronico": "", "Sitio web": "", "Instagram": "", "Facebook": "", "Presencia digital": "BAJA", "Score Contacto": 0, "Prioridad": "BAJA", "Fuente": "OpenStreetMap", "Distancia aprox. (km)": 5.31}}, {"type": "Feature", "geometry": {"type": "Point", "coordinates": [-74.105361, 4.635382]}, "properties": {"ID": "GYX-63CEDD0C9D", "Nombre del negocio": "DEMO Restaurante Puente Aranda 366", "Categoria": "Restaurante", "Grupo": "Alimentacion", "Direccion": "Calle 166 Sur #10-70", "Barrio": "", "Localidad": "Puente Aranda", "Telefono": "", "WhatsApp": "", "Link WhatsApp": "", "Correo electronico": "", "Sitio web": "", "Instagram": "", "Facebook": "", "Presencia digital": "BAJA", "Score Contacto": 0, "Prioridad": "BAJA", "Fuente": "OpenStreetMap", "Distancia aprox. (km)": 5.28}}, {"type": "Feature", "geometry": {"type": "Point", "coordinates": [-74.145694, 4.612581]}, "properties": {"ID": "GYX-987F044D93", "Nombre del negocio": "DEMO Veterinaria Kennedy 081", "Categoria": "Veterinaria", "Grupo": "Salud", "Direccion": "Calle 163 Sur #50-21", "Barrio": "", "Localidad": "Kennedy", "Telefono": "", "WhatsApp": "", "Link WhatsApp": "", "Correo electronico": "", "Sitio web": "", "Instagram": "", "Facebook": "", "Presencia digital": "BAJA", "Score Contacto": 0, "Prioridad": "BAJA", "Fuente": "OpenStreetMap", "Distancia aprox. (km)": 7.91}}, {"type": "Feature", "geometry": {"type": "Point", "coordinates": [-74.138936, 4.605172]}, "properties": {"ID": "GYX-DB58AF803E", "Nombre del negocio": "DEMO Veterinaria Kennedy 121", "Categoria": "Veterinaria", "Grupo": "Salud", "Direccion": "Calle 163 Sur #25-70", "Barrio": "", "Localidad": "Kennedy", "Telefono": "", "WhatsApp": "", "Link WhatsApp": "", "Correo electronico": "", "Sitio web": "", "Instagram": "", "Facebook": "", "Presencia digital": "BAJA", "Score Contacto": 0, "Prioridad": "BAJA", "Fuente": "OpenStreetMap", "Distancia aprox. (km)": 7.04}}, {"type": "Feature", "geometry": {"type": "Point", "coordinates": [-74.14231, 4.600401]}, "properties": {"ID": "GYX-8C655E0191", "Nombre del negocio": "DEMO Veterinaria Kennedy 161", "Categoria": "Veterinaria", "Grupo": "Salud", "Direccion": "Calle 134 Sur #53-17", "Barrio": "", "Localidad": "Kennedy", "Telefono": "", "WhatsApp": "", "Link WhatsApp": "", "Correo electronico": "", "Sitio web": "", "Instagram": "", "Facebook": "", "Presencia digital": "BAJA", "Score Contacto": 0, "Prioridad": "BAJA", "Fuente": "OpenStreetMap", "Distancia aprox. (km)": 7.38}}, {"type": "Feature", "geometry": {"type": "Point", "coordinates": [-74.139468, 4.628457]}, "properties": {"ID": "GYX-A3D98712C1", "Nombre del negocio": "DEMO Veterinaria Kennedy 241", "Categoria": "Veterinaria", "Grupo": "Salud", "Direccion": "Calle 166 Sur #40-93", "Barrio": "", "Localidad": "Kennedy", "Telefono": "", "WhatsApp": "", "Link WhatsApp": "", "Correo electronico": "", "Sitio web": "", "Instagram": "", "Facebook": "", "Presencia digital": "BAJA", "Score Contacto": 0, "Prioridad": "BAJA", "Fuente": "OpenStreetMap", "Distancia aprox. (km)": 7.82}}, {"type": "Feature", "geometry": {"type": "Point", "coordinates": [-74.148825, 4.616803]}, "properties": {"ID": "GYX-11DC726F9D", "Nombre del negocio": "DEMO Veterinaria Kennedy 361", "Categoria": "Veterinaria", "Grupo": "Salud", "Direccion": "Calle 77 Sur #85-93", "Barrio": "", "Localidad": "Kennedy", "Telefono": "", "WhatsApp": "", "Link WhatsApp": "", "Correo electronico": "", "Sitio web": "", "Instagram": "", "Facebook": "", "Presencia digital": "BAJA", "Score Contacto": 0, "Prioridad": "BAJA", "Fuente": "OpenStreetMap", "Distancia aprox. (km)": 8.36}}, {"type": "Feature", "geometry": {"type": "Point", "coordinates": [-74.124376, 4.555627]}, "properties": {"ID": "GYX-325A4C58D3", "Nombre del negocio": "DEMO Barberia Tunjuelito 143", "Categoria": "Barberia", "Grupo": "Belleza", "Direccion": "Calle 147 Sur #19-45", "Barrio": "", "Localidad": "Rafael Uribe Uribe", "Telefono": "", "WhatsApp": "", "Link WhatsApp": "", "Correo electronico": "", "Sitio web": "", "Instagram": "", "Facebook": "", "Presencia digital": "BAJA", "Score Contacto": 0, "Prioridad": "BAJA", "Fuente": "OpenStreetMap", "Distancia aprox. (km)": 7.16}}, {"type": "Feature", "geometry": {"type": "Point", "coordinates": [-74.128905, 4.558198]}, "properties": {"ID": "GYX-14155E30F7", "Nombre del negocio": "DEMO Barberia Tunjuelito 243", "Categoria": "Barberia", "Grupo": "Belleza", "Direccion": "Calle 67 Sur #78-56", "Barrio": "", "Localidad": "Rafael Uribe Uribe", "Telefono": "", "WhatsApp": "", "Link WhatsApp": "", "Correo electronico": "", "Sitio web": "", "Instagram": "", "Facebook": "", "Presencia digital": "BAJA", "Score Contacto": 0, "Prioridad": "BAJA", "Fuente": "OpenStreetMap", "Distancia aprox. (km)": 7.37}}, {"type": "Feature", "geometry": {"type": "Point", "coordinates": [-74.086601, 4.744519]}, "properties": {"ID": "GYX-1E24CFE7B0", "Nombre del negocio": "DEMO Cafeteria Suba 067", "Categoria": "Cafeteria", "Grupo": "Alimentacion", "Direccion": "Calle 158 Sur #6-43", "Barrio": "", "Localidad": "Suba", "Telefono": "", "WhatsApp": "", "Link WhatsApp": "", "Correo electronico": "", "Sitio web": "", "Instagram": "", "Facebook": "", "Presencia digital": "BAJA", "Score Contacto": 0, "Prioridad": "BAJA", "Fuente": "OpenStreetMap", "Distancia aprox. (km)": 16.33}}, {"type": "Feature", "geometry": {"type": "Point", "coordinates": [-74.095616, 4.757702]}, "properties": {"ID": "GYX-26EA621F89", "Nombre del negocio": "DEMO Cafeteria Suba 087", "Categoria": "Cafeteria", "Grupo": "Alimentacion", "Direccion": "Calle 34 Sur #63-46", "Barrio": "", "Localidad": "Suba", "Telefono": "", "WhatsApp": "", "Link WhatsApp": "", "Correo electronico": "", "Sitio web": "", "Instagram": "", "Facebook": "", "Presencia digital": "BAJA", "Score Contacto": 0, "Prioridad": "BAJA", "Fuente": "OpenStreetMap", "Distancia aprox. (km)": 17.88}}, {"type": "Feature", "geometry": {"type": "Point", "coordinates": [-74.077797, 4.765307]}, "properties": {"ID": "GYX-5589B00798", "Nombre del negocio": "DEMO Cafeteria Suba 127", "Categoria": "Cafeteria", "Grupo": "Alimentacion", "Direccion": "Calle 68 Sur #54-39", "Barrio": "", "Localidad": "Suba", "Telefono": "", "WhatsApp": "", "Link WhatsApp": "", "Correo electronico": "", "Sitio web": "", "Instagram": "", "Facebook": "", "Presencia digital": "BAJA", "Score Contacto": 0, "Prioridad": "BAJA", "Fuente": "OpenStreetMap", "Distancia aprox. (km)": 18.59}}, {"type": "Feature", "geometry": {"type": "Point", "coordinates": [-74.092134, 4.756724]}, "properties": {"ID": "GYX-04E990AF88", "Nombre del negocio": "DEMO Cafeteria Suba 187", "Categoria": "Cafeteria", "Grupo": "Alimentacion", "Direccion": "Calle 128 Sur #99-80", "Barrio": "", "Localidad": "Suba", "Telefono": "", "WhatsApp": "", "Link WhatsApp": "", "Correo electronico": "", "Sitio web": "", "Instagram": "", "Facebook": "", "Presencia digital": "BAJA", "Score Contacto": 0, "Prioridad": "BAJA", "Fuente": "OpenStreetMap", "Distancia aprox. (km)": 17.73}}, {"type": "Feature", "geometry": {"type": "Point", "coordinates": [-74.098734, 4.749359]}, "properties": {"ID": "GYX-51A4C3D14B", "Nombre del negocio": "DEMO Cafeteria Suba 227", "Categoria": "Cafeteria", "Grupo": "Alimentacion", "Direccion": "Calle 10 Sur #10-33", "Barrio": "", "Localidad": "Suba", "Telefono": "", "WhatsApp": "", "Link WhatsApp": "", "Correo electronico": "", "Sitio web": "", "Instagram": "", "Facebook": "", "Presencia digital": "BAJA", "Score Contacto": 0, "Prioridad": "BAJA", "Fuente": "OpenStreetMap", "Distancia aprox. (km)": 17.01}}, {"type": "Feature", "geometry": {"type": "Point", "coordinates": [-74.081191, 4.760283]}, "properties": {"ID": "GYX-09DA91F864", "Nombre del negocio": "DEMO Cafeteria Suba 307", "Categoria": "Cafeteria", "Grupo": "Alimentacion", "Direccion": "Calle 144 Sur #86-62", "Barrio": "", "Localidad": "Suba", "Telefono": "", "WhatsApp": "", "Link WhatsApp": "", "Correo electronico": "", "Sitio web": "", "Instagram": "", "Facebook": "", "Presencia digital": "BAJA", "Score Contacto": 0, "Prioridad": "BAJA", "Fuente": "OpenStreetMap", "Distancia aprox. (km)": 18.04}}, {"type": "Feature", "geometry": {"type": "Point", "coordinates": [-74.069777, 4.765492]}, "properties": {"ID": "GYX-7F3B8FAD31", "Nombre del negocio": "DEMO Cafeteria Suba 387", "Categoria": "Cafeteria", "Grupo": "Alimentacion", "Direccion": "Calle 63 Sur #83-16", "Barrio": "", "Localidad": "Suba", "Telefono": "", "WhatsApp": "", "Link WhatsApp": "", "Correo electronico": "", "Sitio web": "", "Instagram": "", "Facebook": "", "Presencia digital": "BAJA", "Score Contacto": 0, "Prioridad": "BAJA", "Fuente": "OpenStreetMap", "Distancia aprox. (km)": 18.63}}, {"type": "Feature", "geometry": {"type": "Point", "coordinates": [-74.042626, 4.638404]}, "properties": {"ID": "GYX-2A3D45F051", "Nombre del negocio": "DEMO Celulares Chapinero 119", "Categoria": "Tienda especializada", "Grupo": "Comercio", "Direccion": "Calle 101 Sur #66-25", "Barrio": "", "Localidad": "Santa Fe", "Telefono": "", "WhatsApp": "", "Link WhatsApp": "", "Correo electronico": "", "Sitio web": "", "Instagram": "", "Facebook": "", "Presencia digital": "BAJA", "Score Contacto": 0, "Prioridad": "BAJA", "Fuente": "OpenStreetMap", "Distancia aprox. (km)": 5.8}}, {"type": "Feature", "geometry": {"type": "Point", "coordinates": [-74.05986, 4.664487]}, "properties": {"ID": "GYX-2F6FA7F517", "Nombre del negocio": "DEMO Celulares Chapinero 219", "Categoria": "Tienda especializada", "Grupo": "Comercio", "Direccion": "Calle 25 Sur #25-77", "Barrio": "", "Localidad": "Barrios Unidos", "Telefono": "", "WhatsApp": "", "Link WhatsApp": "", "Correo electronico": "", "Sitio web": "", "Instagram": "", "Facebook": "", "Presencia digital": "BAJA", "Score Contacto": 0, "Prioridad": "BAJA", "Fuente": "OpenStreetMap", "Distancia aprox. (km)": 7.59}}, {"type": "Feature", "geometry": {"type": "Point", "coordinates": [-74.05837, 4.651053]}, "properties": {"ID": "GYX-B7FAD31EA1", "Nombre del negocio": "DEMO Celulares Chapinero 279", "Categoria": "Tienda especializada", "Grupo": "Comercio", "Direccion": "Calle 90 Sur #3-73", "Barrio": "", "Localidad": "Chapinero", "Telefono": "", "WhatsApp": "", "Link WhatsApp": "", "Correo electronico": "", "Sitio web": "", "Instagram": "", "Facebook": "", "Presencia digital": "BAJA", "Score Contacto": 0, "Prioridad": "BAJA", "Fuente": "OpenStreetMap", "Distancia aprox. (km)": 6.2}}, {"type": "Feature", "geometry": {"type": "Point", "coordinates": [-74.033871, 4.662107]}, "properties": {"ID": "GYX-46E68D6413", "Nombre del negocio": "DEMO Celulares Chapinero 399", "Categoria": "Tienda especializada", "Grupo": "Comercio", "Direccion": "Calle 43 Sur #96-40", "Barrio": "", "Localidad": "Chapinero", "Telefono": "", "WhatsApp": "", "Link WhatsApp": "", "Correo electronico": "", "Sitio web": "", "Instagram": "", "Facebook": "", "Presencia digital": "BAJA", "Score Contacto": 0, "Prioridad": "BAJA", "Fuente": "OpenStreetMap", "Distancia aprox. (km)": 8.5}}, {"type": "Feature", "geometry": {"type": "Point", "coordinates": [-74.048616, 4.635827]}, "properties": {"ID": "GYX-0CCC9F25BD", "Nombre del negocio": "DEMO Consultorio Chapinero 009", "Categoria": "Consultorio medico", "Grupo": "Salud", "Direccion": "Calle 157 Sur #73-50", "Barrio": "", "Localidad": "Santa Fe", "Telefono": "", "WhatsApp": "", "Link WhatsApp": "", "Correo electronico": "", "Sitio web": "", "Instagram": "", "Facebook": "", "Presencia digital": "BAJA", "Score Contacto": 0, "Prioridad": "BAJA", "Fuente": "OpenStreetMap", "Distancia aprox. (km)": 5.16}}, {"type": "Feature", "geometry": {"type": "Point", "coordinates": [-74.033543, 4.64689]}, "properties": {"ID": "GYX-0BDC2E0698", "Nombre del negocio": "DEMO Consultorio Chapinero 029", "Categoria": "Consultorio medico", "Grupo": "Salud", "Direccion": "Calle 67 Sur #52-29", "Barrio": "", "Localidad": "Chapinero", "Telefono": "", "WhatsApp": "", "Link WhatsApp": "", "Correo electronico": "", "Sitio web": "", "Instagram": "", "Facebook": "", "Presencia digital": "BAJA", "Score Contacto": 0, "Prioridad": "BAJA", "Fuente": "OpenStreetMap", "Distancia aprox. (km)": 7.17}}, {"type": "Feature", "geometry": {"type": "Point", "coordinates": [-74.069652, 4.649862]}, "properties": {"ID": "GYX-4A9F5BC6D2", "Nombre del negocio": "DEMO Consultorio Chapinero 069", "Categoria": "Consultorio medico", "Grupo": "Salud", "Direccion": "Calle 78 Sur #89-29", "Barrio": "", "Localidad": "Teusaquillo", "Telefono": "", "WhatsApp": "", "Link WhatsApp": "", "Correo electronico": "", "Sitio web": "", "Instagram": "", "Facebook": "", "Presencia digital": "BAJA", "Score Contacto": 0, "Prioridad": "BAJA", "Fuente": "OpenStreetMap", "Distancia aprox. (km)": 5.8}}, {"type": "Feature", "geometry": {"type": "Point", "coordinates": [-74.047985, 4.66452]}, "properties": {"ID": "GYX-8680229754", "Nombre del negocio": "DEMO Consultorio Chapinero 269", "Categoria": "Consultorio medico", "Grupo": "Salud", "Direccion": "Calle 107 Sur #75-27", "Barrio": "", "Localidad": "Chapinero", "Telefono": "", "WhatsApp": "", "Link WhatsApp": "", "Correo electronico": "", "Sitio web": "", "Instagram": "", "Facebook": "", "Presencia digital": "BAJA", "Score Contacto": 0, "Prioridad": "BAJA", "Fuente": "OpenStreetMap", "Distancia aprox. (km)": 8.0}}, {"type": "Feature", "geometry": {"type": "Point", "coordinates": [-74.035074, 4.668187]}, "properties": {"ID": "GYX-3D8DD7ED65", "Nombre del negocio": "DEMO Consultorio Chapinero 389", "Categoria": "Consultorio medico", "Grupo": "Salud", "Direccion": "Calle 139 Sur #84-16", "Barrio": "", "Localidad": "Chapinero", "Telefono": "", "WhatsApp": "", "Link WhatsApp": "", "Correo electronico": "", "Sitio web": "", "Instagram": "", "Facebook": "", "Presencia digital": "BAJA", "Score Contacto": 0, "Prioridad": "BAJA", "Fuente": "OpenStreetMap", "Distancia aprox. (km)": 9.01}}, {"type": "Feature", "geometry": {"type": "Point", "coordinates": [-74.091135, 4.612625]}, "properties": {"ID": "GYX-7F77D354CC", "Nombre del negocio": "DEMO Floristeria Puente Aranda 256", "Categoria": "Floristeria", "Grupo": "Comercio", "Direccion": "Calle 1 Sur #61-92", "Barrio": "", "Localidad": "Los Martires", "Telefono": "", "WhatsApp": "", "Link WhatsApp": "", "Correo electronico": "", "Sitio web": "", "Instagram": "", "Facebook": "", "Presencia digital": "BAJA", "Score Contacto": 0, "Prioridad": "BAJA", "Fuente": "OpenStreetMap", "Distancia aprox. (km)": 2.34}}, {"type": "Feature", "geometry": {"type": "Point", "coordinates": [-74.102765, 4.601225]}, "properties": {"ID": "GYX-B090D6305C", "Nombre del negocio": "DEMO Floristeria Puente Aranda 336", "Categoria": "Floristeria", "Grupo": "Comercio", "Direccion": "Calle 111 Sur #8-33", "Barrio": "", "Localidad": "Los Martires", "Telefono": "", "WhatsApp": "", "Link WhatsApp": "", "Correo electronico": "", "Sitio web": "", "Instagram": "", "Facebook": "", "Presencia digital": "BAJA", "Score Contacto": 0, "Prioridad": "BAJA", "Fuente": "OpenStreetMap", "Distancia aprox. (km)": 3.01}}, {"type": "Feature", "geometry": {"type": "Point", "coordinates": [-74.096609, 4.761986]}, "properties": {"ID": "GYX-74EFE8E7FB", "Nombre del negocio": "DEMO Minimercado Suba 017", "Categoria": "Minimercado", "Grupo": "Comercio", "Direccion": "Calle 170 Sur #16-59", "Barrio": "", "Localidad": "Suba", "Telefono": "", "WhatsApp": "", "Link WhatsApp": "", "Correo electronico": "", "Sitio web": "", "Instagram": "", "Facebook": "", "Presencia digital": "BAJA", "Score Contacto": 0, "Prioridad": "BAJA", "Fuente": "OpenStreetMap", "Distancia aprox. (km)": 18.37}}, {"type": "Feature", "geometry": {"type": "Point", "coordinates": [-74.099945, 4.761074]}, "properties": {"ID": "GYX-94AE4B766B", "Nombre del negocio": "DEMO Minimercado Suba 057", "Categoria": "Minimercado", "Grupo": "Comercio", "Direccion": "Calle 33 Sur #30-82", "Barrio": "", "Localidad": "Suba", "Telefono": "", "WhatsApp": "", "Link WhatsApp": "", "Correo electronico": "", "Sitio web": "", "Instagram": "", "Facebook": "", "Presencia digital": "BAJA", "Score Contacto": 0, "Prioridad": "BAJA", "Fuente": "OpenStreetMap", "Distancia aprox. (km)": 18.32}}, {"type": "Feature", "geometry": {"type": "Point", "coordinates": [-74.097726, 4.769145]}, "properties": {"ID": "GYX-1CD8B275D5", "Nombre del negocio": "DEMO Minimercado Suba 157", "Categoria": "Minimercado", "Grupo": "Comercio", "Direccion": "Calle 172 Sur #28-81", "Barrio": "", "Localidad": "Suba", "Telefono": "", "WhatsApp": "", "Link WhatsApp": "", "Correo electronico": "", "Sitio web": "", "Instagram": "", "Facebook": "", "Presencia digital": "BAJA", "Score Contacto": 0, "Prioridad": "BAJA", "Fuente": "OpenStreetMap", "Distancia aprox. (km)": 19.17}}, {"type": "Feature", "geometry": {"type": "Point", "coordinates": [-74.07557, 4.7381]}, "properties": {"ID": "GYX-C11B0DDE4B", "Nombre del negocio": "DEMO Minimercado Suba 177", "Categoria": "Minimercado", "Grupo": "Comercio", "Direccion": "Calle 71 Sur #67-22", "Barrio": "", "Localidad": "Suba", "Telefono": "", "WhatsApp": "", "Link WhatsApp": "", "Correo electronico": "", "Sitio web": "", "Instagram": "", "Facebook": "", "Presencia digital": "BAJA", "Score Contacto": 0, "Prioridad": "BAJA", "Fuente": "OpenStreetMap", "Distancia aprox. (km)": 15.57}}, {"type": "Feature", "geometry": {"type": "Point", "coordinates": [-74.080771, 4.768112]}, "properties": {"ID": "GYX-361837FAF0", "Nombre del negocio": "DEMO Minimercado Suba 217", "Categoria": "Minimercado", "Grupo": "Comercio", "Direccion": "Calle 166 Sur #18-48", "Barrio": "", "Localidad": "Suba", "Telefono": "", "WhatsApp": "", "Link WhatsApp": "", "Correo electronico": "", "Sitio web": "", "Instagram": "", "Facebook": "", "Presencia digital": "BAJA", "Score Contacto": 0, "Prioridad": "BAJA", "Fuente": "OpenStreetMap", "Distancia aprox. (km)": 18.91}}, {"type": "Feature", "geometry": {"type": "Point", "coordinates": [-74.092473, 4.735467]}, "properties": {"ID": "GYX-0458813940", "Nombre del negocio": "DEMO Minimercado Suba 237", "Categoria": "Minimercado", "Grupo": "Comercio", "Direccion": "Calle 138 Sur #83-11", "Barrio": "", "Localidad": "Suba", "Telefono": "", "WhatsApp": "", "Link WhatsApp": "", "Correo electronico": "", "Sitio web": "", "Instagram": "", "Facebook": "", "Presencia digital": "BAJA", "Score Contacto": 0, "Prioridad": "BAJA", "Fuente": "OpenStreetMap", "Distancia aprox. (km)": 15.39}}, {"type": "Feature", "geometry": {"type": "Point", "coordinates": [-74.071513, 4.745153]}, "properties": {"ID": "GYX-3E3DC043C2", "Nombre del negocio": "DEMO Minimercado Suba 257", "Categoria": "Minimercado", "Grupo": "Comercio", "Direccion": "Calle 101 Sur #68-44", "Barrio": "", "Localidad": "Suba", "Telefono": "", "WhatsApp": "", "Link WhatsApp": "", "Correo electronico": "", "Sitio web": "", "Instagram": "", "Facebook": "", "Presencia digital": "BAJA", "Score Contacto": 0, "Prioridad": "BAJA", "Fuente": "OpenStreetMap", "Distancia aprox. (km)": 16.36}}, {"type": "Feature", "geometry": {"type": "Point", "coordinates": [-74.082285, 4.733789]}, "properties": {"ID": "GYX-2044179EE4", "Nombre del negocio": "DEMO Minimercado Suba 337", "Categoria": "Minimercado", "Grupo": "Comercio", "Direccion": "Calle 168 Sur #84-70", "Barrio": "", "Localidad": "Suba", "Telefono": "", "WhatsApp": "", "Link WhatsApp": "", "Correo electronico": "", "Sitio web": "", "Instagram": "", "Facebook": "", "Presencia digital": "BAJA", "Score Contacto": 0, "Prioridad": "BAJA", "Fuente": "OpenStreetMap", "Distancia aprox. (km)": 15.11}}, {"type": "Feature", "geometry": {"type": "Point", "coordinates": [-74.047387, 4.73786]}, "properties": {"ID": "GYX-2916E6FA81", "Nombre del negocio": "DEMO Panaderia Usaquen 068", "Categoria": "Panaderia", "Grupo": "Alimentacion", "Direccion": "Calle 60 Sur #14-70", "Barrio": "", "Localidad": "Usaquen", "Telefono": "", "WhatsApp": "", "Link WhatsApp": "", "Correo electronico": "", "Sitio web": "", "Instagram": "", "Facebook": "", "Presencia digital": "BAJA", "Score Contacto": 0, "Prioridad": "BAJA", "Fuente": "OpenStreetMap", "Distancia aprox. (km)": 15.86}}, {"type": "Feature", "geometry": {"type": "Point", "coordinates": [-74.019328, 4.737548]}, "properties": {"ID": "GYX-13AA681E86", "Nombre del negocio": "DEMO Panaderia Usaquen 108", "Categoria": "Panaderia", "Grupo": "Alimentacion", "Direccion": "Calle 126 Sur #90-81", "Barrio": "", "Localidad": "Usaquen", "Telefono": "", "WhatsApp": "", "Link WhatsApp": "", "Correo electronico": "", "Sitio web": "", "Instagram": "", "Facebook": "", "Presencia digital": "BAJA", "Score Contacto": 0, "Prioridad": "BAJA", "Fuente": "OpenStreetMap", "Distancia aprox. (km)": 16.72}}, {"type": "Feature", "geometry": {"type": "Point", "coordinates": [-74.026016, 4.706585]}, "properties": {"ID": "GYX-11803A78C6", "Nombre del negocio": "DEMO Panaderia Usaquen 128", "Categoria": "Panaderia", "Grupo": "Alimentacion", "Direccion": "Calle 2 Sur #21-51", "Barrio": "", "Localidad": "Chapinero", "Telefono": "", "WhatsApp": "", "Link WhatsApp": "", "Correo electronico": "", "Sitio web": "", "Instagram": "", "Facebook": "", "Presencia digital": "BAJA", "Score Contacto": 0, "Prioridad": "BAJA", "Fuente": "OpenStreetMap", "Distancia aprox. (km)": 13.26}}, {"type": "Feature", "geometry": {"type": "Point", "coordinates": [-74.041457, 4.723468]}, "properties": {"ID": "GYX-4FF96B2640", "Nombre del negocio": "DEMO Panaderia Usaquen 148", "Categoria": "Panaderia", "Grupo": "Alimentacion", "Direccion": "Calle 72 Sur #55-22", "Barrio": "", "Localidad": "Usaquen", "Telefono": "", "WhatsApp": "", "Link WhatsApp": "", "Correo electronico": "", "Sitio web": "", "Instagram": "", "Facebook": "", "Presencia digital": "BAJA", "Score Contacto": 0, "Prioridad": "BAJA", "Fuente": "OpenStreetMap", "Distancia aprox. (km)": 14.45}}, {"type": "Feature", "geometry": {"type": "Point", "coordinates": [-74.019145, 4.710389]}, "properties": {"ID": "GYX-4CBFAB6F78", "Nombre del negocio": "DEMO Panaderia Usaquen 308", "Categoria": "Panaderia", "Grupo": "Alimentacion", "Direccion": "Calle 11 Sur #69-99", "Barrio": "", "Localidad": "Chapinero", "Telefono": "", "WhatsApp": "", "Link WhatsApp": "", "Correo electronico": "", "Sitio web": "", "Instagram": "", "Facebook": "", "Presencia digital": "BAJA", "Score Contacto": 0, "Prioridad": "BAJA", "Fuente": "OpenStreetMap", "Distancia aprox. (km)": 13.98}}, {"type": "Feature", "geometry": {"type": "Point", "coordinates": [-74.099719, 4.636053]}, "properties": {"ID": "GYX-EFDEBAB52D", "Nombre del negocio": "DEMO Restaurante Puente Aranda 266", "Categoria": "Restaurante", "Grupo": "Alimentacion", "Direccion": "Calle 7 Sur #14-85", "Barrio": "", "Localidad": "Teusaquillo", "Telefono": "", "WhatsApp": "", "Link WhatsApp": "", "Correo electronico": "", "Sitio web": "", "Instagram": "", "Facebook": "", "Presencia digital": "BAJA", "Score Contacto": 0, "Prioridad": "BAJA", "Fuente": "OpenStreetMap", "Distancia aprox. (km)": 4.98}}, {"type": "Feature", "geometry": {"type": "Point", "coordinates": [-74.091456, 4.615421]}, "properties": {"ID": "GYX-02E112FF67", "Nombre del negocio": "DEMO Restaurante Puente Aranda 306", "Categoria": "Restaurante", "Grupo": "Alimentacion", "Direccion": "Calle 69 Sur #15-36", "Barrio": "", "Localidad": "Los Martires", "Telefono": "", "WhatsApp": "", "Link WhatsApp": "", "Correo electronico": "", "Sitio web": "", "Instagram": "", "Facebook": "", "Presencia digital": "BAJA", "Score Contacto": 0, "Prioridad": "BAJA", "Fuente": "OpenStreetMap", "Distancia aprox. (km)": 2.59}}, {"type": "Feature", "geometry": {"type": "Point", "coordinates": [-74.014288, 4.70621]}, "properties": {"ID": "GYX-36256C69CF", "Nombre del negocio": "DEMO Ropa Usaquen 038", "Categoria": "Tienda de ropa", "Grupo": "Comercio", "Direccion": "Calle 153 Sur #50-51", "Barrio": "", "Localidad": "Chapinero", "Telefono": "", "WhatsApp": "", "Link WhatsApp": "", "Correo electronico": "", "Sitio web": "", "Instagram": "", "Facebook": "", "Presencia digital": "BAJA", "Score Contacto": 0, "Prioridad": "BAJA", "Fuente": "OpenStreetMap", "Distancia aprox. (km)": 13.82}}, {"type": "Feature", "geometry": {"type": "Point", "coordinates": [-74.016114, 4.713928]}, "properties": {"ID": "GYX-E6E1624BB0", "Nombre del negocio": "DEMO Ropa Usaquen 118", "Categoria": "Tienda de ropa", "Grupo": "Comercio", "Direccion": "Calle 117 Sur #70-36", "Barrio": "", "Localidad": "Usaquen", "Telefono": "", "WhatsApp": "", "Link WhatsApp": "", "Correo electronico": "", "Sitio web": "", "Instagram": "", "Facebook": "", "Presencia digital": "BAJA", "Score Contacto": 0, "Prioridad": "BAJA", "Fuente": "OpenStreetMap", "Distancia aprox. (km)": 14.48}}, {"type": "Feature", "geometry": {"type": "Point", "coordinates": [-74.015167, 4.705091]}, "properties": {"ID": "GYX-37FD5B49DC", "Nombre del negocio": "DEMO Ropa Usaquen 178", "Categoria": "Tienda de ropa", "Grupo": "Comercio", "Direccion": "Calle 2 Sur #53-80", "Barrio": "", "Localidad": "Chapinero", "Telefono": "", "WhatsApp": "", "Link WhatsApp": "", "Correo electronico": "", "Sitio web": "", "Instagram": "", "Facebook": "", "Presencia digital": "BAJA", "Score Contacto": 0, "Prioridad": "BAJA", "Fuente": "OpenStreetMap", "Distancia aprox. (km)": 13.66}}, {"type": "Feature", "geometry": {"type": "Point", "coordinates": [-74.01365, 4.710597]}, "properties": {"ID": "GYX-F1300E317C", "Nombre del negocio": "DEMO Ropa Usaquen 258", "Categoria": "Tienda de ropa", "Grupo": "Comercio", "Direccion": "Calle 122 Sur #93-54", "Barrio": "", "Localidad": "Chapinero", "Telefono": "", "WhatsApp": "", "Link WhatsApp": "", "Correo electronico": "", "Sitio web": "", "Instagram": "", "Facebook": "", "Presencia digital": "BAJA", "Score Contacto": 0, "Prioridad": "BAJA", "Fuente": "OpenStreetMap", "Distancia aprox. (km)": 14.28}}, {"type": "Feature", "geometry": {"type": "Point", "coordinates": [-74.040769, 4.700837]}, "properties": {"ID": "GYX-28AE1C1B08", "Nombre del negocio": "DEMO Ropa Usaquen 338", "Categoria": "Tienda de ropa", "Grupo": "Comercio", "Direccion": "Calle 92 Sur #43-10", "Barrio": "", "Localidad": "Chapinero", "Telefono": "", "WhatsApp": "", "Link WhatsApp": "", "Correo electronico": "", "Sitio web": "", "Instagram": "", "Facebook": "", "Presencia digital": "BAJA", "Score Contacto": 0, "Prioridad": "BAJA", "Fuente": "OpenStreetMap", "Distancia aprox. (km)": 12.07}}, {"type": "Feature", "geometry": {"type": "Point", "coordinates": [-74.023642, 4.702998]}, "properties": {"ID": "GYX-0ABD24AD80", "Nombre del negocio": "DEMO Ropa Usaquen 378", "Categoria": "Tienda de ropa", "Grupo": "Comercio", "Direccion": "Calle 160 Sur #50-65", "Barrio": "", "Localidad": "Chapinero", "Telefono": "", "WhatsApp": "", "Link WhatsApp": "", "Correo electronico": "", "Sitio web": "", "Instagram": "", "Facebook": "", "Presencia digital": "BAJA", "Score Contacto": 0, "Prioridad": "BAJA", "Fuente": "OpenStreetMap", "Distancia aprox. (km)": 13.02}}]}